{
  "input": {
    "max": 1.6231072597546334,
    "method": "minmax",
    "min": -0.4389114584864837
  },
  "target": {
    "max": 5.002603634133534,
    "method": "minmax",
    "min": -1.2874700995338733
  }
}