{
  "val_mae": 0.8199681639671326,
  "val_rmse": 1.0236961841583252,
  "val_r2": 0.9036703705787659,
  "val_enc_self_entropy": 1.9117763042449951,
  "val_dec_self_entropy": 0.0,
  "val_dec_cross_entropy": 1.71136474609375,
  "val_loss": 1.054561972618103,
  "train_mae": 0.8022336363792419,
  "train_rmse": 1.0125683546066284,
  "train_r2": 0.8967481851577759,
  "train_enc_self_entropy": 1.901336669921875,
  "train_dec_self_entropy": 0.0,
  "train_dec_cross_entropy": 1.7304368019104004,
  "train_loss": 1.0352966785430908,
  "test_mae": 0.8115153908729553,
  "test_rmse": 1.022400140762329,
  "test_r2": 0.9067840576171875,
  "test_enc_self_entropy": 1.8922463655471802,
  "test_dec_self_entropy": 0.0,
  "test_dec_cross_entropy": 1.711337685585022,
  "test_loss": 1.0552079677581787,
  "best_epoch": 93,
  "best_checkpoint_path": "C:\\Users\\ScipioneFrancesco\\Documents\\Projects\\causaliT\\experiments\\example\\k_0\\checkpoints\\best_checkpoint.ckpt"
}