22 code cells

===== cell 0 =====

===== cell 1 =====
101 checkpoints, epochs 0..999
data: torch.Size([5000, 2, 2]) torch.Size([5000, 18, 2])

===== cell 2 =====
epoch    9: alignment mean=+0.4544 min=+0.2236 | parent mass=0.222 | mean M=1.000
epoch  199: alignment mean=+0.4274 min=+0.1393 | parent mass=0.315 | mean M=1.007
epoch  499: alignment mean=+0.1652 min=-0.2330 | parent mass=0.312 | mean M=1.034
epoch  999: alignment mean=+0.1433 min=-0.2605 | parent mass=0.356 | mean M=1.021

===== cell 3 =====

===== cell 4 =====
Gradient routing parameter classification:
  Structural:        3 tensors, 900 params (1.4%)
  Reconstruction:  174 tensors, 65,420 params (98.6%)

  Structural parameters:
    theta_S: attention.inner_attention.query_norm_log_scale
    theta_S: query_embed_X.embedding.weight
    theta_S: query_embed_S.embedding.weight

  Reconstruction parameters:
    theta_R: embedding_S.embed_modules_list.0.embedding.mlps.0.0.weight
    theta_R: embedding_S.embed_modules_list.0.embedding.mlps.0.0.bias
    theta_R: embedding_S.embed_modules_list.0.embedding.mlps.0.3.weight
    theta_R: embedding_S.embed_modules_list.0.embedding.mlps.0.3.bias
    theta_R: embedding_S.embed_modules_list.0.embedding.mlps.1.0.weight
    theta_R: embedding_S.embed_modules_list.0.embedding.mlps.1.0.bias
    theta_R: embedding_S.embed_modules_list.0.embedding.mlps.1.3.weight
    theta_R: embedding_S.embed_modules_list.0.embedding.mlps.1.3.bias
    theta_R: embedding_S.embed_modules_list.1.embedding.embedding.weight
    theta_R: embedding_X.embed_modules_list.0.embedding.mlps.0.0.weight
    theta_R: embedding_X.embed_modules_list.0.embedding.mlps.0.0.bias
    theta_R: embedding_X.embed_modules_list.0.embedding.mlps.0.3.weight
    theta_R: embedding_X.embed_modules_list.0.embedding.mlps.0.3.bias
    theta_R: embedding_X.embed_modules_list.0.embedding.mlps.1.0.weight
    theta_R: embedding_X.embed_modules_list.0.embedding.mlps.1.0.bias
    theta_R: embedding_X.embed_modules_list.0.embedding.mlps.1.3.weight
    theta_R: embedding_X.embed_modules_list.0.embedding.mlps.1.3.bias
    theta_R: embedding_X.embed_modules_list.0.embedding.mlps.2.0.weight
    theta_R: embedding_X.embed_modules_list.0.embedding.mlps.2.0.bias
    theta_R: embedding_X.embed_modules_list.0.embedding.mlps.2.3.weight
    theta_R: embedding_X.embed_modules_list.0.embedding.mlps.2.3.bias
    theta_R: embedding_X.embed_modules_list.0.embedding.mlps.3.0.weight
    theta_R: embedding_X.embed_modules_list.0.embedding.mlps.3.0.bias
    theta_R: embedding_X.embed_modules_list.0.embedding.mlps.3.3.weight
    theta_R: embedding_X.embed_modules_list.0.embedding.mlps.3.3.bias
    theta_R: embedding_X.embed_modules_list.0.embedding.mlps.4.0.weight
    theta_R: embedding_X.embed_modules_list.0.embedding.mlps.4.0.bias
    theta_R: embedding_X.embed_modules_list.0.embedding.mlps.4.3.weight
    theta_R: embedding_X.embed_modules_list.0.embedding.mlps.4.3.bias
    theta_R: embedding_X.embed_modules_list.0.embedding.mlps.5.0.weight
    theta_R: embedding_X.embed_modules_list.0.embedding.mlps.5.0.bias
    theta_R: embedding_X.embed_modules_list.0.embedding.mlps.5.3.weight
    theta_R: embedding_X.embed_modules_list.0.embedding.mlps.5.3.bias
    theta_R: embedding_X.embed_modules_list.0.embedding.mlps.6.0.weight
    theta_R: embedding_X.embed_modules_list.0.embedding.mlps.6.0.bias
    theta_R: embedding_X.embed_modules_list.0.embedding.mlps.6.3.weight
    theta_R: embedding_X.embed_modules_list.0.embedding.mlps.6.3.bias
    theta_R: embedding_X.embed_modules_list.0.embedding.mlps.7.0.weight
    theta_R: embedding_X.embed_modules_list.0.embedding.mlps.7.0.bias
    theta_R: embedding_X.embed_modules_list.0.embedding.mlps.7.3.weight
    theta_R: embedding_X.embed_modules_list.0.embedding.mlps.7.3.bias
    theta_R: embedding_X.embed_modules_list.0.embedding.mlps.8.0.weight
    theta_R: embedding_X.embed_modules_list.0.embedding.mlps.8.0.bias
    theta_R: embedding_X.embed_modules_list.0.embedding.mlps.8.3.weight
    theta_R: embedding_X.embed_modules_list.0.embedding.mlps.8.3.bias
    theta_R: embedding_X.embed_modules_list.0.embedding.mlps.9.0.weight
    theta_R: embedding_X.embed_modules_list.0.embedding.mlps.9.0.bias
    theta_R: embedding_X.embed_modules_list.0.embedding.mlps.9.3.weight
    theta_R: embedding_X.embed_modules_list.0.embedding.mlps.9.3.bias
    theta_R: embedding_X.embed_modules_list.0.embedding.mlps.10.0.weight
    theta_R: embedding_X.embed_modules_list.0.embedding.mlps.10.0.bias
    theta_R: embedding_X.embed_modules_list.0.embedding.mlps.10.3.weight
    theta_R: embedding_X.embed_modules_list.0.embedding.mlps.10.3.bias
    theta_R: embedding_X.embed_modules_list.0.embedding.mlps.11.0.weight
    theta_R: embedding_X.embed_modules_list.0.embedding.mlps.11.0.bias
    theta_R: embedding_X.embed_modules_list.0.embedding.mlps.11.3.weight
    theta_R: embedding_X.embed_modules_list.0.embedding.mlps.11.3.bias
    theta_R: embedding_X.embed_modules_list.0.embedding.mlps.12.0.weight
    theta_R: embedding_X.embed_modules_list.0.embedding.mlps.12.0.bias
    theta_R: embedding_X.embed_modules_list.0.embedding.mlps.12.3.weight
    theta_R: embedding_X.embed_modules_list.0.embedding.mlps.12.3.bias
    theta_R: embedding_X.embed_modules_list.0.embedding.mlps.13.0.weight
    theta_R: embedding_X.embed_modules_list.0.embedding.mlps.13.0.bias
    theta_R: embedding_X.embed_modules_list.0.embedding.mlps.13.3.weight
    theta_R: embedding_X.embed_modules_list.0.embedding.mlps.13.3.bias
    theta_R: embedding_X.embed_modules_list.0.embedding.mlps.14.0.weight
    theta_R: embedding_X.embed_modules_list.0.embedding.mlps.14.0.bias
    theta_R: embedding_X.embed_modules_list.0.embedding.mlps.14.3.weight
    theta_R: embedding_X.embed_modules_list.0.embedding.mlps.14.3.bias
    theta_R: embedding_X.embed_modules_list.0.embedding.mlps.15.0.weight
    theta_R: embedding_X.embed_modules_list.0.embedding.mlps.15.0.bias
    theta_R: embedding_X.embed_modules_list.0.embedding.mlps.15.3.weight
    theta_R: embedding_X.embed_modules_list.0.embedding.mlps.15.3.bias
    theta_R: embedding_X.embed_modules_list.0.embedding.mlps.16.0.weight
    theta_R: embedding_X.embed_modules_list.0.embedding.mlps.16.0.bias
    theta_R: embedding_X.embed_modules_list.0.embedding.mlps.16.3.weight
    theta_R: embedding_X.embed_modules_list.0.embedding.mlps.16.3.bias
    theta_R: embedding_X.embed_modules_list.0.embedding.mlps.17.0.weight
    theta_R: embedding_X.embed_modules_list.0.embedding.mlps.17.0.bias
    theta_R: embedding_X.embed_modules_list.0.embedding.mlps.17.3.weight
    theta_R: embedding_X.embed_modules_list.0.embedding.mlps.17.3.bias
    theta_R: embedding_X.embed_modules_list.1.embedding.embedding.weight
    theta_R: attention.value_projection.weight
    theta_R: attention.value_projection.bias
    theta_R: attention.out_projection.weight
    theta_R: attention.out_projection.bias
    theta_R: norm1.norm.weight
    theta_R: norm1.norm.bias
    theta_R: norm2.norm.weight
    theta_R: norm2.norm.bias
    theta_R: linear1.weight
    theta_R: linear1.bias
    theta_R: linear2.weight
    theta_R: linear2.bias
    theta_R: forecaster.mlps.0.0.weight
    theta_R: forecaster.mlps.0.0.bias
    theta_R: forecaster.mlps.0.3.weight
    theta_R: forecaster.mlps.0.3.bias
    theta_R: forecaster.mlps.1.0.weight
    theta_R: forecaster.mlps.1.0.bias
    theta_R: forecaster.mlps.1.3.weight
    theta_R: forecaster.mlps.1.3.bias
    theta_R: forecaster.mlps.2.0.weight
    theta_R: forecaster.mlps.2.0.bias
    theta_R: forecaster.mlps.2.3.weight
    theta_R: forecaster.mlps.2.3.bias
    theta_R: forecaster.mlps.3.0.weight
    theta_R: forecaster.mlps.3.0.bias
    theta_R: forecaster.mlps.3.3.weight
    theta_R: forecaster.mlps.3.3.bias
    theta_R: forecaster.mlps.4.0.weight
    theta_R: forecaster.mlps.4.0.bias
    theta_R: forecaster.mlps.4.3.weight
    theta_R: forecaster.mlps.4.3.bias
    theta_R: forecaster.mlps.5.0.weight
    theta_R: forecaster.mlps.5.0.bias
    theta_R: forecaster.mlps.5.3.weight
    theta_R: forecaster.mlps.5.3.bias
    theta_R: forecaster.mlps.6.0.weight
    theta_R: forecaster.mlps.6.0.bias
    theta_R: forecaster.mlps.6.3.weight
    theta_R: forecaster.mlps.6.3.bias
    theta_R: forecaster.mlps.7.0.weight
    theta_R: forecaster.mlps.7.0.bias
    theta_R: forecaster.mlps.7.3.weight
    theta_R: forecaster.mlps.7.3.bias
    theta_R: forecaster.mlps.8.0.weight
    theta_R: forecaster.mlps.8.0.bias
    theta_R: forecaster.mlps.8.3.weight
    theta_R: forecaster.mlps.8.3.bias
    theta_R: forecaster.mlps.9.0.weight
    theta_R: forecaster.mlps.9.0.bias
    theta_R: forecaster.mlps.9.3.weight
    theta_R: forecaster.mlps.9.3.bias
    theta_R: forecaster.mlps.10.0.weight
    theta_R: forecaster.mlps.10.0.bias
    theta_R: forecaster.mlps.10.3.weight
    theta_R: forecaster.mlps.10.3.bias
    theta_R: forecaster.mlps.11.0.weight
    theta_R: forecaster.mlps.11.0.bias
    theta_R: forecaster.mlps.11.3.weight
    theta_R: forecaster.mlps.11.3.bias
    theta_R: forecaster.mlps.12.0.weight
    theta_R: forecaster.mlps.12.0.bias
    theta_R: forecaster.mlps.12.3.weight
    theta_R: forecaster.mlps.12.3.bias
    theta_R: forecaster.mlps.13.0.weight
    theta_R: forecaster.mlps.13.0.bias
    theta_R: forecaster.mlps.13.3.weight
    theta_R: forecaster.mlps.13.3.bias
    theta_R: forecaster.mlps.14.0.weight
    theta_R: forecaster.mlps.14.0.bias
    theta_R: forecaster.mlps.14.3.weight
    theta_R: forecaster.mlps.14.3.bias
    theta_R: forecaster.mlps.15.0.weight
    theta_R: forecaster.mlps.15.0.bias
    theta_R: forecaster.mlps.15.3.weight
    theta_R: forecaster.mlps.15.3.bias
    theta_R: forecaster.mlps.16.0.weight
    theta_R: forecaster.mlps.16.0.bias
    theta_R: forecaster.mlps.16.3.weight
    theta_R: forecaster.mlps.16.3.bias
    theta_R: forecaster.mlps.17.0.weight
    theta_R: forecaster.mlps.17.0.bias
    theta_R: forecaster.mlps.17.3.weight
    theta_R: forecaster.mlps.17.3.bias
    theta_R: forecaster.mlps.18.0.weight
    theta_R: forecaster.mlps.18.0.bias
    theta_R: forecaster.mlps.18.3.weight
    theta_R: forecaster.mlps.18.3.bias
    theta_R: forecaster.mlps.19.0.weight
    theta_R: forecaster.mlps.19.0.bias
    theta_R: forecaster.mlps.19.3.weight
    theta_R: forecaster.mlps.19.3.bias
epoch 49: grads (8, 20, 40), mean |g| = 2.17e-02
Gradient routing parameter classification:
  Structural:        3 tensors, 900 params (1.4%)
  Reconstruction:  174 tensors, 65,420 params (98.6%)

  Structural parameters:
    theta_S: attention.inner_attention.query_norm_log_scale
    theta_S: query_embed_X.embedding.weight
    theta_S: query_embed_S.embedding.weight

  Reconstruction parameters:
    theta_R: embedding_S.embed_modules_list.0.embedding.mlps.0.0.weight
    theta_R: embedding_S.embed_modules_list.0.embedding.mlps.0.0.bias
    theta_R: embedding_S.embed_modules_list.0.embedding.mlps.0.3.weight
    theta_R: embedding_S.embed_modules_list.0.embedding.mlps.0.3.bias
    theta_R: embedding_S.embed_modules_list.0.embedding.mlps.1.0.weight
    theta_R: embedding_S.embed_modules_list.0.embedding.mlps.1.0.bias
    theta_R: embedding_S.embed_modules_list.0.embedding.mlps.1.3.weight
    theta_R: embedding_S.embed_modules_list.0.embedding.mlps.1.3.bias
    theta_R: embedding_S.embed_modules_list.1.embedding.embedding.weight
    theta_R: embedding_X.embed_modules_list.0.embedding.mlps.0.0.weight
    theta_R: embedding_X.embed_modules_list.0.embedding.mlps.0.0.bias
    theta_R: embedding_X.embed_modules_list.0.embedding.mlps.0.3.weight
    theta_R: embedding_X.embed_modules_list.0.embedding.mlps.0.3.bias
    theta_R: embedding_X.embed_modules_list.0.embedding.mlps.1.0.weight
    theta_R: embedding_X.embed_modules_list.0.embedding.mlps.1.0.bias
    theta_R: embedding_X.embed_modules_list.0.embedding.mlps.1.3.weight
    theta_R: embedding_X.embed_modules_list.0.embedding.mlps.1.3.bias
    theta_R: embedding_X.embed_modules_list.0.embedding.mlps.2.0.weight
    theta_R: embedding_X.embed_modules_list.0.embedding.mlps.2.0.bias
    theta_R: embedding_X.embed_modules_list.0.embedding.mlps.2.3.weight
    theta_R: embedding_X.embed_modules_list.0.embedding.mlps.2.3.bias
    theta_R: embedding_X.embed_modules_list.0.embedding.mlps.3.0.weight
    theta_R: embedding_X.embed_modules_list.0.embedding.mlps.3.0.bias
    theta_R: embedding_X.embed_modules_list.0.embedding.mlps.3.3.weight
    theta_R: embedding_X.embed_modules_list.0.embedding.mlps.3.3.bias
    theta_R: embedding_X.embed_modules_list.0.embedding.mlps.4.0.weight
    theta_R: embedding_X.embed_modules_list.0.embedding.mlps.4.0.bias
    theta_R: embedding_X.embed_modules_list.0.embedding.mlps.4.3.weight
    theta_R: embedding_X.embed_modules_list.0.embedding.mlps.4.3.bias
    theta_R: embedding_X.embed_modules_list.0.embedding.mlps.5.0.weight
    theta_R: embedding_X.embed_modules_list.0.embedding.mlps.5.0.bias
    theta_R: embedding_X.embed_modules_list.0.embedding.mlps.5.3.weight
    theta_R: embedding_X.embed_modules_list.0.embedding.mlps.5.3.bias
    theta_R: embedding_X.embed_modules_list.0.embedding.mlps.6.0.weight
    theta_R: embedding_X.embed_modules_list.0.embedding.mlps.6.0.bias
    theta_R: embedding_X.embed_modules_list.0.embedding.mlps.6.3.weight
    theta_R: embedding_X.embed_modules_list.0.embedding.mlps.6.3.bias
    theta_R: embedding_X.embed_modules_list.0.embedding.mlps.7.0.weight
    theta_R: embedding_X.embed_modules_list.0.embedding.mlps.7.0.bias
    theta_R: embedding_X.embed_modules_list.0.embedding.mlps.7.3.weight
    theta_R: embedding_X.embed_modules_list.0.embedding.mlps.7.3.bias
    theta_R: embedding_X.embed_modules_list.0.embedding.mlps.8.0.weight
    theta_R: embedding_X.embed_modules_list.0.embedding.mlps.8.0.bias
    theta_R: embedding_X.embed_modules_list.0.embedding.mlps.8.3.weight
    theta_R: embedding_X.embed_modules_list.0.embedding.mlps.8.3.bias
    theta_R: embedding_X.embed_modules_list.0.embedding.mlps.9.0.weight
    theta_R: embedding_X.embed_modules_list.0.embedding.mlps.9.0.bias
    theta_R: embedding_X.embed_modules_list.0.embedding.mlps.9.3.weight
    theta_R: embedding_X.embed_modules_list.0.embedding.mlps.9.3.bias
    theta_R: embedding_X.embed_modules_list.0.embedding.mlps.10.0.weight
    theta_R: embedding_X.embed_modules_list.0.embedding.mlps.10.0.bias
    theta_R: embedding_X.embed_modules_list.0.embedding.mlps.10.3.weight
    theta_R: embedding_X.embed_modules_list.0.embedding.mlps.10.3.bias
    theta_R: embedding_X.embed_modules_list.0.embedding.mlps.11.0.weight
    theta_R: embedding_X.embed_modules_list.0.embedding.mlps.11.0.bias
    theta_R: embedding_X.embed_modules_list.0.embedding.mlps.11.3.weight
    theta_R: embedding_X.embed_modules_list.0.embedding.mlps.11.3.bias
    theta_R: embedding_X.embed_modules_list.0.embedding.mlps.12.0.weight
    theta_R: embedding_X.embed_modules_list.0.embedding.mlps.12.0.bias
    theta_R: embedding_X.embed_modules_list.0.embedding.mlps.12.3.weight
    theta_R: embedding_X.embed_modules_list.0.embedding.mlps.12.3.bias
    theta_R: embedding_X.embed_modules_list.0.embedding.mlps.13.0.weight
    theta_R: embedding_X.embed_modules_list.0.embedding.mlps.13.0.bias
    theta_R: embedding_X.embed_modules_list.0.embedding.mlps.13.3.weight
    theta_R: embedding_X.embed_modules_list.0.embedding.mlps.13.3.bias
    theta_R: embedding_X.embed_modules_list.0.embedding.mlps.14.0.weight
    theta_R: embedding_X.embed_modules_list.0.embedding.mlps.14.0.bias
    theta_R: embedding_X.embed_modules_list.0.embedding.mlps.14.3.weight
    theta_R: embedding_X.embed_modules_list.0.embedding.mlps.14.3.bias
    theta_R: embedding_X.embed_modules_list.0.embedding.mlps.15.0.weight
    theta_R: embedding_X.embed_modules_list.0.embedding.mlps.15.0.bias
    theta_R: embedding_X.embed_modules_list.0.embedding.mlps.15.3.weight
    theta_R: embedding_X.embed_modules_list.0.embedding.mlps.15.3.bias
    theta_R: embedding_X.embed_modules_list.0.embedding.mlps.16.0.weight
    theta_R: embedding_X.embed_modules_list.0.embedding.mlps.16.0.bias
    theta_R: embedding_X.embed_modules_list.0.embedding.mlps.16.3.weight
    theta_R: embedding_X.embed_modules_list.0.embedding.mlps.16.3.bias
    theta_R: embedding_X.embed_modules_list.0.embedding.mlps.17.0.weight
    theta_R: embedding_X.embed_modules_list.0.embedding.mlps.17.0.bias
    theta_R: embedding_X.embed_modules_list.0.embedding.mlps.17.3.weight
    theta_R: embedding_X.embed_modules_list.0.embedding.mlps.17.3.bias
    theta_R: embedding_X.embed_modules_list.1.embedding.embedding.weight
    theta_R: attention.value_projection.weight
    theta_R: attention.value_projection.bias
    theta_R: attention.out_projection.weight
    theta_R: attention.out_projection.bias
    theta_R: norm1.norm.weight
    theta_R: norm1.norm.bias
    theta_R: norm2.norm.weight
    theta_R: norm2.norm.bias
    theta_R: linear1.weight
    theta_R: linear1.bias
    theta_R: linear2.weight
    theta_R: linear2.bias
    theta_R: forecaster.mlps.0.0.weight
    theta_R: forecaster.mlps.0.0.bias
    theta_R: forecaster.mlps.0.3.weight
    theta_R: forecaster.mlps.0.3.bias
    theta_R: forecaster.mlps.1.0.weight
    theta_R: forecaster.mlps.1.0.bias
    theta_R: forecaster.mlps.1.3.weight
    theta_R: forecaster.mlps.1.3.bias
    theta_R: forecaster.mlps.2.0.weight
    theta_R: forecaster.mlps.2.0.bias
    theta_R: forecaster.mlps.2.3.weight
    theta_R: forecaster.mlps.2.3.bias
    theta_R: forecaster.mlps.3.0.weight
    theta_R: forecaster.mlps.3.0.bias
    theta_R: forecaster.mlps.3.3.weight
    theta_R: forecaster.mlps.3.3.bias
    theta_R: forecaster.mlps.4.0.weight
    theta_R: forecaster.mlps.4.0.bias
    theta_R: forecaster.mlps.4.3.weight
    theta_R: forecaster.mlps.4.3.bias
    theta_R: forecaster.mlps.5.0.weight
    theta_R: forecaster.mlps.5.0.bias
    theta_R: forecaster.mlps.5.3.weight
    theta_R: forecaster.mlps.5.3.bias
    theta_R: forecaster.mlps.6.0.weight
    theta_R: forecaster.mlps.6.0.bias
    theta_R: forecaster.mlps.6.3.weight
    theta_R: forecaster.mlps.6.3.bias
    theta_R: forecaster.mlps.7.0.weight
    theta_R: forecaster.mlps.7.0.bias
    theta_R: forecaster.mlps.7.3.weight
    theta_R: forecaster.mlps.7.3.bias
    theta_R: forecaster.mlps.8.0.weight
    theta_R: forecaster.mlps.8.0.bias
    theta_R: forecaster.mlps.8.3.weight
    theta_R: forecaster.mlps.8.3.bias
    theta_R: forecaster.mlps.9.0.weight
    theta_R: forecaster.mlps.9.0.bias
    theta_R: forecaster.mlps.9.3.weight
    theta_R: forecaster.mlps.9.3.bias
    theta_R: forecaster.mlps.10.0.weight
    theta_R: forecaster.mlps.10.0.bias
    theta_R: forecaster.mlps.10.3.weight
    theta_R: forecaster.mlps.10.3.bias
    theta_R: forecaster.mlps.11.0.weight
    theta_R: forecaster.mlps.11.0.bias
    theta_R: forecaster.mlps.11.3.weight
    theta_R: forecaster.mlps.11.3.bias
    theta_R: forecaster.mlps.12.0.weight
    theta_R: forecaster.mlps.12.0.bias
    theta_R: forecaster.mlps.12.3.weight
    theta_R: forecaster.mlps.12.3.bias
    theta_R: forecaster.mlps.13.0.weight
    theta_R: forecaster.mlps.13.0.bias
    theta_R: forecaster.mlps.13.3.weight
    theta_R: forecaster.mlps.13.3.bias
    theta_R: forecaster.mlps.14.0.weight
    theta_R: forecaster.mlps.14.0.bias
    theta_R: forecaster.mlps.14.3.weight
    theta_R: forecaster.mlps.14.3.bias
    theta_R: forecaster.mlps.15.0.weight
    theta_R: forecaster.mlps.15.0.bias
    theta_R: forecaster.mlps.15.3.weight
    theta_R: forecaster.mlps.15.3.bias
    theta_R: forecaster.mlps.16.0.weight
    theta_R: forecaster.mlps.16.0.bias
    theta_R: forecaster.mlps.16.3.weight
    theta_R: forecaster.mlps.16.3.bias
    theta_R: forecaster.mlps.17.0.weight
    theta_R: forecaster.mlps.17.0.bias
    theta_R: forecaster.mlps.17.3.weight
    theta_R: forecaster.mlps.17.3.bias
    theta_R: forecaster.mlps.18.0.weight
    theta_R: forecaster.mlps.18.0.bias
    theta_R: forecaster.mlps.18.3.weight
    theta_R: forecaster.mlps.18.3.bias
    theta_R: forecaster.mlps.19.0.weight
    theta_R: forecaster.mlps.19.0.bias
    theta_R: forecaster.mlps.19.3.weight
    theta_R: forecaster.mlps.19.3.bias
epoch 199: grads (8, 20, 40), mean |g| = 8.80e-03
Gradient routing parameter classification:
  Structural:        3 tensors, 900 params (1.4%)
  Reconstruction:  174 tensors, 65,420 params (98.6%)

  Structural parameters:
    theta_S: attention.inner_attention.query_norm_log_scale
    theta_S: query_embed_X.embedding.weight
    theta_S: query_embed_S.embedding.weight

  Reconstruction parameters:
    theta_R: embedding_S.embed_modules_list.0.embedding.mlps.0.0.weight
    theta_R: embedding_S.embed_modules_list.0.embedding.mlps.0.0.bias
    theta_R: embedding_S.embed_modules_list.0.embedding.mlps.0.3.weight
    theta_R: embedding_S.embed_modules_list.0.embedding.mlps.0.3.bias
    theta_R: embedding_S.embed_modules_list.0.embedding.mlps.1.0.weight
    theta_R: embedding_S.embed_modules_list.0.embedding.mlps.1.0.bias
    theta_R: embedding_S.embed_modules_list.0.embedding.mlps.1.3.weight
    theta_R: embedding_S.embed_modules_list.0.embedding.mlps.1.3.bias
    theta_R: embedding_S.embed_modules_list.1.embedding.embedding.weight
    theta_R: embedding_X.embed_modules_list.0.embedding.mlps.0.0.weight
    theta_R: embedding_X.embed_modules_list.0.embedding.mlps.0.0.bias
    theta_R: embedding_X.embed_modules_list.0.embedding.mlps.0.3.weight
    theta_R: embedding_X.embed_modules_list.0.embedding.mlps.0.3.bias
    theta_R: embedding_X.embed_modules_list.0.embedding.mlps.1.0.weight
    theta_R: embedding_X.embed_modules_list.0.embedding.mlps.1.0.bias
    theta_R: embedding_X.embed_modules_list.0.embedding.mlps.1.3.weight
    theta_R: embedding_X.embed_modules_list.0.embedding.mlps.1.3.bias
    theta_R: embedding_X.embed_modules_list.0.embedding.mlps.2.0.weight
    theta_R: embedding_X.embed_modules_list.0.embedding.mlps.2.0.bias
    theta_R: embedding_X.embed_modules_list.0.embedding.mlps.2.3.weight
    theta_R: embedding_X.embed_modules_list.0.embedding.mlps.2.3.bias
    theta_R: embedding_X.embed_modules_list.0.embedding.mlps.3.0.weight
    theta_R: embedding_X.embed_modules_list.0.embedding.mlps.3.0.bias
    theta_R: embedding_X.embed_modules_list.0.embedding.mlps.3.3.weight
    theta_R: embedding_X.embed_modules_list.0.embedding.mlps.3.3.bias
    theta_R: embedding_X.embed_modules_list.0.embedding.mlps.4.0.weight
    theta_R: embedding_X.embed_modules_list.0.embedding.mlps.4.0.bias
    theta_R: embedding_X.embed_modules_list.0.embedding.mlps.4.3.weight
    theta_R: embedding_X.embed_modules_list.0.embedding.mlps.4.3.bias
    theta_R: embedding_X.embed_modules_list.0.embedding.mlps.5.0.weight
    theta_R: embedding_X.embed_modules_list.0.embedding.mlps.5.0.bias
    theta_R: embedding_X.embed_modules_list.0.embedding.mlps.5.3.weight
    theta_R: embedding_X.embed_modules_list.0.embedding.mlps.5.3.bias
    theta_R: embedding_X.embed_modules_list.0.embedding.mlps.6.0.weight
    theta_R: embedding_X.embed_modules_list.0.embedding.mlps.6.0.bias
    theta_R: embedding_X.embed_modules_list.0.embedding.mlps.6.3.weight
    theta_R: embedding_X.embed_modules_list.0.embedding.mlps.6.3.bias
    theta_R: embedding_X.embed_modules_list.0.embedding.mlps.7.0.weight
    theta_R: embedding_X.embed_modules_list.0.embedding.mlps.7.0.bias
    theta_R: embedding_X.embed_modules_list.0.embedding.mlps.7.3.weight
    theta_R: embedding_X.embed_modules_list.0.embedding.mlps.7.3.bias
    theta_R: embedding_X.embed_modules_list.0.embedding.mlps.8.0.weight
    theta_R: embedding_X.embed_modules_list.0.embedding.mlps.8.0.bias
    theta_R: embedding_X.embed_modules_list.0.embedding.mlps.8.3.weight
    theta_R: embedding_X.embed_modules_list.0.embedding.mlps.8.3.bias
    theta_R: embedding_X.embed_modules_list.0.embedding.mlps.9.0.weight
    theta_R: embedding_X.embed_modules_list.0.embedding.mlps.9.0.bias
    theta_R: embedding_X.embed_modules_list.0.embedding.mlps.9.3.weight
    theta_R: embedding_X.embed_modules_list.0.embedding.mlps.9.3.bias
    theta_R: embedding_X.embed_modules_list.0.embedding.mlps.10.0.weight
    theta_R: embedding_X.embed_modules_list.0.embedding.mlps.10.0.bias
    theta_R: embedding_X.embed_modules_list.0.embedding.mlps.10.3.weight
    theta_R: embedding_X.embed_modules_list.0.embedding.mlps.10.3.bias
    theta_R: embedding_X.embed_modules_list.0.embedding.mlps.11.0.weight
    theta_R: embedding_X.embed_modules_list.0.embedding.mlps.11.0.bias
    theta_R: embedding_X.embed_modules_list.0.embedding.mlps.11.3.weight
    theta_R: embedding_X.embed_modules_list.0.embedding.mlps.11.3.bias
    theta_R: embedding_X.embed_modules_list.0.embedding.mlps.12.0.weight
    theta_R: embedding_X.embed_modules_list.0.embedding.mlps.12.0.bias
    theta_R: embedding_X.embed_modules_list.0.embedding.mlps.12.3.weight
    theta_R: embedding_X.embed_modules_list.0.embedding.mlps.12.3.bias
    theta_R: embedding_X.embed_modules_list.0.embedding.mlps.13.0.weight
    theta_R: embedding_X.embed_modules_list.0.embedding.mlps.13.0.bias
    theta_R: embedding_X.embed_modules_list.0.embedding.mlps.13.3.weight
    theta_R: embedding_X.embed_modules_list.0.embedding.mlps.13.3.bias
    theta_R: embedding_X.embed_modules_list.0.embedding.mlps.14.0.weight
    theta_R: embedding_X.embed_modules_list.0.embedding.mlps.14.0.bias
    theta_R: embedding_X.embed_modules_list.0.embedding.mlps.14.3.weight
    theta_R: embedding_X.embed_modules_list.0.embedding.mlps.14.3.bias
    theta_R: embedding_X.embed_modules_list.0.embedding.mlps.15.0.weight
    theta_R: embedding_X.embed_modules_list.0.embedding.mlps.15.0.bias
    theta_R: embedding_X.embed_modules_list.0.embedding.mlps.15.3.weight
    theta_R: embedding_X.embed_modules_list.0.embedding.mlps.15.3.bias
    theta_R: embedding_X.embed_modules_list.0.embedding.mlps.16.0.weight
    theta_R: embedding_X.embed_modules_list.0.embedding.mlps.16.0.bias
    theta_R: embedding_X.embed_modules_list.0.embedding.mlps.16.3.weight
    theta_R: embedding_X.embed_modules_list.0.embedding.mlps.16.3.bias
    theta_R: embedding_X.embed_modules_list.0.embedding.mlps.17.0.weight
    theta_R: embedding_X.embed_modules_list.0.embedding.mlps.17.0.bias
    theta_R: embedding_X.embed_modules_list.0.embedding.mlps.17.3.weight
    theta_R: embedding_X.embed_modules_list.0.embedding.mlps.17.3.bias
    theta_R: embedding_X.embed_modules_list.1.embedding.embedding.weight
    theta_R: attention.value_projection.weight
    theta_R: attention.value_projection.bias
    theta_R: attention.out_projection.weight
    theta_R: attention.out_projection.bias
    theta_R: norm1.norm.weight
    theta_R: norm1.norm.bias
    theta_R: norm2.norm.weight
    theta_R: norm2.norm.bias
    theta_R: linear1.weight
    theta_R: linear1.bias
    theta_R: linear2.weight
    theta_R: linear2.bias
    theta_R: forecaster.mlps.0.0.weight
    theta_R: forecaster.mlps.0.0.bias
    theta_R: forecaster.mlps.0.3.weight
    theta_R: forecaster.mlps.0.3.bias
    theta_R: forecaster.mlps.1.0.weight
    theta_R: forecaster.mlps.1.0.bias
    theta_R: forecaster.mlps.1.3.weight
    theta_R: forecaster.mlps.1.3.bias
    theta_R: forecaster.mlps.2.0.weight
    theta_R: forecaster.mlps.2.0.bias
    theta_R: forecaster.mlps.2.3.weight
    theta_R: forecaster.mlps.2.3.bias
    theta_R: forecaster.mlps.3.0.weight
    theta_R: forecaster.mlps.3.0.bias
    theta_R: forecaster.mlps.3.3.weight
    theta_R: forecaster.mlps.3.3.bias
    theta_R: forecaster.mlps.4.0.weight
    theta_R: forecaster.mlps.4.0.bias
    theta_R: forecaster.mlps.4.3.weight
    theta_R: forecaster.mlps.4.3.bias
    theta_R: forecaster.mlps.5.0.weight
    theta_R: forecaster.mlps.5.0.bias
    theta_R: forecaster.mlps.5.3.weight
    theta_R: forecaster.mlps.5.3.bias
    theta_R: forecaster.mlps.6.0.weight
    theta_R: forecaster.mlps.6.0.bias
    theta_R: forecaster.mlps.6.3.weight
    theta_R: forecaster.mlps.6.3.bias
    theta_R: forecaster.mlps.7.0.weight
    theta_R: forecaster.mlps.7.0.bias
    theta_R: forecaster.mlps.7.3.weight
    theta_R: forecaster.mlps.7.3.bias
    theta_R: forecaster.mlps.8.0.weight
    theta_R: forecaster.mlps.8.0.bias
    theta_R: forecaster.mlps.8.3.weight
    theta_R: forecaster.mlps.8.3.bias
    theta_R: forecaster.mlps.9.0.weight
    theta_R: forecaster.mlps.9.0.bias
    theta_R: forecaster.mlps.9.3.weight
    theta_R: forecaster.mlps.9.3.bias
    theta_R: forecaster.mlps.10.0.weight
    theta_R: forecaster.mlps.10.0.bias
    theta_R: forecaster.mlps.10.3.weight
    theta_R: forecaster.mlps.10.3.bias
    theta_R: forecaster.mlps.11.0.weight
    theta_R: forecaster.mlps.11.0.bias
    theta_R: forecaster.mlps.11.3.weight
    theta_R: forecaster.mlps.11.3.bias
    theta_R: forecaster.mlps.12.0.weight
    theta_R: forecaster.mlps.12.0.bias
    theta_R: forecaster.mlps.12.3.weight
    theta_R: forecaster.mlps.12.3.bias
    theta_R: forecaster.mlps.13.0.weight
    theta_R: forecaster.mlps.13.0.bias
    theta_R: forecaster.mlps.13.3.weight
    theta_R: forecaster.mlps.13.3.bias
    theta_R: forecaster.mlps.14.0.weight
    theta_R: forecaster.mlps.14.0.bias
    theta_R: forecaster.mlps.14.3.weight
    theta_R: forecaster.mlps.14.3.bias
    theta_R: forecaster.mlps.15.0.weight
    theta_R: forecaster.mlps.15.0.bias
    theta_R: forecaster.mlps.15.3.weight
    theta_R: forecaster.mlps.15.3.bias
    theta_R: forecaster.mlps.16.0.weight
    theta_R: forecaster.mlps.16.0.bias
    theta_R: forecaster.mlps.16.3.weight
    theta_R: forecaster.mlps.16.3.bias
    theta_R: forecaster.mlps.17.0.weight
    theta_R: forecaster.mlps.17.0.bias
    theta_R: forecaster.mlps.17.3.weight
    theta_R: forecaster.mlps.17.3.bias
    theta_R: forecaster.mlps.18.0.weight
    theta_R: forecaster.mlps.18.0.bias
    theta_R: forecaster.mlps.18.3.weight
    theta_R: forecaster.mlps.18.3.bias
    theta_R: forecaster.mlps.19.0.weight
    theta_R: forecaster.mlps.19.0.bias
    theta_R: forecaster.mlps.19.3.weight
    theta_R: forecaster.mlps.19.3.bias
epoch 499: grads (8, 20, 40), mean |g| = 8.45e-03
Gradient routing parameter classification:
  Structural:        3 tensors, 900 params (1.4%)
  Reconstruction:  174 tensors, 65,420 params (98.6%)

  Structural parameters:
    theta_S: attention.inner_attention.query_norm_log_scale
    theta_S: query_embed_X.embedding.weight
    theta_S: query_embed_S.embedding.weight

  Reconstruction parameters:
    theta_R: embedding_S.embed_modules_list.0.embedding.mlps.0.0.weight
    theta_R: embedding_S.embed_modules_list.0.embedding.mlps.0.0.bias
    theta_R: embedding_S.embed_modules_list.0.embedding.mlps.0.3.weight
    theta_R: embedding_S.embed_modules_list.0.embedding.mlps.0.3.bias
    theta_R: embedding_S.embed_modules_list.0.embedding.mlps.1.0.weight
    theta_R: embedding_S.embed_modules_list.0.embedding.mlps.1.0.bias
    theta_R: embedding_S.embed_modules_list.0.embedding.mlps.1.3.weight
    theta_R: embedding_S.embed_modules_list.0.embedding.mlps.1.3.bias
    theta_R: embedding_S.embed_modules_list.1.embedding.embedding.weight
    theta_R: embedding_X.embed_modules_list.0.embedding.mlps.0.0.weight
    theta_R: embedding_X.embed_modules_list.0.embedding.mlps.0.0.bias
    theta_R: embedding_X.embed_modules_list.0.embedding.mlps.0.3.weight
    theta_R: embedding_X.embed_modules_list.0.embedding.mlps.0.3.bias
    theta_R: embedding_X.embed_modules_list.0.embedding.mlps.1.0.weight
    theta_R: embedding_X.embed_modules_list.0.embedding.mlps.1.0.bias
    theta_R: embedding_X.embed_modules_list.0.embedding.mlps.1.3.weight
    theta_R: embedding_X.embed_modules_list.0.embedding.mlps.1.3.bias
    theta_R: embedding_X.embed_modules_list.0.embedding.mlps.2.0.weight
    theta_R: embedding_X.embed_modules_list.0.embedding.mlps.2.0.bias
    theta_R: embedding_X.embed_modules_list.0.embedding.mlps.2.3.weight
    theta_R: embedding_X.embed_modules_list.0.embedding.mlps.2.3.bias
    theta_R: embedding_X.embed_modules_list.0.embedding.mlps.3.0.weight
    theta_R: embedding_X.embed_modules_list.0.embedding.mlps.3.0.bias
    theta_R: embedding_X.embed_modules_list.0.embedding.mlps.3.3.weight
    theta_R: embedding_X.embed_modules_list.0.embedding.mlps.3.3.bias
    theta_R: embedding_X.embed_modules_list.0.embedding.mlps.4.0.weight
    theta_R: embedding_X.embed_modules_list.0.embedding.mlps.4.0.bias
    theta_R: embedding_X.embed_modules_list.0.embedding.mlps.4.3.weight
    theta_R: embedding_X.embed_modules_list.0.embedding.mlps.4.3.bias
    theta_R: embedding_X.embed_modules_list.0.embedding.mlps.5.0.weight
    theta_R: embedding_X.embed_modules_list.0.embedding.mlps.5.0.bias
    theta_R: embedding_X.embed_modules_list.0.embedding.mlps.5.3.weight
    theta_R: embedding_X.embed_modules_list.0.embedding.mlps.5.3.bias
    theta_R: embedding_X.embed_modules_list.0.embedding.mlps.6.0.weight
    theta_R: embedding_X.embed_modules_list.0.embedding.mlps.6.0.bias
    theta_R: embedding_X.embed_modules_list.0.embedding.mlps.6.3.weight
    theta_R: embedding_X.embed_modules_list.0.embedding.mlps.6.3.bias
    theta_R: embedding_X.embed_modules_list.0.embedding.mlps.7.0.weight
    theta_R: embedding_X.embed_modules_list.0.embedding.mlps.7.0.bias
    theta_R: embedding_X.embed_modules_list.0.embedding.mlps.7.3.weight
    theta_R: embedding_X.embed_modules_list.0.embedding.mlps.7.3.bias
    theta_R: embedding_X.embed_modules_list.0.embedding.mlps.8.0.weight
    theta_R: embedding_X.embed_modules_list.0.embedding.mlps.8.0.bias
    theta_R: embedding_X.embed_modules_list.0.embedding.mlps.8.3.weight
    theta_R: embedding_X.embed_modules_list.0.embedding.mlps.8.3.bias
    theta_R: embedding_X.embed_modules_list.0.embedding.mlps.9.0.weight
    theta_R: embedding_X.embed_modules_list.0.embedding.mlps.9.0.bias
    theta_R: embedding_X.embed_modules_list.0.embedding.mlps.9.3.weight
    theta_R: embedding_X.embed_modules_list.0.embedding.mlps.9.3.bias
    theta_R: embedding_X.embed_modules_list.0.embedding.mlps.10.0.weight
    theta_R: embedding_X.embed_modules_list.0.embedding.mlps.10.0.bias
    theta_R: embedding_X.embed_modules_list.0.embedding.mlps.10.3.weight
    theta_R: embedding_X.embed_modules_list.0.embedding.mlps.10.3.bias
    theta_R: embedding_X.embed_modules_list.0.embedding.mlps.11.0.weight
    theta_R: embedding_X.embed_modules_list.0.embedding.mlps.11.0.bias
    theta_R: embedding_X.embed_modules_list.0.embedding.mlps.11.3.weight
    theta_R: embedding_X.embed_modules_list.0.embedding.mlps.11.3.bias
    theta_R: embedding_X.embed_modules_list.0.embedding.mlps.12.0.weight
    theta_R: embedding_X.embed_modules_list.0.embedding.mlps.12.0.bias
    theta_R: embedding_X.embed_modules_list.0.embedding.mlps.12.3.weight
    theta_R: embedding_X.embed_modules_list.0.embedding.mlps.12.3.bias
    theta_R: embedding_X.embed_modules_list.0.embedding.mlps.13.0.weight
    theta_R: embedding_X.embed_modules_list.0.embedding.mlps.13.0.bias
    theta_R: embedding_X.embed_modules_list.0.embedding.mlps.13.3.weight
    theta_R: embedding_X.embed_modules_list.0.embedding.mlps.13.3.bias
    theta_R: embedding_X.embed_modules_list.0.embedding.mlps.14.0.weight
    theta_R: embedding_X.embed_modules_list.0.embedding.mlps.14.0.bias
    theta_R: embedding_X.embed_modules_list.0.embedding.mlps.14.3.weight
    theta_R: embedding_X.embed_modules_list.0.embedding.mlps.14.3.bias
    theta_R: embedding_X.embed_modules_list.0.embedding.mlps.15.0.weight
    theta_R: embedding_X.embed_modules_list.0.embedding.mlps.15.0.bias
    theta_R: embedding_X.embed_modules_list.0.embedding.mlps.15.3.weight
    theta_R: embedding_X.embed_modules_list.0.embedding.mlps.15.3.bias
    theta_R: embedding_X.embed_modules_list.0.embedding.mlps.16.0.weight
    theta_R: embedding_X.embed_modules_list.0.embedding.mlps.16.0.bias
    theta_R: embedding_X.embed_modules_list.0.embedding.mlps.16.3.weight
    theta_R: embedding_X.embed_modules_list.0.embedding.mlps.16.3.bias
    theta_R: embedding_X.embed_modules_list.0.embedding.mlps.17.0.weight
    theta_R: embedding_X.embed_modules_list.0.embedding.mlps.17.0.bias
    theta_R: embedding_X.embed_modules_list.0.embedding.mlps.17.3.weight
    theta_R: embedding_X.embed_modules_list.0.embedding.mlps.17.3.bias
    theta_R: embedding_X.embed_modules_list.1.embedding.embedding.weight
    theta_R: attention.value_projection.weight
    theta_R: attention.value_projection.bias
    theta_R: attention.out_projection.weight
    theta_R: attention.out_projection.bias
    theta_R: norm1.norm.weight
    theta_R: norm1.norm.bias
    theta_R: norm2.norm.weight
    theta_R: norm2.norm.bias
    theta_R: linear1.weight
    theta_R: linear1.bias
    theta_R: linear2.weight
    theta_R: linear2.bias
    theta_R: forecaster.mlps.0.0.weight
    theta_R: forecaster.mlps.0.0.bias
    theta_R: forecaster.mlps.0.3.weight
    theta_R: forecaster.mlps.0.3.bias
    theta_R: forecaster.mlps.1.0.weight
    theta_R: forecaster.mlps.1.0.bias
    theta_R: forecaster.mlps.1.3.weight
    theta_R: forecaster.mlps.1.3.bias
    theta_R: forecaster.mlps.2.0.weight
    theta_R: forecaster.mlps.2.0.bias
    theta_R: forecaster.mlps.2.3.weight
    theta_R: forecaster.mlps.2.3.bias
    theta_R: forecaster.mlps.3.0.weight
    theta_R: forecaster.mlps.3.0.bias
    theta_R: forecaster.mlps.3.3.weight
    theta_R: forecaster.mlps.3.3.bias
    theta_R: forecaster.mlps.4.0.weight
    theta_R: forecaster.mlps.4.0.bias
    theta_R: forecaster.mlps.4.3.weight
    theta_R: forecaster.mlps.4.3.bias
    theta_R: forecaster.mlps.5.0.weight
    theta_R: forecaster.mlps.5.0.bias
    theta_R: forecaster.mlps.5.3.weight
    theta_R: forecaster.mlps.5.3.bias
    theta_R: forecaster.mlps.6.0.weight
    theta_R: forecaster.mlps.6.0.bias
    theta_R: forecaster.mlps.6.3.weight
    theta_R: forecaster.mlps.6.3.bias
    theta_R: forecaster.mlps.7.0.weight
    theta_R: forecaster.mlps.7.0.bias
    theta_R: forecaster.mlps.7.3.weight
    theta_R: forecaster.mlps.7.3.bias
    theta_R: forecaster.mlps.8.0.weight
    theta_R: forecaster.mlps.8.0.bias
    theta_R: forecaster.mlps.8.3.weight
    theta_R: forecaster.mlps.8.3.bias
    theta_R: forecaster.mlps.9.0.weight
    theta_R: forecaster.mlps.9.0.bias
    theta_R: forecaster.mlps.9.3.weight
    theta_R: forecaster.mlps.9.3.bias
    theta_R: forecaster.mlps.10.0.weight
    theta_R: forecaster.mlps.10.0.bias
    theta_R: forecaster.mlps.10.3.weight
    theta_R: forecaster.mlps.10.3.bias
    theta_R: forecaster.mlps.11.0.weight
    theta_R: forecaster.mlps.11.0.bias
    theta_R: forecaster.mlps.11.3.weight
    theta_R: forecaster.mlps.11.3.bias
    theta_R: forecaster.mlps.12.0.weight
    theta_R: forecaster.mlps.12.0.bias
    theta_R: forecaster.mlps.12.3.weight
    theta_R: forecaster.mlps.12.3.bias
    theta_R: forecaster.mlps.13.0.weight
    theta_R: forecaster.mlps.13.0.bias
    theta_R: forecaster.mlps.13.3.weight
    theta_R: forecaster.mlps.13.3.bias
    theta_R: forecaster.mlps.14.0.weight
    theta_R: forecaster.mlps.14.0.bias
    theta_R: forecaster.mlps.14.3.weight
    theta_R: forecaster.mlps.14.3.bias
    theta_R: forecaster.mlps.15.0.weight
    theta_R: forecaster.mlps.15.0.bias
    theta_R: forecaster.mlps.15.3.weight
    theta_R: forecaster.mlps.15.3.bias
    theta_R: forecaster.mlps.16.0.weight
    theta_R: forecaster.mlps.16.0.bias
    theta_R: forecaster.mlps.16.3.weight
    theta_R: forecaster.mlps.16.3.bias
    theta_R: forecaster.mlps.17.0.weight
    theta_R: forecaster.mlps.17.0.bias
    theta_R: forecaster.mlps.17.3.weight
    theta_R: forecaster.mlps.17.3.bias
    theta_R: forecaster.mlps.18.0.weight
    theta_R: forecaster.mlps.18.0.bias
    theta_R: forecaster.mlps.18.3.weight
    theta_R: forecaster.mlps.18.3.bias
    theta_R: forecaster.mlps.19.0.weight
    theta_R: forecaster.mlps.19.0.bias
    theta_R: forecaster.mlps.19.3.weight
    theta_R: forecaster.mlps.19.3.bias
epoch 999: grads (8, 20, 40), mean |g| = 5.43e-03

===== cell 5 =====

===== cell 6 =====

===== cell 7 =====
no_NT_bkd_02: 101 checkpoints, epochs 0..999
no_NT_bkd_02_nodesc: 101 checkpoints, epochs 0..999
no_NT_bkd_02_nodesc_budget: 101 checkpoints, epochs 0..999

===== cell 8 =====
no_NT                 : final margin=+0.255 | oriented 52.50% | child=+0.060 parent=+0.023
no_NT_bkd_02          : final margin=+0.216 | oriented 52.50% | child=+0.068 parent=+0.037
no_NT_bkd_02_nodesc   : final margin=+0.162 | oriented 47.50% | child=+0.077 parent=+0.054
no_NT_bkd_02_nodesc_budget: final margin=+0.168 | oriented 46.25% | child=+0.070 parent=+0.047

===== cell 9 =====

===== cell 10 =====
consecutive-displacement cosine (mean over X nodes): +0.695

===== cell 11 =====
tortuosity: median=3.5 max=4.0
phase fighting: mean cos = +0.663 over 38 structure->reconstruct pairs

===== cell 12 =====
train: kept_frac min=0.255 mean(last 100 ep)=0.616
train: cyclic on 519/1000 epochs, first=168, sustained from ~665
val:   last epoch with the mask active = 981 (kept_frac = 1.0 afterwards = the run-time fallback; see below)

===== cell 13 =====
Gradient routing parameter classification:
  Structural:        3 tensors, 900 params (1.4%)
  Reconstruction:  174 tensors, 65,420 params (98.6%)

  Structural parameters:
    theta_S: attention.inner_attention.query_norm_log_scale
    theta_S: query_embed_X.embedding.weight
    theta_S: query_embed_S.embedding.weight

  Reconstruction parameters:
    theta_R: embedding_S.embed_modules_list.0.embedding.mlps.0.0.weight
    theta_R: embedding_S.embed_modules_list.0.embedding.mlps.0.0.bias
    theta_R: embedding_S.embed_modules_list.0.embedding.mlps.0.3.weight
    theta_R: embedding_S.embed_modules_list.0.embedding.mlps.0.3.bias
    theta_R: embedding_S.embed_modules_list.0.embedding.mlps.1.0.weight
    theta_R: embedding_S.embed_modules_list.0.embedding.mlps.1.0.bias
    theta_R: embedding_S.embed_modules_list.0.embedding.mlps.1.3.weight
    theta_R: embedding_S.embed_modules_list.0.embedding.mlps.1.3.bias
    theta_R: embedding_S.embed_modules_list.1.embedding.embedding.weight
    theta_R: embedding_X.embed_modules_list.0.embedding.mlps.0.0.weight
    theta_R: embedding_X.embed_modules_list.0.embedding.mlps.0.0.bias
    theta_R: embedding_X.embed_modules_list.0.embedding.mlps.0.3.weight
    theta_R: embedding_X.embed_modules_list.0.embedding.mlps.0.3.bias
    theta_R: embedding_X.embed_modules_list.0.embedding.mlps.1.0.weight
    theta_R: embedding_X.embed_modules_list.0.embedding.mlps.1.0.bias
    theta_R: embedding_X.embed_modules_list.0.embedding.mlps.1.3.weight
    theta_R: embedding_X.embed_modules_list.0.embedding.mlps.1.3.bias
    theta_R: embedding_X.embed_modules_list.0.embedding.mlps.2.0.weight
    theta_R: embedding_X.embed_modules_list.0.embedding.mlps.2.0.bias
    theta_R: embedding_X.embed_modules_list.0.embedding.mlps.2.3.weight
    theta_R: embedding_X.embed_modules_list.0.embedding.mlps.2.3.bias
    theta_R: embedding_X.embed_modules_list.0.embedding.mlps.3.0.weight
    theta_R: embedding_X.embed_modules_list.0.embedding.mlps.3.0.bias
    theta_R: embedding_X.embed_modules_list.0.embedding.mlps.3.3.weight
    theta_R: embedding_X.embed_modules_list.0.embedding.mlps.3.3.bias
    theta_R: embedding_X.embed_modules_list.0.embedding.mlps.4.0.weight
    theta_R: embedding_X.embed_modules_list.0.embedding.mlps.4.0.bias
    theta_R: embedding_X.embed_modules_list.0.embedding.mlps.4.3.weight
    theta_R: embedding_X.embed_modules_list.0.embedding.mlps.4.3.bias
    theta_R: embedding_X.embed_modules_list.0.embedding.mlps.5.0.weight
    theta_R: embedding_X.embed_modules_list.0.embedding.mlps.5.0.bias
    theta_R: embedding_X.embed_modules_list.0.embedding.mlps.5.3.weight
    theta_R: embedding_X.embed_modules_list.0.embedding.mlps.5.3.bias
    theta_R: embedding_X.embed_modules_list.0.embedding.mlps.6.0.weight
    theta_R: embedding_X.embed_modules_list.0.embedding.mlps.6.0.bias
    theta_R: embedding_X.embed_modules_list.0.embedding.mlps.6.3.weight
    theta_R: embedding_X.embed_modules_list.0.embedding.mlps.6.3.bias
    theta_R: embedding_X.embed_modules_list.0.embedding.mlps.7.0.weight
    theta_R: embedding_X.embed_modules_list.0.embedding.mlps.7.0.bias
    theta_R: embedding_X.embed_modules_list.0.embedding.mlps.7.3.weight
    theta_R: embedding_X.embed_modules_list.0.embedding.mlps.7.3.bias
    theta_R: embedding_X.embed_modules_list.0.embedding.mlps.8.0.weight
    theta_R: embedding_X.embed_modules_list.0.embedding.mlps.8.0.bias
    theta_R: embedding_X.embed_modules_list.0.embedding.mlps.8.3.weight
    theta_R: embedding_X.embed_modules_list.0.embedding.mlps.8.3.bias
    theta_R: embedding_X.embed_modules_list.0.embedding.mlps.9.0.weight
    theta_R: embedding_X.embed_modules_list.0.embedding.mlps.9.0.bias
    theta_R: embedding_X.embed_modules_list.0.embedding.mlps.9.3.weight
    theta_R: embedding_X.embed_modules_list.0.embedding.mlps.9.3.bias
    theta_R: embedding_X.embed_modules_list.0.embedding.mlps.10.0.weight
    theta_R: embedding_X.embed_modules_list.0.embedding.mlps.10.0.bias
    theta_R: embedding_X.embed_modules_list.0.embedding.mlps.10.3.weight
    theta_R: embedding_X.embed_modules_list.0.embedding.mlps.10.3.bias
    theta_R: embedding_X.embed_modules_list.0.embedding.mlps.11.0.weight
    theta_R: embedding_X.embed_modules_list.0.embedding.mlps.11.0.bias
    theta_R: embedding_X.embed_modules_list.0.embedding.mlps.11.3.weight
    theta_R: embedding_X.embed_modules_list.0.embedding.mlps.11.3.bias
    theta_R: embedding_X.embed_modules_list.0.embedding.mlps.12.0.weight
    theta_R: embedding_X.embed_modules_list.0.embedding.mlps.12.0.bias
    theta_R: embedding_X.embed_modules_list.0.embedding.mlps.12.3.weight
    theta_R: embedding_X.embed_modules_list.0.embedding.mlps.12.3.bias
    theta_R: embedding_X.embed_modules_list.0.embedding.mlps.13.0.weight
    theta_R: embedding_X.embed_modules_list.0.embedding.mlps.13.0.bias
    theta_R: embedding_X.embed_modules_list.0.embedding.mlps.13.3.weight
    theta_R: embedding_X.embed_modules_list.0.embedding.mlps.13.3.bias
    theta_R: embedding_X.embed_modules_list.0.embedding.mlps.14.0.weight
    theta_R: embedding_X.embed_modules_list.0.embedding.mlps.14.0.bias
    theta_R: embedding_X.embed_modules_list.0.embedding.mlps.14.3.weight
    theta_R: embedding_X.embed_modules_list.0.embedding.mlps.14.3.bias
    theta_R: embedding_X.embed_modules_list.0.embedding.mlps.15.0.weight
    theta_R: embedding_X.embed_modules_list.0.embedding.mlps.15.0.bias
    theta_R: embedding_X.embed_modules_list.0.embedding.mlps.15.3.weight
    theta_R: embedding_X.embed_modules_list.0.embedding.mlps.15.3.bias
    theta_R: embedding_X.embed_modules_list.0.embedding.mlps.16.0.weight
    theta_R: embedding_X.embed_modules_list.0.embedding.mlps.16.0.bias
    theta_R: embedding_X.embed_modules_list.0.embedding.mlps.16.3.weight
    theta_R: embedding_X.embed_modules_list.0.embedding.mlps.16.3.bias
    theta_R: embedding_X.embed_modules_list.0.embedding.mlps.17.0.weight
    theta_R: embedding_X.embed_modules_list.0.embedding.mlps.17.0.bias
    theta_R: embedding_X.embed_modules_list.0.embedding.mlps.17.3.weight
    theta_R: embedding_X.embed_modules_list.0.embedding.mlps.17.3.bias
    theta_R: embedding_X.embed_modules_list.1.embedding.embedding.weight
    theta_R: attention.value_projection.weight
    theta_R: attention.value_projection.bias
    theta_R: attention.out_projection.weight
    theta_R: attention.out_projection.bias
    theta_R: norm1.norm.weight
    theta_R: norm1.norm.bias
    theta_R: norm2.norm.weight
    theta_R: norm2.norm.bias
    theta_R: linear1.weight
    theta_R: linear1.bias
    theta_R: linear2.weight
    theta_R: linear2.bias
    theta_R: forecaster.mlps.0.0.weight
    theta_R: forecaster.mlps.0.0.bias
    theta_R: forecaster.mlps.0.3.weight
    theta_R: forecaster.mlps.0.3.bias
    theta_R: forecaster.mlps.1.0.weight
    theta_R: forecaster.mlps.1.0.bias
    theta_R: forecaster.mlps.1.3.weight
    theta_R: forecaster.mlps.1.3.bias
    theta_R: forecaster.mlps.2.0.weight
    theta_R: forecaster.mlps.2.0.bias
    theta_R: forecaster.mlps.2.3.weight
    theta_R: forecaster.mlps.2.3.bias
    theta_R: forecaster.mlps.3.0.weight
    theta_R: forecaster.mlps.3.0.bias
    theta_R: forecaster.mlps.3.3.weight
    theta_R: forecaster.mlps.3.3.bias
    theta_R: forecaster.mlps.4.0.weight
    theta_R: forecaster.mlps.4.0.bias
    theta_R: forecaster.mlps.4.3.weight
    theta_R: forecaster.mlps.4.3.bias
    theta_R: forecaster.mlps.5.0.weight
    theta_R: forecaster.mlps.5.0.bias
    theta_R: forecaster.mlps.5.3.weight
    theta_R: forecaster.mlps.5.3.bias
    theta_R: forecaster.mlps.6.0.weight
    theta_R: forecaster.mlps.6.0.bias
    theta_R: forecaster.mlps.6.3.weight
    theta_R: forecaster.mlps.6.3.bias
    theta_R: forecaster.mlps.7.0.weight
    theta_R: forecaster.mlps.7.0.bias
    theta_R: forecaster.mlps.7.3.weight
    theta_R: forecaster.mlps.7.3.bias
    theta_R: forecaster.mlps.8.0.weight
    theta_R: forecaster.mlps.8.0.bias
    theta_R: forecaster.mlps.8.3.weight
    theta_R: forecaster.mlps.8.3.bias
    theta_R: forecaster.mlps.9.0.weight
    theta_R: forecaster.mlps.9.0.bias
    theta_R: forecaster.mlps.9.3.weight
    theta_R: forecaster.mlps.9.3.bias
    theta_R: forecaster.mlps.10.0.weight
    theta_R: forecaster.mlps.10.0.bias
    theta_R: forecaster.mlps.10.3.weight
    theta_R: forecaster.mlps.10.3.bias
    theta_R: forecaster.mlps.11.0.weight
    theta_R: forecaster.mlps.11.0.bias
    theta_R: forecaster.mlps.11.3.weight
    theta_R: forecaster.mlps.11.3.bias
    theta_R: forecaster.mlps.12.0.weight
    theta_R: forecaster.mlps.12.0.bias
    theta_R: forecaster.mlps.12.3.weight
    theta_R: forecaster.mlps.12.3.bias
    theta_R: forecaster.mlps.13.0.weight
    theta_R: forecaster.mlps.13.0.bias
    theta_R: forecaster.mlps.13.3.weight
    theta_R: forecaster.mlps.13.3.bias
    theta_R: forecaster.mlps.14.0.weight
    theta_R: forecaster.mlps.14.0.bias
    theta_R: forecaster.mlps.14.3.weight
    theta_R: forecaster.mlps.14.3.bias
    theta_R: forecaster.mlps.15.0.weight
    theta_R: forecaster.mlps.15.0.bias
    theta_R: forecaster.mlps.15.3.weight
    theta_R: forecaster.mlps.15.3.bias
    theta_R: forecaster.mlps.16.0.weight
    theta_R: forecaster.mlps.16.0.bias
    theta_R: forecaster.mlps.16.3.weight
    theta_R: forecaster.mlps.16.3.bias
    theta_R: forecaster.mlps.17.0.weight
    theta_R: forecaster.mlps.17.0.bias
    theta_R: forecaster.mlps.17.3.weight
    theta_R: forecaster.mlps.17.3.bias
    theta_R: forecaster.mlps.18.0.weight
    theta_R: forecaster.mlps.18.0.bias
    theta_R: forecaster.mlps.18.3.weight
    theta_R: forecaster.mlps.18.3.bias
    theta_R: forecaster.mlps.19.0.weight
    theta_R: forecaster.mlps.19.0.bias
    theta_R: forecaster.mlps.19.3.weight
    theta_R: forecaster.mlps.19.3.bias
epoch 999: reproduced mask kept_frac=0.662 cyclic=True
(run-time log at the final epochs: val kept_frac=1.0, cyclic=0 - fallback artifact)
score tensor: min=0.000 max=0.912 nan=False

===== cell 14 =====
                            val_hsic  val_x_mae  val_x_r2  val_score_sparse  query_norm/mean_M  test_hsic  test_x_mae  test_x_r2  val_hsic_desc_kept_frac  val_hsic_desc_cyclic  final_margin  oriented_frac
no_NT                       0.003512    0.02685    0.9643            0.2368              1.021   0.003425     0.02689     0.9639                      NaN                   NaN        0.2552          0.525
no_NT_bkd_02                0.003217    0.02884    0.9584            0.2537               1.02   0.003237     0.02911     0.9564                      NaN                   NaN         0.216          0.525
no_NT_bkd_02_nodesc         0.003113    0.02921    0.9532            0.2675              1.014    0.00313     0.02942     0.9521                        1                     0        0.1621          0.475
no_NT_bkd_02_nodesc_budget  0.003098    0.02938     0.948            0.2599              1.017   0.002964     0.02953     0.9473                        1                     0        0.1679         0.4625

===== cell 15 =====
Gradient routing parameter classification:
  Structural:        3 tensors, 900 params (1.4%)
  Reconstruction:  174 tensors, 65,420 params (98.6%)

  Structural parameters:
    theta_S: attention.inner_attention.query_norm_log_scale
    theta_S: query_embed_X.embedding.weight
    theta_S: query_embed_S.embedding.weight

  Reconstruction parameters:
    theta_R: embedding_S.embed_modules_list.0.embedding.mlps.0.0.weight
    theta_R: embedding_S.embed_modules_list.0.embedding.mlps.0.0.bias
    theta_R: embedding_S.embed_modules_list.0.embedding.mlps.0.3.weight
    theta_R: embedding_S.embed_modules_list.0.embedding.mlps.0.3.bias
    theta_R: embedding_S.embed_modules_list.0.embedding.mlps.1.0.weight
    theta_R: embedding_S.embed_modules_list.0.embedding.mlps.1.0.bias
    theta_R: embedding_S.embed_modules_list.0.embedding.mlps.1.3.weight
    theta_R: embedding_S.embed_modules_list.0.embedding.mlps.1.3.bias
    theta_R: embedding_S.embed_modules_list.1.embedding.embedding.weight
    theta_R: embedding_X.embed_modules_list.0.embedding.mlps.0.0.weight
    theta_R: embedding_X.embed_modules_list.0.embedding.mlps.0.0.bias
    theta_R: embedding_X.embed_modules_list.0.embedding.mlps.0.3.weight
    theta_R: embedding_X.embed_modules_list.0.embedding.mlps.0.3.bias
    theta_R: embedding_X.embed_modules_list.0.embedding.mlps.1.0.weight
    theta_R: embedding_X.embed_modules_list.0.embedding.mlps.1.0.bias
    theta_R: embedding_X.embed_modules_list.0.embedding.mlps.1.3.weight
    theta_R: embedding_X.embed_modules_list.0.embedding.mlps.1.3.bias
    theta_R: embedding_X.embed_modules_list.0.embedding.mlps.2.0.weight
    theta_R: embedding_X.embed_modules_list.0.embedding.mlps.2.0.bias
    theta_R: embedding_X.embed_modules_list.0.embedding.mlps.2.3.weight
    theta_R: embedding_X.embed_modules_list.0.embedding.mlps.2.3.bias
    theta_R: embedding_X.embed_modules_list.0.embedding.mlps.3.0.weight
    theta_R: embedding_X.embed_modules_list.0.embedding.mlps.3.0.bias
    theta_R: embedding_X.embed_modules_list.0.embedding.mlps.3.3.weight
    theta_R: embedding_X.embed_modules_list.0.embedding.mlps.3.3.bias
    theta_R: embedding_X.embed_modules_list.0.embedding.mlps.4.0.weight
    theta_R: embedding_X.embed_modules_list.0.embedding.mlps.4.0.bias
    theta_R: embedding_X.embed_modules_list.0.embedding.mlps.4.3.weight
    theta_R: embedding_X.embed_modules_list.0.embedding.mlps.4.3.bias
    theta_R: embedding_X.embed_modules_list.0.embedding.mlps.5.0.weight
    theta_R: embedding_X.embed_modules_list.0.embedding.mlps.5.0.bias
    theta_R: embedding_X.embed_modules_list.0.embedding.mlps.5.3.weight
    theta_R: embedding_X.embed_modules_list.0.embedding.mlps.5.3.bias
    theta_R: embedding_X.embed_modules_list.0.embedding.mlps.6.0.weight
    theta_R: embedding_X.embed_modules_list.0.embedding.mlps.6.0.bias
    theta_R: embedding_X.embed_modules_list.0.embedding.mlps.6.3.weight
    theta_R: embedding_X.embed_modules_list.0.embedding.mlps.6.3.bias
    theta_R: embedding_X.embed_modules_list.0.embedding.mlps.7.0.weight
    theta_R: embedding_X.embed_modules_list.0.embedding.mlps.7.0.bias
    theta_R: embedding_X.embed_modules_list.0.embedding.mlps.7.3.weight
    theta_R: embedding_X.embed_modules_list.0.embedding.mlps.7.3.bias
    theta_R: embedding_X.embed_modules_list.0.embedding.mlps.8.0.weight
    theta_R: embedding_X.embed_modules_list.0.embedding.mlps.8.0.bias
    theta_R: embedding_X.embed_modules_list.0.embedding.mlps.8.3.weight
    theta_R: embedding_X.embed_modules_list.0.embedding.mlps.8.3.bias
    theta_R: embedding_X.embed_modules_list.0.embedding.mlps.9.0.weight
    theta_R: embedding_X.embed_modules_list.0.embedding.mlps.9.0.bias
    theta_R: embedding_X.embed_modules_list.0.embedding.mlps.9.3.weight
    theta_R: embedding_X.embed_modules_list.0.embedding.mlps.9.3.bias
    theta_R: embedding_X.embed_modules_list.0.embedding.mlps.10.0.weight
    theta_R: embedding_X.embed_modules_list.0.embedding.mlps.10.0.bias
    theta_R: embedding_X.embed_modules_list.0.embedding.mlps.10.3.weight
    theta_R: embedding_X.embed_modules_list.0.embedding.mlps.10.3.bias
    theta_R: embedding_X.embed_modules_list.0.embedding.mlps.11.0.weight
    theta_R: embedding_X.embed_modules_list.0.embedding.mlps.11.0.bias
    theta_R: embedding_X.embed_modules_list.0.embedding.mlps.11.3.weight
    theta_R: embedding_X.embed_modules_list.0.embedding.mlps.11.3.bias
    theta_R: embedding_X.embed_modules_list.0.embedding.mlps.12.0.weight
    theta_R: embedding_X.embed_modules_list.0.embedding.mlps.12.0.bias
    theta_R: embedding_X.embed_modules_list.0.embedding.mlps.12.3.weight
    theta_R: embedding_X.embed_modules_list.0.embedding.mlps.12.3.bias
    theta_R: embedding_X.embed_modules_list.0.embedding.mlps.13.0.weight
    theta_R: embedding_X.embed_modules_list.0.embedding.mlps.13.0.bias
    theta_R: embedding_X.embed_modules_list.0.embedding.mlps.13.3.weight
    theta_R: embedding_X.embed_modules_list.0.embedding.mlps.13.3.bias
    theta_R: embedding_X.embed_modules_list.0.embedding.mlps.14.0.weight
    theta_R: embedding_X.embed_modules_list.0.embedding.mlps.14.0.bias
    theta_R: embedding_X.embed_modules_list.0.embedding.mlps.14.3.weight
    theta_R: embedding_X.embed_modules_list.0.embedding.mlps.14.3.bias
    theta_R: embedding_X.embed_modules_list.0.embedding.mlps.15.0.weight
    theta_R: embedding_X.embed_modules_list.0.embedding.mlps.15.0.bias
    theta_R: embedding_X.embed_modules_list.0.embedding.mlps.15.3.weight
    theta_R: embedding_X.embed_modules_list.0.embedding.mlps.15.3.bias
    theta_R: embedding_X.embed_modules_list.0.embedding.mlps.16.0.weight
    theta_R: embedding_X.embed_modules_list.0.embedding.mlps.16.0.bias
    theta_R: embedding_X.embed_modules_list.0.embedding.mlps.16.3.weight
    theta_R: embedding_X.embed_modules_list.0.embedding.mlps.16.3.bias
    theta_R: embedding_X.embed_modules_list.0.embedding.mlps.17.0.weight
    theta_R: embedding_X.embed_modules_list.0.embedding.mlps.17.0.bias
    theta_R: embedding_X.embed_modules_list.0.embedding.mlps.17.3.weight
    theta_R: embedding_X.embed_modules_list.0.embedding.mlps.17.3.bias
    theta_R: embedding_X.embed_modules_list.1.embedding.embedding.weight
    theta_R: attention.value_projection.weight
    theta_R: attention.value_projection.bias
    theta_R: attention.out_projection.weight
    theta_R: attention.out_projection.bias
    theta_R: norm1.norm.weight
    theta_R: norm1.norm.bias
    theta_R: norm2.norm.weight
    theta_R: norm2.norm.bias
    theta_R: linear1.weight
    theta_R: linear1.bias
    theta_R: linear2.weight
    theta_R: linear2.bias
    theta_R: forecaster.mlps.0.0.weight
    theta_R: forecaster.mlps.0.0.bias
    theta_R: forecaster.mlps.0.3.weight
    theta_R: forecaster.mlps.0.3.bias
    theta_R: forecaster.mlps.1.0.weight
    theta_R: forecaster.mlps.1.0.bias
    theta_R: forecaster.mlps.1.3.weight
    theta_R: forecaster.mlps.1.3.bias
    theta_R: forecaster.mlps.2.0.weight
    theta_R: forecaster.mlps.2.0.bias
    theta_R: forecaster.mlps.2.3.weight
    theta_R: forecaster.mlps.2.3.bias
    theta_R: forecaster.mlps.3.0.weight
    theta_R: forecaster.mlps.3.0.bias
    theta_R: forecaster.mlps.3.3.weight
    theta_R: forecaster.mlps.3.3.bias
    theta_R: forecaster.mlps.4.0.weight
    theta_R: forecaster.mlps.4.0.bias
    theta_R: forecaster.mlps.4.3.weight
    theta_R: forecaster.mlps.4.3.bias
    theta_R: forecaster.mlps.5.0.weight
    theta_R: forecaster.mlps.5.0.bias
    theta_R: forecaster.mlps.5.3.weight
    theta_R: forecaster.mlps.5.3.bias
    theta_R: forecaster.mlps.6.0.weight
    theta_R: forecaster.mlps.6.0.bias
    theta_R: forecaster.mlps.6.3.weight
    theta_R: forecaster.mlps.6.3.bias
    theta_R: forecaster.mlps.7.0.weight
    theta_R: forecaster.mlps.7.0.bias
    theta_R: forecaster.mlps.7.3.weight
    theta_R: forecaster.mlps.7.3.bias
    theta_R: forecaster.mlps.8.0.weight
    theta_R: forecaster.mlps.8.0.bias
    theta_R: forecaster.mlps.8.3.weight
    theta_R: forecaster.mlps.8.3.bias
    theta_R: forecaster.mlps.9.0.weight
    theta_R: forecaster.mlps.9.0.bias
    theta_R: forecaster.mlps.9.3.weight
    theta_R: forecaster.mlps.9.3.bias
    theta_R: forecaster.mlps.10.0.weight
    theta_R: forecaster.mlps.10.0.bias
    theta_R: forecaster.mlps.10.3.weight
    theta_R: forecaster.mlps.10.3.bias
    theta_R: forecaster.mlps.11.0.weight
    theta_R: forecaster.mlps.11.0.bias
    theta_R: forecaster.mlps.11.3.weight
    theta_R: forecaster.mlps.11.3.bias
    theta_R: forecaster.mlps.12.0.weight
    theta_R: forecaster.mlps.12.0.bias
    theta_R: forecaster.mlps.12.3.weight
    theta_R: forecaster.mlps.12.3.bias
    theta_R: forecaster.mlps.13.0.weight
    theta_R: forecaster.mlps.13.0.bias
    theta_R: forecaster.mlps.13.3.weight
    theta_R: forecaster.mlps.13.3.bias
    theta_R: forecaster.mlps.14.0.weight
    theta_R: forecaster.mlps.14.0.bias
    theta_R: forecaster.mlps.14.3.weight
    theta_R: forecaster.mlps.14.3.bias
    theta_R: forecaster.mlps.15.0.weight
    theta_R: forecaster.mlps.15.0.bias
    theta_R: forecaster.mlps.15.3.weight
    theta_R: forecaster.mlps.15.3.bias
    theta_R: forecaster.mlps.16.0.weight
    theta_R: forecaster.mlps.16.0.bias
    theta_R: forecaster.mlps.16.3.weight
    theta_R: forecaster.mlps.16.3.bias
    theta_R: forecaster.mlps.17.0.weight
    theta_R: forecaster.mlps.17.0.bias
    theta_R: forecaster.mlps.17.3.weight
    theta_R: forecaster.mlps.17.3.bias
    theta_R: forecaster.mlps.18.0.weight
    theta_R: forecaster.mlps.18.0.bias
    theta_R: forecaster.mlps.18.3.weight
    theta_R: forecaster.mlps.18.3.bias
    theta_R: forecaster.mlps.19.0.weight
    theta_R: forecaster.mlps.19.0.bias
    theta_R: forecaster.mlps.19.3.weight
    theta_R: forecaster.mlps.19.3.bias
no_NT epoch 49: mean H (off-diag) = 0.01508
Gradient routing parameter classification:
  Structural:        3 tensors, 900 params (1.4%)
  Reconstruction:  174 tensors, 65,420 params (98.6%)

  Structural parameters:
    theta_S: attention.inner_attention.query_norm_log_scale
    theta_S: query_embed_X.embedding.weight
    theta_S: query_embed_S.embedding.weight

  Reconstruction parameters:
    theta_R: embedding_S.embed_modules_list.0.embedding.mlps.0.0.weight
    theta_R: embedding_S.embed_modules_list.0.embedding.mlps.0.0.bias
    theta_R: embedding_S.embed_modules_list.0.embedding.mlps.0.3.weight
    theta_R: embedding_S.embed_modules_list.0.embedding.mlps.0.3.bias
    theta_R: embedding_S.embed_modules_list.0.embedding.mlps.1.0.weight
    theta_R: embedding_S.embed_modules_list.0.embedding.mlps.1.0.bias
    theta_R: embedding_S.embed_modules_list.0.embedding.mlps.1.3.weight
    theta_R: embedding_S.embed_modules_list.0.embedding.mlps.1.3.bias
    theta_R: embedding_S.embed_modules_list.1.embedding.embedding.weight
    theta_R: embedding_X.embed_modules_list.0.embedding.mlps.0.0.weight
    theta_R: embedding_X.embed_modules_list.0.embedding.mlps.0.0.bias
    theta_R: embedding_X.embed_modules_list.0.embedding.mlps.0.3.weight
    theta_R: embedding_X.embed_modules_list.0.embedding.mlps.0.3.bias
    theta_R: embedding_X.embed_modules_list.0.embedding.mlps.1.0.weight
    theta_R: embedding_X.embed_modules_list.0.embedding.mlps.1.0.bias
    theta_R: embedding_X.embed_modules_list.0.embedding.mlps.1.3.weight
    theta_R: embedding_X.embed_modules_list.0.embedding.mlps.1.3.bias
    theta_R: embedding_X.embed_modules_list.0.embedding.mlps.2.0.weight
    theta_R: embedding_X.embed_modules_list.0.embedding.mlps.2.0.bias
    theta_R: embedding_X.embed_modules_list.0.embedding.mlps.2.3.weight
    theta_R: embedding_X.embed_modules_list.0.embedding.mlps.2.3.bias
    theta_R: embedding_X.embed_modules_list.0.embedding.mlps.3.0.weight
    theta_R: embedding_X.embed_modules_list.0.embedding.mlps.3.0.bias
    theta_R: embedding_X.embed_modules_list.0.embedding.mlps.3.3.weight
    theta_R: embedding_X.embed_modules_list.0.embedding.mlps.3.3.bias
    theta_R: embedding_X.embed_modules_list.0.embedding.mlps.4.0.weight
    theta_R: embedding_X.embed_modules_list.0.embedding.mlps.4.0.bias
    theta_R: embedding_X.embed_modules_list.0.embedding.mlps.4.3.weight
    theta_R: embedding_X.embed_modules_list.0.embedding.mlps.4.3.bias
    theta_R: embedding_X.embed_modules_list.0.embedding.mlps.5.0.weight
    theta_R: embedding_X.embed_modules_list.0.embedding.mlps.5.0.bias
    theta_R: embedding_X.embed_modules_list.0.embedding.mlps.5.3.weight
    theta_R: embedding_X.embed_modules_list.0.embedding.mlps.5.3.bias
    theta_R: embedding_X.embed_modules_list.0.embedding.mlps.6.0.weight
    theta_R: embedding_X.embed_modules_list.0.embedding.mlps.6.0.bias
    theta_R: embedding_X.embed_modules_list.0.embedding.mlps.6.3.weight
    theta_R: embedding_X.embed_modules_list.0.embedding.mlps.6.3.bias
    theta_R: embedding_X.embed_modules_list.0.embedding.mlps.7.0.weight
    theta_R: embedding_X.embed_modules_list.0.embedding.mlps.7.0.bias
    theta_R: embedding_X.embed_modules_list.0.embedding.mlps.7.3.weight
    theta_R: embedding_X.embed_modules_list.0.embedding.mlps.7.3.bias
    theta_R: embedding_X.embed_modules_list.0.embedding.mlps.8.0.weight
    theta_R: embedding_X.embed_modules_list.0.embedding.mlps.8.0.bias
    theta_R: embedding_X.embed_modules_list.0.embedding.mlps.8.3.weight
    theta_R: embedding_X.embed_modules_list.0.embedding.mlps.8.3.bias
    theta_R: embedding_X.embed_modules_list.0.embedding.mlps.9.0.weight
    theta_R: embedding_X.embed_modules_list.0.embedding.mlps.9.0.bias
    theta_R: embedding_X.embed_modules_list.0.embedding.mlps.9.3.weight
    theta_R: embedding_X.embed_modules_list.0.embedding.mlps.9.3.bias
    theta_R: embedding_X.embed_modules_list.0.embedding.mlps.10.0.weight
    theta_R: embedding_X.embed_modules_list.0.embedding.mlps.10.0.bias
    theta_R: embedding_X.embed_modules_list.0.embedding.mlps.10.3.weight
    theta_R: embedding_X.embed_modules_list.0.embedding.mlps.10.3.bias
    theta_R: embedding_X.embed_modules_list.0.embedding.mlps.11.0.weight
    theta_R: embedding_X.embed_modules_list.0.embedding.mlps.11.0.bias
    theta_R: embedding_X.embed_modules_list.0.embedding.mlps.11.3.weight
    theta_R: embedding_X.embed_modules_list.0.embedding.mlps.11.3.bias
    theta_R: embedding_X.embed_modules_list.0.embedding.mlps.12.0.weight
    theta_R: embedding_X.embed_modules_list.0.embedding.mlps.12.0.bias
    theta_R: embedding_X.embed_modules_list.0.embedding.mlps.12.3.weight
    theta_R: embedding_X.embed_modules_list.0.embedding.mlps.12.3.bias
    theta_R: embedding_X.embed_modules_list.0.embedding.mlps.13.0.weight
    theta_R: embedding_X.embed_modules_list.0.embedding.mlps.13.0.bias
    theta_R: embedding_X.embed_modules_list.0.embedding.mlps.13.3.weight
    theta_R: embedding_X.embed_modules_list.0.embedding.mlps.13.3.bias
    theta_R: embedding_X.embed_modules_list.0.embedding.mlps.14.0.weight
    theta_R: embedding_X.embed_modules_list.0.embedding.mlps.14.0.bias
    theta_R: embedding_X.embed_modules_list.0.embedding.mlps.14.3.weight
    theta_R: embedding_X.embed_modules_list.0.embedding.mlps.14.3.bias
    theta_R: embedding_X.embed_modules_list.0.embedding.mlps.15.0.weight
    theta_R: embedding_X.embed_modules_list.0.embedding.mlps.15.0.bias
    theta_R: embedding_X.embed_modules_list.0.embedding.mlps.15.3.weight
    theta_R: embedding_X.embed_modules_list.0.embedding.mlps.15.3.bias
    theta_R: embedding_X.embed_modules_list.0.embedding.mlps.16.0.weight
    theta_R: embedding_X.embed_modules_list.0.embedding.mlps.16.0.bias
    theta_R: embedding_X.embed_modules_list.0.embedding.mlps.16.3.weight
    theta_R: embedding_X.embed_modules_list.0.embedding.mlps.16.3.bias
    theta_R: embedding_X.embed_modules_list.0.embedding.mlps.17.0.weight
    theta_R: embedding_X.embed_modules_list.0.embedding.mlps.17.0.bias
    theta_R: embedding_X.embed_modules_list.0.embedding.mlps.17.3.weight
    theta_R: embedding_X.embed_modules_list.0.embedding.mlps.17.3.bias
    theta_R: embedding_X.embed_modules_list.1.embedding.embedding.weight
    theta_R: attention.value_projection.weight
    theta_R: attention.value_projection.bias
    theta_R: attention.out_projection.weight
    theta_R: attention.out_projection.bias
    theta_R: norm1.norm.weight
    theta_R: norm1.norm.bias
    theta_R: norm2.norm.weight
    theta_R: norm2.norm.bias
    theta_R: linear1.weight
    theta_R: linear1.bias
    theta_R: linear2.weight
    theta_R: linear2.bias
    theta_R: forecaster.mlps.0.0.weight
    theta_R: forecaster.mlps.0.0.bias
    theta_R: forecaster.mlps.0.3.weight
    theta_R: forecaster.mlps.0.3.bias
    theta_R: forecaster.mlps.1.0.weight
    theta_R: forecaster.mlps.1.0.bias
    theta_R: forecaster.mlps.1.3.weight
    theta_R: forecaster.mlps.1.3.bias
    theta_R: forecaster.mlps.2.0.weight
    theta_R: forecaster.mlps.2.0.bias
    theta_R: forecaster.mlps.2.3.weight
    theta_R: forecaster.mlps.2.3.bias
    theta_R: forecaster.mlps.3.0.weight
    theta_R: forecaster.mlps.3.0.bias
    theta_R: forecaster.mlps.3.3.weight
    theta_R: forecaster.mlps.3.3.bias
    theta_R: forecaster.mlps.4.0.weight
    theta_R: forecaster.mlps.4.0.bias
    theta_R: forecaster.mlps.4.3.weight
    theta_R: forecaster.mlps.4.3.bias
    theta_R: forecaster.mlps.5.0.weight
    theta_R: forecaster.mlps.5.0.bias
    theta_R: forecaster.mlps.5.3.weight
    theta_R: forecaster.mlps.5.3.bias
    theta_R: forecaster.mlps.6.0.weight
    theta_R: forecaster.mlps.6.0.bias
    theta_R: forecaster.mlps.6.3.weight
    theta_R: forecaster.mlps.6.3.bias
    theta_R: forecaster.mlps.7.0.weight
    theta_R: forecaster.mlps.7.0.bias
    theta_R: forecaster.mlps.7.3.weight
    theta_R: forecaster.mlps.7.3.bias
    theta_R: forecaster.mlps.8.0.weight
    theta_R: forecaster.mlps.8.0.bias
    theta_R: forecaster.mlps.8.3.weight
    theta_R: forecaster.mlps.8.3.bias
    theta_R: forecaster.mlps.9.0.weight
    theta_R: forecaster.mlps.9.0.bias
    theta_R: forecaster.mlps.9.3.weight
    theta_R: forecaster.mlps.9.3.bias
    theta_R: forecaster.mlps.10.0.weight
    theta_R: forecaster.mlps.10.0.bias
    theta_R: forecaster.mlps.10.3.weight
    theta_R: forecaster.mlps.10.3.bias
    theta_R: forecaster.mlps.11.0.weight
    theta_R: forecaster.mlps.11.0.bias
    theta_R: forecaster.mlps.11.3.weight
    theta_R: forecaster.mlps.11.3.bias
    theta_R: forecaster.mlps.12.0.weight
    theta_R: forecaster.mlps.12.0.bias
    theta_R: forecaster.mlps.12.3.weight
    theta_R: forecaster.mlps.12.3.bias
    theta_R: forecaster.mlps.13.0.weight
    theta_R: forecaster.mlps.13.0.bias
    theta_R: forecaster.mlps.13.3.weight
    theta_R: forecaster.mlps.13.3.bias
    theta_R: forecaster.mlps.14.0.weight
    theta_R: forecaster.mlps.14.0.bias
    theta_R: forecaster.mlps.14.3.weight
    theta_R: forecaster.mlps.14.3.bias
    theta_R: forecaster.mlps.15.0.weight
    theta_R: forecaster.mlps.15.0.bias
    theta_R: forecaster.mlps.15.3.weight
    theta_R: forecaster.mlps.15.3.bias
    theta_R: forecaster.mlps.16.0.weight
    theta_R: forecaster.mlps.16.0.bias
    theta_R: forecaster.mlps.16.3.weight
    theta_R: forecaster.mlps.16.3.bias
    theta_R: forecaster.mlps.17.0.weight
    theta_R: forecaster.mlps.17.0.bias
    theta_R: forecaster.mlps.17.3.weight
    theta_R: forecaster.mlps.17.3.bias
    theta_R: forecaster.mlps.18.0.weight
    theta_R: forecaster.mlps.18.0.bias
    theta_R: forecaster.mlps.18.3.weight
    theta_R: forecaster.mlps.18.3.bias
    theta_R: forecaster.mlps.19.0.weight
    theta_R: forecaster.mlps.19.0.bias
    theta_R: forecaster.mlps.19.3.weight
    theta_R: forecaster.mlps.19.3.bias
no_NT epoch 199: mean H (off-diag) = 0.00624
Gradient routing parameter classification:
  Structural:        3 tensors, 900 params (1.4%)
  Reconstruction:  174 tensors, 65,420 params (98.6%)

  Structural parameters:
    theta_S: attention.inner_attention.query_norm_log_scale
    theta_S: query_embed_X.embedding.weight
    theta_S: query_embed_S.embedding.weight

  Reconstruction parameters:
    theta_R: embedding_S.embed_modules_list.0.embedding.mlps.0.0.weight
    theta_R: embedding_S.embed_modules_list.0.embedding.mlps.0.0.bias
    theta_R: embedding_S.embed_modules_list.0.embedding.mlps.0.3.weight
    theta_R: embedding_S.embed_modules_list.0.embedding.mlps.0.3.bias
    theta_R: embedding_S.embed_modules_list.0.embedding.mlps.1.0.weight
    theta_R: embedding_S.embed_modules_list.0.embedding.mlps.1.0.bias
    theta_R: embedding_S.embed_modules_list.0.embedding.mlps.1.3.weight
    theta_R: embedding_S.embed_modules_list.0.embedding.mlps.1.3.bias
    theta_R: embedding_S.embed_modules_list.1.embedding.embedding.weight
    theta_R: embedding_X.embed_modules_list.0.embedding.mlps.0.0.weight
    theta_R: embedding_X.embed_modules_list.0.embedding.mlps.0.0.bias
    theta_R: embedding_X.embed_modules_list.0.embedding.mlps.0.3.weight
    theta_R: embedding_X.embed_modules_list.0.embedding.mlps.0.3.bias
    theta_R: embedding_X.embed_modules_list.0.embedding.mlps.1.0.weight
    theta_R: embedding_X.embed_modules_list.0.embedding.mlps.1.0.bias
    theta_R: embedding_X.embed_modules_list.0.embedding.mlps.1.3.weight
    theta_R: embedding_X.embed_modules_list.0.embedding.mlps.1.3.bias
    theta_R: embedding_X.embed_modules_list.0.embedding.mlps.2.0.weight
    theta_R: embedding_X.embed_modules_list.0.embedding.mlps.2.0.bias
    theta_R: embedding_X.embed_modules_list.0.embedding.mlps.2.3.weight
    theta_R: embedding_X.embed_modules_list.0.embedding.mlps.2.3.bias
    theta_R: embedding_X.embed_modules_list.0.embedding.mlps.3.0.weight
    theta_R: embedding_X.embed_modules_list.0.embedding.mlps.3.0.bias
    theta_R: embedding_X.embed_modules_list.0.embedding.mlps.3.3.weight
    theta_R: embedding_X.embed_modules_list.0.embedding.mlps.3.3.bias
    theta_R: embedding_X.embed_modules_list.0.embedding.mlps.4.0.weight
    theta_R: embedding_X.embed_modules_list.0.embedding.mlps.4.0.bias
    theta_R: embedding_X.embed_modules_list.0.embedding.mlps.4.3.weight
    theta_R: embedding_X.embed_modules_list.0.embedding.mlps.4.3.bias
    theta_R: embedding_X.embed_modules_list.0.embedding.mlps.5.0.weight
    theta_R: embedding_X.embed_modules_list.0.embedding.mlps.5.0.bias
    theta_R: embedding_X.embed_modules_list.0.embedding.mlps.5.3.weight
    theta_R: embedding_X.embed_modules_list.0.embedding.mlps.5.3.bias
    theta_R: embedding_X.embed_modules_list.0.embedding.mlps.6.0.weight
    theta_R: embedding_X.embed_modules_list.0.embedding.mlps.6.0.bias
    theta_R: embedding_X.embed_modules_list.0.embedding.mlps.6.3.weight
    theta_R: embedding_X.embed_modules_list.0.embedding.mlps.6.3.bias
    theta_R: embedding_X.embed_modules_list.0.embedding.mlps.7.0.weight
    theta_R: embedding_X.embed_modules_list.0.embedding.mlps.7.0.bias
    theta_R: embedding_X.embed_modules_list.0.embedding.mlps.7.3.weight
    theta_R: embedding_X.embed_modules_list.0.embedding.mlps.7.3.bias
    theta_R: embedding_X.embed_modules_list.0.embedding.mlps.8.0.weight
    theta_R: embedding_X.embed_modules_list.0.embedding.mlps.8.0.bias
    theta_R: embedding_X.embed_modules_list.0.embedding.mlps.8.3.weight
    theta_R: embedding_X.embed_modules_list.0.embedding.mlps.8.3.bias
    theta_R: embedding_X.embed_modules_list.0.embedding.mlps.9.0.weight
    theta_R: embedding_X.embed_modules_list.0.embedding.mlps.9.0.bias
    theta_R: embedding_X.embed_modules_list.0.embedding.mlps.9.3.weight
    theta_R: embedding_X.embed_modules_list.0.embedding.mlps.9.3.bias
    theta_R: embedding_X.embed_modules_list.0.embedding.mlps.10.0.weight
    theta_R: embedding_X.embed_modules_list.0.embedding.mlps.10.0.bias
    theta_R: embedding_X.embed_modules_list.0.embedding.mlps.10.3.weight
    theta_R: embedding_X.embed_modules_list.0.embedding.mlps.10.3.bias
    theta_R: embedding_X.embed_modules_list.0.embedding.mlps.11.0.weight
    theta_R: embedding_X.embed_modules_list.0.embedding.mlps.11.0.bias
    theta_R: embedding_X.embed_modules_list.0.embedding.mlps.11.3.weight
    theta_R: embedding_X.embed_modules_list.0.embedding.mlps.11.3.bias
    theta_R: embedding_X.embed_modules_list.0.embedding.mlps.12.0.weight
    theta_R: embedding_X.embed_modules_list.0.embedding.mlps.12.0.bias
    theta_R: embedding_X.embed_modules_list.0.embedding.mlps.12.3.weight
    theta_R: embedding_X.embed_modules_list.0.embedding.mlps.12.3.bias
    theta_R: embedding_X.embed_modules_list.0.embedding.mlps.13.0.weight
    theta_R: embedding_X.embed_modules_list.0.embedding.mlps.13.0.bias
    theta_R: embedding_X.embed_modules_list.0.embedding.mlps.13.3.weight
    theta_R: embedding_X.embed_modules_list.0.embedding.mlps.13.3.bias
    theta_R: embedding_X.embed_modules_list.0.embedding.mlps.14.0.weight
    theta_R: embedding_X.embed_modules_list.0.embedding.mlps.14.0.bias
    theta_R: embedding_X.embed_modules_list.0.embedding.mlps.14.3.weight
    theta_R: embedding_X.embed_modules_list.0.embedding.mlps.14.3.bias
    theta_R: embedding_X.embed_modules_list.0.embedding.mlps.15.0.weight
    theta_R: embedding_X.embed_modules_list.0.embedding.mlps.15.0.bias
    theta_R: embedding_X.embed_modules_list.0.embedding.mlps.15.3.weight
    theta_R: embedding_X.embed_modules_list.0.embedding.mlps.15.3.bias
    theta_R: embedding_X.embed_modules_list.0.embedding.mlps.16.0.weight
    theta_R: embedding_X.embed_modules_list.0.embedding.mlps.16.0.bias
    theta_R: embedding_X.embed_modules_list.0.embedding.mlps.16.3.weight
    theta_R: embedding_X.embed_modules_list.0.embedding.mlps.16.3.bias
    theta_R: embedding_X.embed_modules_list.0.embedding.mlps.17.0.weight
    theta_R: embedding_X.embed_modules_list.0.embedding.mlps.17.0.bias
    theta_R: embedding_X.embed_modules_list.0.embedding.mlps.17.3.weight
    theta_R: embedding_X.embed_modules_list.0.embedding.mlps.17.3.bias
    theta_R: embedding_X.embed_modules_list.1.embedding.embedding.weight
    theta_R: attention.value_projection.weight
    theta_R: attention.value_projection.bias
    theta_R: attention.out_projection.weight
    theta_R: attention.out_projection.bias
    theta_R: norm1.norm.weight
    theta_R: norm1.norm.bias
    theta_R: norm2.norm.weight
    theta_R: norm2.norm.bias
    theta_R: linear1.weight
    theta_R: linear1.bias
    theta_R: linear2.weight
    theta_R: linear2.bias
    theta_R: forecaster.mlps.0.0.weight
    theta_R: forecaster.mlps.0.0.bias
    theta_R: forecaster.mlps.0.3.weight
    theta_R: forecaster.mlps.0.3.bias
    theta_R: forecaster.mlps.1.0.weight
    theta_R: forecaster.mlps.1.0.bias
    theta_R: forecaster.mlps.1.3.weight
    theta_R: forecaster.mlps.1.3.bias
    theta_R: forecaster.mlps.2.0.weight
    theta_R: forecaster.mlps.2.0.bias
    theta_R: forecaster.mlps.2.3.weight
    theta_R: forecaster.mlps.2.3.bias
    theta_R: forecaster.mlps.3.0.weight
    theta_R: forecaster.mlps.3.0.bias
    theta_R: forecaster.mlps.3.3.weight
    theta_R: forecaster.mlps.3.3.bias
    theta_R: forecaster.mlps.4.0.weight
    theta_R: forecaster.mlps.4.0.bias
    theta_R: forecaster.mlps.4.3.weight
    theta_R: forecaster.mlps.4.3.bias
    theta_R: forecaster.mlps.5.0.weight
    theta_R: forecaster.mlps.5.0.bias
    theta_R: forecaster.mlps.5.3.weight
    theta_R: forecaster.mlps.5.3.bias
    theta_R: forecaster.mlps.6.0.weight
    theta_R: forecaster.mlps.6.0.bias
    theta_R: forecaster.mlps.6.3.weight
    theta_R: forecaster.mlps.6.3.bias
    theta_R: forecaster.mlps.7.0.weight
    theta_R: forecaster.mlps.7.0.bias
    theta_R: forecaster.mlps.7.3.weight
    theta_R: forecaster.mlps.7.3.bias
    theta_R: forecaster.mlps.8.0.weight
    theta_R: forecaster.mlps.8.0.bias
    theta_R: forecaster.mlps.8.3.weight
    theta_R: forecaster.mlps.8.3.bias
    theta_R: forecaster.mlps.9.0.weight
    theta_R: forecaster.mlps.9.0.bias
    theta_R: forecaster.mlps.9.3.weight
    theta_R: forecaster.mlps.9.3.bias
    theta_R: forecaster.mlps.10.0.weight
    theta_R: forecaster.mlps.10.0.bias
    theta_R: forecaster.mlps.10.3.weight
    theta_R: forecaster.mlps.10.3.bias
    theta_R: forecaster.mlps.11.0.weight
    theta_R: forecaster.mlps.11.0.bias
    theta_R: forecaster.mlps.11.3.weight
    theta_R: forecaster.mlps.11.3.bias
    theta_R: forecaster.mlps.12.0.weight
    theta_R: forecaster.mlps.12.0.bias
    theta_R: forecaster.mlps.12.3.weight
    theta_R: forecaster.mlps.12.3.bias
    theta_R: forecaster.mlps.13.0.weight
    theta_R: forecaster.mlps.13.0.bias
    theta_R: forecaster.mlps.13.3.weight
    theta_R: forecaster.mlps.13.3.bias
    theta_R: forecaster.mlps.14.0.weight
    theta_R: forecaster.mlps.14.0.bias
    theta_R: forecaster.mlps.14.3.weight
    theta_R: forecaster.mlps.14.3.bias
    theta_R: forecaster.mlps.15.0.weight
    theta_R: forecaster.mlps.15.0.bias
    theta_R: forecaster.mlps.15.3.weight
    theta_R: forecaster.mlps.15.3.bias
    theta_R: forecaster.mlps.16.0.weight
    theta_R: forecaster.mlps.16.0.bias
    theta_R: forecaster.mlps.16.3.weight
    theta_R: forecaster.mlps.16.3.bias
    theta_R: forecaster.mlps.17.0.weight
    theta_R: forecaster.mlps.17.0.bias
    theta_R: forecaster.mlps.17.3.weight
    theta_R: forecaster.mlps.17.3.bias
    theta_R: forecaster.mlps.18.0.weight
    theta_R: forecaster.mlps.18.0.bias
    theta_R: forecaster.mlps.18.3.weight
    theta_R: forecaster.mlps.18.3.bias
    theta_R: forecaster.mlps.19.0.weight
    theta_R: forecaster.mlps.19.0.bias
    theta_R: forecaster.mlps.19.3.weight
    theta_R: forecaster.mlps.19.3.bias
no_NT epoch 499: mean H (off-diag) = 0.00561
Gradient routing parameter classification:
  Structural:        3 tensors, 900 params (1.4%)
  Reconstruction:  174 tensors, 65,420 params (98.6%)

  Structural parameters:
    theta_S: attention.inner_attention.query_norm_log_scale
    theta_S: query_embed_X.embedding.weight
    theta_S: query_embed_S.embedding.weight

  Reconstruction parameters:
    theta_R: embedding_S.embed_modules_list.0.embedding.mlps.0.0.weight
    theta_R: embedding_S.embed_modules_list.0.embedding.mlps.0.0.bias
    theta_R: embedding_S.embed_modules_list.0.embedding.mlps.0.3.weight
    theta_R: embedding_S.embed_modules_list.0.embedding.mlps.0.3.bias
    theta_R: embedding_S.embed_modules_list.0.embedding.mlps.1.0.weight
    theta_R: embedding_S.embed_modules_list.0.embedding.mlps.1.0.bias
    theta_R: embedding_S.embed_modules_list.0.embedding.mlps.1.3.weight
    theta_R: embedding_S.embed_modules_list.0.embedding.mlps.1.3.bias
    theta_R: embedding_S.embed_modules_list.1.embedding.embedding.weight
    theta_R: embedding_X.embed_modules_list.0.embedding.mlps.0.0.weight
    theta_R: embedding_X.embed_modules_list.0.embedding.mlps.0.0.bias
    theta_R: embedding_X.embed_modules_list.0.embedding.mlps.0.3.weight
    theta_R: embedding_X.embed_modules_list.0.embedding.mlps.0.3.bias
    theta_R: embedding_X.embed_modules_list.0.embedding.mlps.1.0.weight
    theta_R: embedding_X.embed_modules_list.0.embedding.mlps.1.0.bias
    theta_R: embedding_X.embed_modules_list.0.embedding.mlps.1.3.weight
    theta_R: embedding_X.embed_modules_list.0.embedding.mlps.1.3.bias
    theta_R: embedding_X.embed_modules_list.0.embedding.mlps.2.0.weight
    theta_R: embedding_X.embed_modules_list.0.embedding.mlps.2.0.bias
    theta_R: embedding_X.embed_modules_list.0.embedding.mlps.2.3.weight
    theta_R: embedding_X.embed_modules_list.0.embedding.mlps.2.3.bias
    theta_R: embedding_X.embed_modules_list.0.embedding.mlps.3.0.weight
    theta_R: embedding_X.embed_modules_list.0.embedding.mlps.3.0.bias
    theta_R: embedding_X.embed_modules_list.0.embedding.mlps.3.3.weight
    theta_R: embedding_X.embed_modules_list.0.embedding.mlps.3.3.bias
    theta_R: embedding_X.embed_modules_list.0.embedding.mlps.4.0.weight
    theta_R: embedding_X.embed_modules_list.0.embedding.mlps.4.0.bias
    theta_R: embedding_X.embed_modules_list.0.embedding.mlps.4.3.weight
    theta_R: embedding_X.embed_modules_list.0.embedding.mlps.4.3.bias
    theta_R: embedding_X.embed_modules_list.0.embedding.mlps.5.0.weight
    theta_R: embedding_X.embed_modules_list.0.embedding.mlps.5.0.bias
    theta_R: embedding_X.embed_modules_list.0.embedding.mlps.5.3.weight
    theta_R: embedding_X.embed_modules_list.0.embedding.mlps.5.3.bias
    theta_R: embedding_X.embed_modules_list.0.embedding.mlps.6.0.weight
    theta_R: embedding_X.embed_modules_list.0.embedding.mlps.6.0.bias
    theta_R: embedding_X.embed_modules_list.0.embedding.mlps.6.3.weight
    theta_R: embedding_X.embed_modules_list.0.embedding.mlps.6.3.bias
    theta_R: embedding_X.embed_modules_list.0.embedding.mlps.7.0.weight
    theta_R: embedding_X.embed_modules_list.0.embedding.mlps.7.0.bias
    theta_R: embedding_X.embed_modules_list.0.embedding.mlps.7.3.weight
    theta_R: embedding_X.embed_modules_list.0.embedding.mlps.7.3.bias
    theta_R: embedding_X.embed_modules_list.0.embedding.mlps.8.0.weight
    theta_R: embedding_X.embed_modules_list.0.embedding.mlps.8.0.bias
    theta_R: embedding_X.embed_modules_list.0.embedding.mlps.8.3.weight
    theta_R: embedding_X.embed_modules_list.0.embedding.mlps.8.3.bias
    theta_R: embedding_X.embed_modules_list.0.embedding.mlps.9.0.weight
    theta_R: embedding_X.embed_modules_list.0.embedding.mlps.9.0.bias
    theta_R: embedding_X.embed_modules_list.0.embedding.mlps.9.3.weight
    theta_R: embedding_X.embed_modules_list.0.embedding.mlps.9.3.bias
    theta_R: embedding_X.embed_modules_list.0.embedding.mlps.10.0.weight
    theta_R: embedding_X.embed_modules_list.0.embedding.mlps.10.0.bias
    theta_R: embedding_X.embed_modules_list.0.embedding.mlps.10.3.weight
    theta_R: embedding_X.embed_modules_list.0.embedding.mlps.10.3.bias
    theta_R: embedding_X.embed_modules_list.0.embedding.mlps.11.0.weight
    theta_R: embedding_X.embed_modules_list.0.embedding.mlps.11.0.bias
    theta_R: embedding_X.embed_modules_list.0.embedding.mlps.11.3.weight
    theta_R: embedding_X.embed_modules_list.0.embedding.mlps.11.3.bias
    theta_R: embedding_X.embed_modules_list.0.embedding.mlps.12.0.weight
    theta_R: embedding_X.embed_modules_list.0.embedding.mlps.12.0.bias
    theta_R: embedding_X.embed_modules_list.0.embedding.mlps.12.3.weight
    theta_R: embedding_X.embed_modules_list.0.embedding.mlps.12.3.bias
    theta_R: embedding_X.embed_modules_list.0.embedding.mlps.13.0.weight
    theta_R: embedding_X.embed_modules_list.0.embedding.mlps.13.0.bias
    theta_R: embedding_X.embed_modules_list.0.embedding.mlps.13.3.weight
    theta_R: embedding_X.embed_modules_list.0.embedding.mlps.13.3.bias
    theta_R: embedding_X.embed_modules_list.0.embedding.mlps.14.0.weight
    theta_R: embedding_X.embed_modules_list.0.embedding.mlps.14.0.bias
    theta_R: embedding_X.embed_modules_list.0.embedding.mlps.14.3.weight
    theta_R: embedding_X.embed_modules_list.0.embedding.mlps.14.3.bias
    theta_R: embedding_X.embed_modules_list.0.embedding.mlps.15.0.weight
    theta_R: embedding_X.embed_modules_list.0.embedding.mlps.15.0.bias
    theta_R: embedding_X.embed_modules_list.0.embedding.mlps.15.3.weight
    theta_R: embedding_X.embed_modules_list.0.embedding.mlps.15.3.bias
    theta_R: embedding_X.embed_modules_list.0.embedding.mlps.16.0.weight
    theta_R: embedding_X.embed_modules_list.0.embedding.mlps.16.0.bias
    theta_R: embedding_X.embed_modules_list.0.embedding.mlps.16.3.weight
    theta_R: embedding_X.embed_modules_list.0.embedding.mlps.16.3.bias
    theta_R: embedding_X.embed_modules_list.0.embedding.mlps.17.0.weight
    theta_R: embedding_X.embed_modules_list.0.embedding.mlps.17.0.bias
    theta_R: embedding_X.embed_modules_list.0.embedding.mlps.17.3.weight
    theta_R: embedding_X.embed_modules_list.0.embedding.mlps.17.3.bias
    theta_R: embedding_X.embed_modules_list.1.embedding.embedding.weight
    theta_R: attention.value_projection.weight
    theta_R: attention.value_projection.bias
    theta_R: attention.out_projection.weight
    theta_R: attention.out_projection.bias
    theta_R: norm1.norm.weight
    theta_R: norm1.norm.bias
    theta_R: norm2.norm.weight
    theta_R: norm2.norm.bias
    theta_R: linear1.weight
    theta_R: linear1.bias
    theta_R: linear2.weight
    theta_R: linear2.bias
    theta_R: forecaster.mlps.0.0.weight
    theta_R: forecaster.mlps.0.0.bias
    theta_R: forecaster.mlps.0.3.weight
    theta_R: forecaster.mlps.0.3.bias
    theta_R: forecaster.mlps.1.0.weight
    theta_R: forecaster.mlps.1.0.bias
    theta_R: forecaster.mlps.1.3.weight
    theta_R: forecaster.mlps.1.3.bias
    theta_R: forecaster.mlps.2.0.weight
    theta_R: forecaster.mlps.2.0.bias
    theta_R: forecaster.mlps.2.3.weight
    theta_R: forecaster.mlps.2.3.bias
    theta_R: forecaster.mlps.3.0.weight
    theta_R: forecaster.mlps.3.0.bias
    theta_R: forecaster.mlps.3.3.weight
    theta_R: forecaster.mlps.3.3.bias
    theta_R: forecaster.mlps.4.0.weight
    theta_R: forecaster.mlps.4.0.bias
    theta_R: forecaster.mlps.4.3.weight
    theta_R: forecaster.mlps.4.3.bias
    theta_R: forecaster.mlps.5.0.weight
    theta_R: forecaster.mlps.5.0.bias
    theta_R: forecaster.mlps.5.3.weight
    theta_R: forecaster.mlps.5.3.bias
    theta_R: forecaster.mlps.6.0.weight
    theta_R: forecaster.mlps.6.0.bias
    theta_R: forecaster.mlps.6.3.weight
    theta_R: forecaster.mlps.6.3.bias
    theta_R: forecaster.mlps.7.0.weight
    theta_R: forecaster.mlps.7.0.bias
    theta_R: forecaster.mlps.7.3.weight
    theta_R: forecaster.mlps.7.3.bias
    theta_R: forecaster.mlps.8.0.weight
    theta_R: forecaster.mlps.8.0.bias
    theta_R: forecaster.mlps.8.3.weight
    theta_R: forecaster.mlps.8.3.bias
    theta_R: forecaster.mlps.9.0.weight
    theta_R: forecaster.mlps.9.0.bias
    theta_R: forecaster.mlps.9.3.weight
    theta_R: forecaster.mlps.9.3.bias
    theta_R: forecaster.mlps.10.0.weight
    theta_R: forecaster.mlps.10.0.bias
    theta_R: forecaster.mlps.10.3.weight
    theta_R: forecaster.mlps.10.3.bias
    theta_R: forecaster.mlps.11.0.weight
    theta_R: forecaster.mlps.11.0.bias
    theta_R: forecaster.mlps.11.3.weight
    theta_R: forecaster.mlps.11.3.bias
    theta_R: forecaster.mlps.12.0.weight
    theta_R: forecaster.mlps.12.0.bias
    theta_R: forecaster.mlps.12.3.weight
    theta_R: forecaster.mlps.12.3.bias
    theta_R: forecaster.mlps.13.0.weight
    theta_R: forecaster.mlps.13.0.bias
    theta_R: forecaster.mlps.13.3.weight
    theta_R: forecaster.mlps.13.3.bias
    theta_R: forecaster.mlps.14.0.weight
    theta_R: forecaster.mlps.14.0.bias
    theta_R: forecaster.mlps.14.3.weight
    theta_R: forecaster.mlps.14.3.bias
    theta_R: forecaster.mlps.15.0.weight
    theta_R: forecaster.mlps.15.0.bias
    theta_R: forecaster.mlps.15.3.weight
    theta_R: forecaster.mlps.15.3.bias
    theta_R: forecaster.mlps.16.0.weight
    theta_R: forecaster.mlps.16.0.bias
    theta_R: forecaster.mlps.16.3.weight
    theta_R: forecaster.mlps.16.3.bias
    theta_R: forecaster.mlps.17.0.weight
    theta_R: forecaster.mlps.17.0.bias
    theta_R: forecaster.mlps.17.3.weight
    theta_R: forecaster.mlps.17.3.bias
    theta_R: forecaster.mlps.18.0.weight
    theta_R: forecaster.mlps.18.0.bias
    theta_R: forecaster.mlps.18.3.weight
    theta_R: forecaster.mlps.18.3.bias
    theta_R: forecaster.mlps.19.0.weight
    theta_R: forecaster.mlps.19.0.bias
    theta_R: forecaster.mlps.19.3.weight
    theta_R: forecaster.mlps.19.3.bias
no_NT epoch 999: mean H (off-diag) = 0.00409
Gradient routing parameter classification:
  Structural:        3 tensors, 900 params (1.4%)
  Reconstruction:  174 tensors, 65,420 params (98.6%)

  Structural parameters:
    theta_S: attention.inner_attention.query_norm_log_scale
    theta_S: query_embed_X.embedding.weight
    theta_S: query_embed_S.embedding.weight

  Reconstruction parameters:
    theta_R: embedding_S.embed_modules_list.0.embedding.mlps.0.0.weight
    theta_R: embedding_S.embed_modules_list.0.embedding.mlps.0.0.bias
    theta_R: embedding_S.embed_modules_list.0.embedding.mlps.0.3.weight
    theta_R: embedding_S.embed_modules_list.0.embedding.mlps.0.3.bias
    theta_R: embedding_S.embed_modules_list.0.embedding.mlps.1.0.weight
    theta_R: embedding_S.embed_modules_list.0.embedding.mlps.1.0.bias
    theta_R: embedding_S.embed_modules_list.0.embedding.mlps.1.3.weight
    theta_R: embedding_S.embed_modules_list.0.embedding.mlps.1.3.bias
    theta_R: embedding_S.embed_modules_list.1.embedding.embedding.weight
    theta_R: embedding_X.embed_modules_list.0.embedding.mlps.0.0.weight
    theta_R: embedding_X.embed_modules_list.0.embedding.mlps.0.0.bias
    theta_R: embedding_X.embed_modules_list.0.embedding.mlps.0.3.weight
    theta_R: embedding_X.embed_modules_list.0.embedding.mlps.0.3.bias
    theta_R: embedding_X.embed_modules_list.0.embedding.mlps.1.0.weight
    theta_R: embedding_X.embed_modules_list.0.embedding.mlps.1.0.bias
    theta_R: embedding_X.embed_modules_list.0.embedding.mlps.1.3.weight
    theta_R: embedding_X.embed_modules_list.0.embedding.mlps.1.3.bias
    theta_R: embedding_X.embed_modules_list.0.embedding.mlps.2.0.weight
    theta_R: embedding_X.embed_modules_list.0.embedding.mlps.2.0.bias
    theta_R: embedding_X.embed_modules_list.0.embedding.mlps.2.3.weight
    theta_R: embedding_X.embed_modules_list.0.embedding.mlps.2.3.bias
    theta_R: embedding_X.embed_modules_list.0.embedding.mlps.3.0.weight
    theta_R: embedding_X.embed_modules_list.0.embedding.mlps.3.0.bias
    theta_R: embedding_X.embed_modules_list.0.embedding.mlps.3.3.weight
    theta_R: embedding_X.embed_modules_list.0.embedding.mlps.3.3.bias
    theta_R: embedding_X.embed_modules_list.0.embedding.mlps.4.0.weight
    theta_R: embedding_X.embed_modules_list.0.embedding.mlps.4.0.bias
    theta_R: embedding_X.embed_modules_list.0.embedding.mlps.4.3.weight
    theta_R: embedding_X.embed_modules_list.0.embedding.mlps.4.3.bias
    theta_R: embedding_X.embed_modules_list.0.embedding.mlps.5.0.weight
    theta_R: embedding_X.embed_modules_list.0.embedding.mlps.5.0.bias
    theta_R: embedding_X.embed_modules_list.0.embedding.mlps.5.3.weight
    theta_R: embedding_X.embed_modules_list.0.embedding.mlps.5.3.bias
    theta_R: embedding_X.embed_modules_list.0.embedding.mlps.6.0.weight
    theta_R: embedding_X.embed_modules_list.0.embedding.mlps.6.0.bias
    theta_R: embedding_X.embed_modules_list.0.embedding.mlps.6.3.weight
    theta_R: embedding_X.embed_modules_list.0.embedding.mlps.6.3.bias
    theta_R: embedding_X.embed_modules_list.0.embedding.mlps.7.0.weight
    theta_R: embedding_X.embed_modules_list.0.embedding.mlps.7.0.bias
    theta_R: embedding_X.embed_modules_list.0.embedding.mlps.7.3.weight
    theta_R: embedding_X.embed_modules_list.0.embedding.mlps.7.3.bias
    theta_R: embedding_X.embed_modules_list.0.embedding.mlps.8.0.weight
    theta_R: embedding_X.embed_modules_list.0.embedding.mlps.8.0.bias
    theta_R: embedding_X.embed_modules_list.0.embedding.mlps.8.3.weight
    theta_R: embedding_X.embed_modules_list.0.embedding.mlps.8.3.bias
    theta_R: embedding_X.embed_modules_list.0.embedding.mlps.9.0.weight
    theta_R: embedding_X.embed_modules_list.0.embedding.mlps.9.0.bias
    theta_R: embedding_X.embed_modules_list.0.embedding.mlps.9.3.weight
    theta_R: embedding_X.embed_modules_list.0.embedding.mlps.9.3.bias
    theta_R: embedding_X.embed_modules_list.0.embedding.mlps.10.0.weight
    theta_R: embedding_X.embed_modules_list.0.embedding.mlps.10.0.bias
    theta_R: embedding_X.embed_modules_list.0.embedding.mlps.10.3.weight
    theta_R: embedding_X.embed_modules_list.0.embedding.mlps.10.3.bias
    theta_R: embedding_X.embed_modules_list.0.embedding.mlps.11.0.weight
    theta_R: embedding_X.embed_modules_list.0.embedding.mlps.11.0.bias
    theta_R: embedding_X.embed_modules_list.0.embedding.mlps.11.3.weight
    theta_R: embedding_X.embed_modules_list.0.embedding.mlps.11.3.bias
    theta_R: embedding_X.embed_modules_list.0.embedding.mlps.12.0.weight
    theta_R: embedding_X.embed_modules_list.0.embedding.mlps.12.0.bias
    theta_R: embedding_X.embed_modules_list.0.embedding.mlps.12.3.weight
    theta_R: embedding_X.embed_modules_list.0.embedding.mlps.12.3.bias
    theta_R: embedding_X.embed_modules_list.0.embedding.mlps.13.0.weight
    theta_R: embedding_X.embed_modules_list.0.embedding.mlps.13.0.bias
    theta_R: embedding_X.embed_modules_list.0.embedding.mlps.13.3.weight
    theta_R: embedding_X.embed_modules_list.0.embedding.mlps.13.3.bias
    theta_R: embedding_X.embed_modules_list.0.embedding.mlps.14.0.weight
    theta_R: embedding_X.embed_modules_list.0.embedding.mlps.14.0.bias
    theta_R: embedding_X.embed_modules_list.0.embedding.mlps.14.3.weight
    theta_R: embedding_X.embed_modules_list.0.embedding.mlps.14.3.bias
    theta_R: embedding_X.embed_modules_list.0.embedding.mlps.15.0.weight
    theta_R: embedding_X.embed_modules_list.0.embedding.mlps.15.0.bias
    theta_R: embedding_X.embed_modules_list.0.embedding.mlps.15.3.weight
    theta_R: embedding_X.embed_modules_list.0.embedding.mlps.15.3.bias
    theta_R: embedding_X.embed_modules_list.0.embedding.mlps.16.0.weight
    theta_R: embedding_X.embed_modules_list.0.embedding.mlps.16.0.bias
    theta_R: embedding_X.embed_modules_list.0.embedding.mlps.16.3.weight
    theta_R: embedding_X.embed_modules_list.0.embedding.mlps.16.3.bias
    theta_R: embedding_X.embed_modules_list.0.embedding.mlps.17.0.weight
    theta_R: embedding_X.embed_modules_list.0.embedding.mlps.17.0.bias
    theta_R: embedding_X.embed_modules_list.0.embedding.mlps.17.3.weight
    theta_R: embedding_X.embed_modules_list.0.embedding.mlps.17.3.bias
    theta_R: embedding_X.embed_modules_list.1.embedding.embedding.weight
    theta_R: attention.value_projection.weight
    theta_R: attention.value_projection.bias
    theta_R: attention.out_projection.weight
    theta_R: attention.out_projection.bias
    theta_R: norm1.norm.weight
    theta_R: norm1.norm.bias
    theta_R: norm2.norm.weight
    theta_R: norm2.norm.bias
    theta_R: linear1.weight
    theta_R: linear1.bias
    theta_R: linear2.weight
    theta_R: linear2.bias
    theta_R: forecaster.mlps.0.0.weight
    theta_R: forecaster.mlps.0.0.bias
    theta_R: forecaster.mlps.0.3.weight
    theta_R: forecaster.mlps.0.3.bias
    theta_R: forecaster.mlps.1.0.weight
    theta_R: forecaster.mlps.1.0.bias
    theta_R: forecaster.mlps.1.3.weight
    theta_R: forecaster.mlps.1.3.bias
    theta_R: forecaster.mlps.2.0.weight
    theta_R: forecaster.mlps.2.0.bias
    theta_R: forecaster.mlps.2.3.weight
    theta_R: forecaster.mlps.2.3.bias
    theta_R: forecaster.mlps.3.0.weight
    theta_R: forecaster.mlps.3.0.bias
    theta_R: forecaster.mlps.3.3.weight
    theta_R: forecaster.mlps.3.3.bias
    theta_R: forecaster.mlps.4.0.weight
    theta_R: forecaster.mlps.4.0.bias
    theta_R: forecaster.mlps.4.3.weight
    theta_R: forecaster.mlps.4.3.bias
    theta_R: forecaster.mlps.5.0.weight
    theta_R: forecaster.mlps.5.0.bias
    theta_R: forecaster.mlps.5.3.weight
    theta_R: forecaster.mlps.5.3.bias
    theta_R: forecaster.mlps.6.0.weight
    theta_R: forecaster.mlps.6.0.bias
    theta_R: forecaster.mlps.6.3.weight
    theta_R: forecaster.mlps.6.3.bias
    theta_R: forecaster.mlps.7.0.weight
    theta_R: forecaster.mlps.7.0.bias
    theta_R: forecaster.mlps.7.3.weight
    theta_R: forecaster.mlps.7.3.bias
    theta_R: forecaster.mlps.8.0.weight
    theta_R: forecaster.mlps.8.0.bias
    theta_R: forecaster.mlps.8.3.weight
    theta_R: forecaster.mlps.8.3.bias
    theta_R: forecaster.mlps.9.0.weight
    theta_R: forecaster.mlps.9.0.bias
    theta_R: forecaster.mlps.9.3.weight
    theta_R: forecaster.mlps.9.3.bias
    theta_R: forecaster.mlps.10.0.weight
    theta_R: forecaster.mlps.10.0.bias
    theta_R: forecaster.mlps.10.3.weight
    theta_R: forecaster.mlps.10.3.bias
    theta_R: forecaster.mlps.11.0.weight
    theta_R: forecaster.mlps.11.0.bias
    theta_R: forecaster.mlps.11.3.weight
    theta_R: forecaster.mlps.11.3.bias
    theta_R: forecaster.mlps.12.0.weight
    theta_R: forecaster.mlps.12.0.bias
    theta_R: forecaster.mlps.12.3.weight
    theta_R: forecaster.mlps.12.3.bias
    theta_R: forecaster.mlps.13.0.weight
    theta_R: forecaster.mlps.13.0.bias
    theta_R: forecaster.mlps.13.3.weight
    theta_R: forecaster.mlps.13.3.bias
    theta_R: forecaster.mlps.14.0.weight
    theta_R: forecaster.mlps.14.0.bias
    theta_R: forecaster.mlps.14.3.weight
    theta_R: forecaster.mlps.14.3.bias
    theta_R: forecaster.mlps.15.0.weight
    theta_R: forecaster.mlps.15.0.bias
    theta_R: forecaster.mlps.15.3.weight
    theta_R: forecaster.mlps.15.3.bias
    theta_R: forecaster.mlps.16.0.weight
    theta_R: forecaster.mlps.16.0.bias
    theta_R: forecaster.mlps.16.3.weight
    theta_R: forecaster.mlps.16.3.bias
    theta_R: forecaster.mlps.17.0.weight
    theta_R: forecaster.mlps.17.0.bias
    theta_R: forecaster.mlps.17.3.weight
    theta_R: forecaster.mlps.17.3.bias
    theta_R: forecaster.mlps.18.0.weight
    theta_R: forecaster.mlps.18.0.bias
    theta_R: forecaster.mlps.18.3.weight
    theta_R: forecaster.mlps.18.3.bias
    theta_R: forecaster.mlps.19.0.weight
    theta_R: forecaster.mlps.19.0.bias
    theta_R: forecaster.mlps.19.3.weight
    theta_R: forecaster.mlps.19.3.bias
no_NT_bkd_02 epoch 49: mean H (off-diag) = 0.02178
Gradient routing parameter classification:
  Structural:        3 tensors, 900 params (1.4%)
  Reconstruction:  174 tensors, 65,420 params (98.6%)

  Structural parameters:
    theta_S: attention.inner_attention.query_norm_log_scale
    theta_S: query_embed_X.embedding.weight
    theta_S: query_embed_S.embedding.weight

  Reconstruction parameters:
    theta_R: embedding_S.embed_modules_list.0.embedding.mlps.0.0.weight
    theta_R: embedding_S.embed_modules_list.0.embedding.mlps.0.0.bias
    theta_R: embedding_S.embed_modules_list.0.embedding.mlps.0.3.weight
    theta_R: embedding_S.embed_modules_list.0.embedding.mlps.0.3.bias
    theta_R: embedding_S.embed_modules_list.0.embedding.mlps.1.0.weight
    theta_R: embedding_S.embed_modules_list.0.embedding.mlps.1.0.bias
    theta_R: embedding_S.embed_modules_list.0.embedding.mlps.1.3.weight
    theta_R: embedding_S.embed_modules_list.0.embedding.mlps.1.3.bias
    theta_R: embedding_S.embed_modules_list.1.embedding.embedding.weight
    theta_R: embedding_X.embed_modules_list.0.embedding.mlps.0.0.weight
    theta_R: embedding_X.embed_modules_list.0.embedding.mlps.0.0.bias
    theta_R: embedding_X.embed_modules_list.0.embedding.mlps.0.3.weight
    theta_R: embedding_X.embed_modules_list.0.embedding.mlps.0.3.bias
    theta_R: embedding_X.embed_modules_list.0.embedding.mlps.1.0.weight
    theta_R: embedding_X.embed_modules_list.0.embedding.mlps.1.0.bias
    theta_R: embedding_X.embed_modules_list.0.embedding.mlps.1.3.weight
    theta_R: embedding_X.embed_modules_list.0.embedding.mlps.1.3.bias
    theta_R: embedding_X.embed_modules_list.0.embedding.mlps.2.0.weight
    theta_R: embedding_X.embed_modules_list.0.embedding.mlps.2.0.bias
    theta_R: embedding_X.embed_modules_list.0.embedding.mlps.2.3.weight
    theta_R: embedding_X.embed_modules_list.0.embedding.mlps.2.3.bias
    theta_R: embedding_X.embed_modules_list.0.embedding.mlps.3.0.weight
    theta_R: embedding_X.embed_modules_list.0.embedding.mlps.3.0.bias
    theta_R: embedding_X.embed_modules_list.0.embedding.mlps.3.3.weight
    theta_R: embedding_X.embed_modules_list.0.embedding.mlps.3.3.bias
    theta_R: embedding_X.embed_modules_list.0.embedding.mlps.4.0.weight
    theta_R: embedding_X.embed_modules_list.0.embedding.mlps.4.0.bias
    theta_R: embedding_X.embed_modules_list.0.embedding.mlps.4.3.weight
    theta_R: embedding_X.embed_modules_list.0.embedding.mlps.4.3.bias
    theta_R: embedding_X.embed_modules_list.0.embedding.mlps.5.0.weight
    theta_R: embedding_X.embed_modules_list.0.embedding.mlps.5.0.bias
    theta_R: embedding_X.embed_modules_list.0.embedding.mlps.5.3.weight
    theta_R: embedding_X.embed_modules_list.0.embedding.mlps.5.3.bias
    theta_R: embedding_X.embed_modules_list.0.embedding.mlps.6.0.weight
    theta_R: embedding_X.embed_modules_list.0.embedding.mlps.6.0.bias
    theta_R: embedding_X.embed_modules_list.0.embedding.mlps.6.3.weight
    theta_R: embedding_X.embed_modules_list.0.embedding.mlps.6.3.bias
    theta_R: embedding_X.embed_modules_list.0.embedding.mlps.7.0.weight
    theta_R: embedding_X.embed_modules_list.0.embedding.mlps.7.0.bias
    theta_R: embedding_X.embed_modules_list.0.embedding.mlps.7.3.weight
    theta_R: embedding_X.embed_modules_list.0.embedding.mlps.7.3.bias
    theta_R: embedding_X.embed_modules_list.0.embedding.mlps.8.0.weight
    theta_R: embedding_X.embed_modules_list.0.embedding.mlps.8.0.bias
    theta_R: embedding_X.embed_modules_list.0.embedding.mlps.8.3.weight
    theta_R: embedding_X.embed_modules_list.0.embedding.mlps.8.3.bias
    theta_R: embedding_X.embed_modules_list.0.embedding.mlps.9.0.weight
    theta_R: embedding_X.embed_modules_list.0.embedding.mlps.9.0.bias
    theta_R: embedding_X.embed_modules_list.0.embedding.mlps.9.3.weight
    theta_R: embedding_X.embed_modules_list.0.embedding.mlps.9.3.bias
    theta_R: embedding_X.embed_modules_list.0.embedding.mlps.10.0.weight
    theta_R: embedding_X.embed_modules_list.0.embedding.mlps.10.0.bias
    theta_R: embedding_X.embed_modules_list.0.embedding.mlps.10.3.weight
    theta_R: embedding_X.embed_modules_list.0.embedding.mlps.10.3.bias
    theta_R: embedding_X.embed_modules_list.0.embedding.mlps.11.0.weight
    theta_R: embedding_X.embed_modules_list.0.embedding.mlps.11.0.bias
    theta_R: embedding_X.embed_modules_list.0.embedding.mlps.11.3.weight
    theta_R: embedding_X.embed_modules_list.0.embedding.mlps.11.3.bias
    theta_R: embedding_X.embed_modules_list.0.embedding.mlps.12.0.weight
    theta_R: embedding_X.embed_modules_list.0.embedding.mlps.12.0.bias
    theta_R: embedding_X.embed_modules_list.0.embedding.mlps.12.3.weight
    theta_R: embedding_X.embed_modules_list.0.embedding.mlps.12.3.bias
    theta_R: embedding_X.embed_modules_list.0.embedding.mlps.13.0.weight
    theta_R: embedding_X.embed_modules_list.0.embedding.mlps.13.0.bias
    theta_R: embedding_X.embed_modules_list.0.embedding.mlps.13.3.weight
    theta_R: embedding_X.embed_modules_list.0.embedding.mlps.13.3.bias
    theta_R: embedding_X.embed_modules_list.0.embedding.mlps.14.0.weight
    theta_R: embedding_X.embed_modules_list.0.embedding.mlps.14.0.bias
    theta_R: embedding_X.embed_modules_list.0.embedding.mlps.14.3.weight
    theta_R: embedding_X.embed_modules_list.0.embedding.mlps.14.3.bias
    theta_R: embedding_X.embed_modules_list.0.embedding.mlps.15.0.weight
    theta_R: embedding_X.embed_modules_list.0.embedding.mlps.15.0.bias
    theta_R: embedding_X.embed_modules_list.0.embedding.mlps.15.3.weight
    theta_R: embedding_X.embed_modules_list.0.embedding.mlps.15.3.bias
    theta_R: embedding_X.embed_modules_list.0.embedding.mlps.16.0.weight
    theta_R: embedding_X.embed_modules_list.0.embedding.mlps.16.0.bias
    theta_R: embedding_X.embed_modules_list.0.embedding.mlps.16.3.weight
    theta_R: embedding_X.embed_modules_list.0.embedding.mlps.16.3.bias
    theta_R: embedding_X.embed_modules_list.0.embedding.mlps.17.0.weight
    theta_R: embedding_X.embed_modules_list.0.embedding.mlps.17.0.bias
    theta_R: embedding_X.embed_modules_list.0.embedding.mlps.17.3.weight
    theta_R: embedding_X.embed_modules_list.0.embedding.mlps.17.3.bias
    theta_R: embedding_X.embed_modules_list.1.embedding.embedding.weight
    theta_R: attention.value_projection.weight
    theta_R: attention.value_projection.bias
    theta_R: attention.out_projection.weight
    theta_R: attention.out_projection.bias
    theta_R: norm1.norm.weight
    theta_R: norm1.norm.bias
    theta_R: norm2.norm.weight
    theta_R: norm2.norm.bias
    theta_R: linear1.weight
    theta_R: linear1.bias
    theta_R: linear2.weight
    theta_R: linear2.bias
    theta_R: forecaster.mlps.0.0.weight
    theta_R: forecaster.mlps.0.0.bias
    theta_R: forecaster.mlps.0.3.weight
    theta_R: forecaster.mlps.0.3.bias
    theta_R: forecaster.mlps.1.0.weight
    theta_R: forecaster.mlps.1.0.bias
    theta_R: forecaster.mlps.1.3.weight
    theta_R: forecaster.mlps.1.3.bias
    theta_R: forecaster.mlps.2.0.weight
    theta_R: forecaster.mlps.2.0.bias
    theta_R: forecaster.mlps.2.3.weight
    theta_R: forecaster.mlps.2.3.bias
    theta_R: forecaster.mlps.3.0.weight
    theta_R: forecaster.mlps.3.0.bias
    theta_R: forecaster.mlps.3.3.weight
    theta_R: forecaster.mlps.3.3.bias
    theta_R: forecaster.mlps.4.0.weight
    theta_R: forecaster.mlps.4.0.bias
    theta_R: forecaster.mlps.4.3.weight
    theta_R: forecaster.mlps.4.3.bias
    theta_R: forecaster.mlps.5.0.weight
    theta_R: forecaster.mlps.5.0.bias
    theta_R: forecaster.mlps.5.3.weight
    theta_R: forecaster.mlps.5.3.bias
    theta_R: forecaster.mlps.6.0.weight
    theta_R: forecaster.mlps.6.0.bias
    theta_R: forecaster.mlps.6.3.weight
    theta_R: forecaster.mlps.6.3.bias
    theta_R: forecaster.mlps.7.0.weight
    theta_R: forecaster.mlps.7.0.bias
    theta_R: forecaster.mlps.7.3.weight
    theta_R: forecaster.mlps.7.3.bias
    theta_R: forecaster.mlps.8.0.weight
    theta_R: forecaster.mlps.8.0.bias
    theta_R: forecaster.mlps.8.3.weight
    theta_R: forecaster.mlps.8.3.bias
    theta_R: forecaster.mlps.9.0.weight
    theta_R: forecaster.mlps.9.0.bias
    theta_R: forecaster.mlps.9.3.weight
    theta_R: forecaster.mlps.9.3.bias
    theta_R: forecaster.mlps.10.0.weight
    theta_R: forecaster.mlps.10.0.bias
    theta_R: forecaster.mlps.10.3.weight
    theta_R: forecaster.mlps.10.3.bias
    theta_R: forecaster.mlps.11.0.weight
    theta_R: forecaster.mlps.11.0.bias
    theta_R: forecaster.mlps.11.3.weight
    theta_R: forecaster.mlps.11.3.bias
    theta_R: forecaster.mlps.12.0.weight
    theta_R: forecaster.mlps.12.0.bias
    theta_R: forecaster.mlps.12.3.weight
    theta_R: forecaster.mlps.12.3.bias
    theta_R: forecaster.mlps.13.0.weight
    theta_R: forecaster.mlps.13.0.bias
    theta_R: forecaster.mlps.13.3.weight
    theta_R: forecaster.mlps.13.3.bias
    theta_R: forecaster.mlps.14.0.weight
    theta_R: forecaster.mlps.14.0.bias
    theta_R: forecaster.mlps.14.3.weight
    theta_R: forecaster.mlps.14.3.bias
    theta_R: forecaster.mlps.15.0.weight
    theta_R: forecaster.mlps.15.0.bias
    theta_R: forecaster.mlps.15.3.weight
    theta_R: forecaster.mlps.15.3.bias
    theta_R: forecaster.mlps.16.0.weight
    theta_R: forecaster.mlps.16.0.bias
    theta_R: forecaster.mlps.16.3.weight
    theta_R: forecaster.mlps.16.3.bias
    theta_R: forecaster.mlps.17.0.weight
    theta_R: forecaster.mlps.17.0.bias
    theta_R: forecaster.mlps.17.3.weight
    theta_R: forecaster.mlps.17.3.bias
    theta_R: forecaster.mlps.18.0.weight
    theta_R: forecaster.mlps.18.0.bias
    theta_R: forecaster.mlps.18.3.weight
    theta_R: forecaster.mlps.18.3.bias
    theta_R: forecaster.mlps.19.0.weight
    theta_R: forecaster.mlps.19.0.bias
    theta_R: forecaster.mlps.19.3.weight
    theta_R: forecaster.mlps.19.3.bias
no_NT_bkd_02 epoch 199: mean H (off-diag) = 0.01066
Gradient routing parameter classification:
  Structural:        3 tensors, 900 params (1.4%)
  Reconstruction:  174 tensors, 65,420 params (98.6%)

  Structural parameters:
    theta_S: attention.inner_attention.query_norm_log_scale
    theta_S: query_embed_X.embedding.weight
    theta_S: query_embed_S.embedding.weight

  Reconstruction parameters:
    theta_R: embedding_S.embed_modules_list.0.embedding.mlps.0.0.weight
    theta_R: embedding_S.embed_modules_list.0.embedding.mlps.0.0.bias
    theta_R: embedding_S.embed_modules_list.0.embedding.mlps.0.3.weight
    theta_R: embedding_S.embed_modules_list.0.embedding.mlps.0.3.bias
    theta_R: embedding_S.embed_modules_list.0.embedding.mlps.1.0.weight
    theta_R: embedding_S.embed_modules_list.0.embedding.mlps.1.0.bias
    theta_R: embedding_S.embed_modules_list.0.embedding.mlps.1.3.weight
    theta_R: embedding_S.embed_modules_list.0.embedding.mlps.1.3.bias
    theta_R: embedding_S.embed_modules_list.1.embedding.embedding.weight
    theta_R: embedding_X.embed_modules_list.0.embedding.mlps.0.0.weight
    theta_R: embedding_X.embed_modules_list.0.embedding.mlps.0.0.bias
    theta_R: embedding_X.embed_modules_list.0.embedding.mlps.0.3.weight
    theta_R: embedding_X.embed_modules_list.0.embedding.mlps.0.3.bias
    theta_R: embedding_X.embed_modules_list.0.embedding.mlps.1.0.weight
    theta_R: embedding_X.embed_modules_list.0.embedding.mlps.1.0.bias
    theta_R: embedding_X.embed_modules_list.0.embedding.mlps.1.3.weight
    theta_R: embedding_X.embed_modules_list.0.embedding.mlps.1.3.bias
    theta_R: embedding_X.embed_modules_list.0.embedding.mlps.2.0.weight
    theta_R: embedding_X.embed_modules_list.0.embedding.mlps.2.0.bias
    theta_R: embedding_X.embed_modules_list.0.embedding.mlps.2.3.weight
    theta_R: embedding_X.embed_modules_list.0.embedding.mlps.2.3.bias
    theta_R: embedding_X.embed_modules_list.0.embedding.mlps.3.0.weight
    theta_R: embedding_X.embed_modules_list.0.embedding.mlps.3.0.bias
    theta_R: embedding_X.embed_modules_list.0.embedding.mlps.3.3.weight
    theta_R: embedding_X.embed_modules_list.0.embedding.mlps.3.3.bias
    theta_R: embedding_X.embed_modules_list.0.embedding.mlps.4.0.weight
    theta_R: embedding_X.embed_modules_list.0.embedding.mlps.4.0.bias
    theta_R: embedding_X.embed_modules_list.0.embedding.mlps.4.3.weight
    theta_R: embedding_X.embed_modules_list.0.embedding.mlps.4.3.bias
    theta_R: embedding_X.embed_modules_list.0.embedding.mlps.5.0.weight
    theta_R: embedding_X.embed_modules_list.0.embedding.mlps.5.0.bias
    theta_R: embedding_X.embed_modules_list.0.embedding.mlps.5.3.weight
    theta_R: embedding_X.embed_modules_list.0.embedding.mlps.5.3.bias
    theta_R: embedding_X.embed_modules_list.0.embedding.mlps.6.0.weight
    theta_R: embedding_X.embed_modules_list.0.embedding.mlps.6.0.bias
    theta_R: embedding_X.embed_modules_list.0.embedding.mlps.6.3.weight
    theta_R: embedding_X.embed_modules_list.0.embedding.mlps.6.3.bias
    theta_R: embedding_X.embed_modules_list.0.embedding.mlps.7.0.weight
    theta_R: embedding_X.embed_modules_list.0.embedding.mlps.7.0.bias
    theta_R: embedding_X.embed_modules_list.0.embedding.mlps.7.3.weight
    theta_R: embedding_X.embed_modules_list.0.embedding.mlps.7.3.bias
    theta_R: embedding_X.embed_modules_list.0.embedding.mlps.8.0.weight
    theta_R: embedding_X.embed_modules_list.0.embedding.mlps.8.0.bias
    theta_R: embedding_X.embed_modules_list.0.embedding.mlps.8.3.weight
    theta_R: embedding_X.embed_modules_list.0.embedding.mlps.8.3.bias
    theta_R: embedding_X.embed_modules_list.0.embedding.mlps.9.0.weight
    theta_R: embedding_X.embed_modules_list.0.embedding.mlps.9.0.bias
    theta_R: embedding_X.embed_modules_list.0.embedding.mlps.9.3.weight
    theta_R: embedding_X.embed_modules_list.0.embedding.mlps.9.3.bias
    theta_R: embedding_X.embed_modules_list.0.embedding.mlps.10.0.weight
    theta_R: embedding_X.embed_modules_list.0.embedding.mlps.10.0.bias
    theta_R: embedding_X.embed_modules_list.0.embedding.mlps.10.3.weight
    theta_R: embedding_X.embed_modules_list.0.embedding.mlps.10.3.bias
    theta_R: embedding_X.embed_modules_list.0.embedding.mlps.11.0.weight
    theta_R: embedding_X.embed_modules_list.0.embedding.mlps.11.0.bias
    theta_R: embedding_X.embed_modules_list.0.embedding.mlps.11.3.weight
    theta_R: embedding_X.embed_modules_list.0.embedding.mlps.11.3.bias
    theta_R: embedding_X.embed_modules_list.0.embedding.mlps.12.0.weight
    theta_R: embedding_X.embed_modules_list.0.embedding.mlps.12.0.bias
    theta_R: embedding_X.embed_modules_list.0.embedding.mlps.12.3.weight
    theta_R: embedding_X.embed_modules_list.0.embedding.mlps.12.3.bias
    theta_R: embedding_X.embed_modules_list.0.embedding.mlps.13.0.weight
    theta_R: embedding_X.embed_modules_list.0.embedding.mlps.13.0.bias
    theta_R: embedding_X.embed_modules_list.0.embedding.mlps.13.3.weight
    theta_R: embedding_X.embed_modules_list.0.embedding.mlps.13.3.bias
    theta_R: embedding_X.embed_modules_list.0.embedding.mlps.14.0.weight
    theta_R: embedding_X.embed_modules_list.0.embedding.mlps.14.0.bias
    theta_R: embedding_X.embed_modules_list.0.embedding.mlps.14.3.weight
    theta_R: embedding_X.embed_modules_list.0.embedding.mlps.14.3.bias
    theta_R: embedding_X.embed_modules_list.0.embedding.mlps.15.0.weight
    theta_R: embedding_X.embed_modules_list.0.embedding.mlps.15.0.bias
    theta_R: embedding_X.embed_modules_list.0.embedding.mlps.15.3.weight
    theta_R: embedding_X.embed_modules_list.0.embedding.mlps.15.3.bias
    theta_R: embedding_X.embed_modules_list.0.embedding.mlps.16.0.weight
    theta_R: embedding_X.embed_modules_list.0.embedding.mlps.16.0.bias
    theta_R: embedding_X.embed_modules_list.0.embedding.mlps.16.3.weight
    theta_R: embedding_X.embed_modules_list.0.embedding.mlps.16.3.bias
    theta_R: embedding_X.embed_modules_list.0.embedding.mlps.17.0.weight
    theta_R: embedding_X.embed_modules_list.0.embedding.mlps.17.0.bias
    theta_R: embedding_X.embed_modules_list.0.embedding.mlps.17.3.weight
    theta_R: embedding_X.embed_modules_list.0.embedding.mlps.17.3.bias
    theta_R: embedding_X.embed_modules_list.1.embedding.embedding.weight
    theta_R: attention.value_projection.weight
    theta_R: attention.value_projection.bias
    theta_R: attention.out_projection.weight
    theta_R: attention.out_projection.bias
    theta_R: norm1.norm.weight
    theta_R: norm1.norm.bias
    theta_R: norm2.norm.weight
    theta_R: norm2.norm.bias
    theta_R: linear1.weight
    theta_R: linear1.bias
    theta_R: linear2.weight
    theta_R: linear2.bias
    theta_R: forecaster.mlps.0.0.weight
    theta_R: forecaster.mlps.0.0.bias
    theta_R: forecaster.mlps.0.3.weight
    theta_R: forecaster.mlps.0.3.bias
    theta_R: forecaster.mlps.1.0.weight
    theta_R: forecaster.mlps.1.0.bias
    theta_R: forecaster.mlps.1.3.weight
    theta_R: forecaster.mlps.1.3.bias
    theta_R: forecaster.mlps.2.0.weight
    theta_R: forecaster.mlps.2.0.bias
    theta_R: forecaster.mlps.2.3.weight
    theta_R: forecaster.mlps.2.3.bias
    theta_R: forecaster.mlps.3.0.weight
    theta_R: forecaster.mlps.3.0.bias
    theta_R: forecaster.mlps.3.3.weight
    theta_R: forecaster.mlps.3.3.bias
    theta_R: forecaster.mlps.4.0.weight
    theta_R: forecaster.mlps.4.0.bias
    theta_R: forecaster.mlps.4.3.weight
    theta_R: forecaster.mlps.4.3.bias
    theta_R: forecaster.mlps.5.0.weight
    theta_R: forecaster.mlps.5.0.bias
    theta_R: forecaster.mlps.5.3.weight
    theta_R: forecaster.mlps.5.3.bias
    theta_R: forecaster.mlps.6.0.weight
    theta_R: forecaster.mlps.6.0.bias
    theta_R: forecaster.mlps.6.3.weight
    theta_R: forecaster.mlps.6.3.bias
    theta_R: forecaster.mlps.7.0.weight
    theta_R: forecaster.mlps.7.0.bias
    theta_R: forecaster.mlps.7.3.weight
    theta_R: forecaster.mlps.7.3.bias
    theta_R: forecaster.mlps.8.0.weight
    theta_R: forecaster.mlps.8.0.bias
    theta_R: forecaster.mlps.8.3.weight
    theta_R: forecaster.mlps.8.3.bias
    theta_R: forecaster.mlps.9.0.weight
    theta_R: forecaster.mlps.9.0.bias
    theta_R: forecaster.mlps.9.3.weight
    theta_R: forecaster.mlps.9.3.bias
    theta_R: forecaster.mlps.10.0.weight
    theta_R: forecaster.mlps.10.0.bias
    theta_R: forecaster.mlps.10.3.weight
    theta_R: forecaster.mlps.10.3.bias
    theta_R: forecaster.mlps.11.0.weight
    theta_R: forecaster.mlps.11.0.bias
    theta_R: forecaster.mlps.11.3.weight
    theta_R: forecaster.mlps.11.3.bias
    theta_R: forecaster.mlps.12.0.weight
    theta_R: forecaster.mlps.12.0.bias
    theta_R: forecaster.mlps.12.3.weight
    theta_R: forecaster.mlps.12.3.bias
    theta_R: forecaster.mlps.13.0.weight
    theta_R: forecaster.mlps.13.0.bias
    theta_R: forecaster.mlps.13.3.weight
    theta_R: forecaster.mlps.13.3.bias
    theta_R: forecaster.mlps.14.0.weight
    theta_R: forecaster.mlps.14.0.bias
    theta_R: forecaster.mlps.14.3.weight
    theta_R: forecaster.mlps.14.3.bias
    theta_R: forecaster.mlps.15.0.weight
    theta_R: forecaster.mlps.15.0.bias
    theta_R: forecaster.mlps.15.3.weight
    theta_R: forecaster.mlps.15.3.bias
    theta_R: forecaster.mlps.16.0.weight
    theta_R: forecaster.mlps.16.0.bias
    theta_R: forecaster.mlps.16.3.weight
    theta_R: forecaster.mlps.16.3.bias
    theta_R: forecaster.mlps.17.0.weight
    theta_R: forecaster.mlps.17.0.bias
    theta_R: forecaster.mlps.17.3.weight
    theta_R: forecaster.mlps.17.3.bias
    theta_R: forecaster.mlps.18.0.weight
    theta_R: forecaster.mlps.18.0.bias
    theta_R: forecaster.mlps.18.3.weight
    theta_R: forecaster.mlps.18.3.bias
    theta_R: forecaster.mlps.19.0.weight
    theta_R: forecaster.mlps.19.0.bias
    theta_R: forecaster.mlps.19.3.weight
    theta_R: forecaster.mlps.19.3.bias
no_NT_bkd_02 epoch 499: mean H (off-diag) = 0.00805
Gradient routing parameter classification:
  Structural:        3 tensors, 900 params (1.4%)
  Reconstruction:  174 tensors, 65,420 params (98.6%)

  Structural parameters:
    theta_S: attention.inner_attention.query_norm_log_scale
    theta_S: query_embed_X.embedding.weight
    theta_S: query_embed_S.embedding.weight

  Reconstruction parameters:
    theta_R: embedding_S.embed_modules_list.0.embedding.mlps.0.0.weight
    theta_R: embedding_S.embed_modules_list.0.embedding.mlps.0.0.bias
    theta_R: embedding_S.embed_modules_list.0.embedding.mlps.0.3.weight
    theta_R: embedding_S.embed_modules_list.0.embedding.mlps.0.3.bias
    theta_R: embedding_S.embed_modules_list.0.embedding.mlps.1.0.weight
    theta_R: embedding_S.embed_modules_list.0.embedding.mlps.1.0.bias
    theta_R: embedding_S.embed_modules_list.0.embedding.mlps.1.3.weight
    theta_R: embedding_S.embed_modules_list.0.embedding.mlps.1.3.bias
    theta_R: embedding_S.embed_modules_list.1.embedding.embedding.weight
    theta_R: embedding_X.embed_modules_list.0.embedding.mlps.0.0.weight
    theta_R: embedding_X.embed_modules_list.0.embedding.mlps.0.0.bias
    theta_R: embedding_X.embed_modules_list.0.embedding.mlps.0.3.weight
    theta_R: embedding_X.embed_modules_list.0.embedding.mlps.0.3.bias
    theta_R: embedding_X.embed_modules_list.0.embedding.mlps.1.0.weight
    theta_R: embedding_X.embed_modules_list.0.embedding.mlps.1.0.bias
    theta_R: embedding_X.embed_modules_list.0.embedding.mlps.1.3.weight
    theta_R: embedding_X.embed_modules_list.0.embedding.mlps.1.3.bias
    theta_R: embedding_X.embed_modules_list.0.embedding.mlps.2.0.weight
    theta_R: embedding_X.embed_modules_list.0.embedding.mlps.2.0.bias
    theta_R: embedding_X.embed_modules_list.0.embedding.mlps.2.3.weight
    theta_R: embedding_X.embed_modules_list.0.embedding.mlps.2.3.bias
    theta_R: embedding_X.embed_modules_list.0.embedding.mlps.3.0.weight
    theta_R: embedding_X.embed_modules_list.0.embedding.mlps.3.0.bias
    theta_R: embedding_X.embed_modules_list.0.embedding.mlps.3.3.weight
    theta_R: embedding_X.embed_modules_list.0.embedding.mlps.3.3.bias
    theta_R: embedding_X.embed_modules_list.0.embedding.mlps.4.0.weight
    theta_R: embedding_X.embed_modules_list.0.embedding.mlps.4.0.bias
    theta_R: embedding_X.embed_modules_list.0.embedding.mlps.4.3.weight
    theta_R: embedding_X.embed_modules_list.0.embedding.mlps.4.3.bias
    theta_R: embedding_X.embed_modules_list.0.embedding.mlps.5.0.weight
    theta_R: embedding_X.embed_modules_list.0.embedding.mlps.5.0.bias
    theta_R: embedding_X.embed_modules_list.0.embedding.mlps.5.3.weight
    theta_R: embedding_X.embed_modules_list.0.embedding.mlps.5.3.bias
    theta_R: embedding_X.embed_modules_list.0.embedding.mlps.6.0.weight
    theta_R: embedding_X.embed_modules_list.0.embedding.mlps.6.0.bias
    theta_R: embedding_X.embed_modules_list.0.embedding.mlps.6.3.weight
    theta_R: embedding_X.embed_modules_list.0.embedding.mlps.6.3.bias
    theta_R: embedding_X.embed_modules_list.0.embedding.mlps.7.0.weight
    theta_R: embedding_X.embed_modules_list.0.embedding.mlps.7.0.bias
    theta_R: embedding_X.embed_modules_list.0.embedding.mlps.7.3.weight
    theta_R: embedding_X.embed_modules_list.0.embedding.mlps.7.3.bias
    theta_R: embedding_X.embed_modules_list.0.embedding.mlps.8.0.weight
    theta_R: embedding_X.embed_modules_list.0.embedding.mlps.8.0.bias
    theta_R: embedding_X.embed_modules_list.0.embedding.mlps.8.3.weight
    theta_R: embedding_X.embed_modules_list.0.embedding.mlps.8.3.bias
    theta_R: embedding_X.embed_modules_list.0.embedding.mlps.9.0.weight
    theta_R: embedding_X.embed_modules_list.0.embedding.mlps.9.0.bias
    theta_R: embedding_X.embed_modules_list.0.embedding.mlps.9.3.weight
    theta_R: embedding_X.embed_modules_list.0.embedding.mlps.9.3.bias
    theta_R: embedding_X.embed_modules_list.0.embedding.mlps.10.0.weight
    theta_R: embedding_X.embed_modules_list.0.embedding.mlps.10.0.bias
    theta_R: embedding_X.embed_modules_list.0.embedding.mlps.10.3.weight
    theta_R: embedding_X.embed_modules_list.0.embedding.mlps.10.3.bias
    theta_R: embedding_X.embed_modules_list.0.embedding.mlps.11.0.weight
    theta_R: embedding_X.embed_modules_list.0.embedding.mlps.11.0.bias
    theta_R: embedding_X.embed_modules_list.0.embedding.mlps.11.3.weight
    theta_R: embedding_X.embed_modules_list.0.embedding.mlps.11.3.bias
    theta_R: embedding_X.embed_modules_list.0.embedding.mlps.12.0.weight
    theta_R: embedding_X.embed_modules_list.0.embedding.mlps.12.0.bias
    theta_R: embedding_X.embed_modules_list.0.embedding.mlps.12.3.weight
    theta_R: embedding_X.embed_modules_list.0.embedding.mlps.12.3.bias
    theta_R: embedding_X.embed_modules_list.0.embedding.mlps.13.0.weight
    theta_R: embedding_X.embed_modules_list.0.embedding.mlps.13.0.bias
    theta_R: embedding_X.embed_modules_list.0.embedding.mlps.13.3.weight
    theta_R: embedding_X.embed_modules_list.0.embedding.mlps.13.3.bias
    theta_R: embedding_X.embed_modules_list.0.embedding.mlps.14.0.weight
    theta_R: embedding_X.embed_modules_list.0.embedding.mlps.14.0.bias
    theta_R: embedding_X.embed_modules_list.0.embedding.mlps.14.3.weight
    theta_R: embedding_X.embed_modules_list.0.embedding.mlps.14.3.bias
    theta_R: embedding_X.embed_modules_list.0.embedding.mlps.15.0.weight
    theta_R: embedding_X.embed_modules_list.0.embedding.mlps.15.0.bias
    theta_R: embedding_X.embed_modules_list.0.embedding.mlps.15.3.weight
    theta_R: embedding_X.embed_modules_list.0.embedding.mlps.15.3.bias
    theta_R: embedding_X.embed_modules_list.0.embedding.mlps.16.0.weight
    theta_R: embedding_X.embed_modules_list.0.embedding.mlps.16.0.bias
    theta_R: embedding_X.embed_modules_list.0.embedding.mlps.16.3.weight
    theta_R: embedding_X.embed_modules_list.0.embedding.mlps.16.3.bias
    theta_R: embedding_X.embed_modules_list.0.embedding.mlps.17.0.weight
    theta_R: embedding_X.embed_modules_list.0.embedding.mlps.17.0.bias
    theta_R: embedding_X.embed_modules_list.0.embedding.mlps.17.3.weight
    theta_R: embedding_X.embed_modules_list.0.embedding.mlps.17.3.bias
    theta_R: embedding_X.embed_modules_list.1.embedding.embedding.weight
    theta_R: attention.value_projection.weight
    theta_R: attention.value_projection.bias
    theta_R: attention.out_projection.weight
    theta_R: attention.out_projection.bias
    theta_R: norm1.norm.weight
    theta_R: norm1.norm.bias
    theta_R: norm2.norm.weight
    theta_R: norm2.norm.bias
    theta_R: linear1.weight
    theta_R: linear1.bias
    theta_R: linear2.weight
    theta_R: linear2.bias
    theta_R: forecaster.mlps.0.0.weight
    theta_R: forecaster.mlps.0.0.bias
    theta_R: forecaster.mlps.0.3.weight
    theta_R: forecaster.mlps.0.3.bias
    theta_R: forecaster.mlps.1.0.weight
    theta_R: forecaster.mlps.1.0.bias
    theta_R: forecaster.mlps.1.3.weight
    theta_R: forecaster.mlps.1.3.bias
    theta_R: forecaster.mlps.2.0.weight
    theta_R: forecaster.mlps.2.0.bias
    theta_R: forecaster.mlps.2.3.weight
    theta_R: forecaster.mlps.2.3.bias
    theta_R: forecaster.mlps.3.0.weight
    theta_R: forecaster.mlps.3.0.bias
    theta_R: forecaster.mlps.3.3.weight
    theta_R: forecaster.mlps.3.3.bias
    theta_R: forecaster.mlps.4.0.weight
    theta_R: forecaster.mlps.4.0.bias
    theta_R: forecaster.mlps.4.3.weight
    theta_R: forecaster.mlps.4.3.bias
    theta_R: forecaster.mlps.5.0.weight
    theta_R: forecaster.mlps.5.0.bias
    theta_R: forecaster.mlps.5.3.weight
    theta_R: forecaster.mlps.5.3.bias
    theta_R: forecaster.mlps.6.0.weight
    theta_R: forecaster.mlps.6.0.bias
    theta_R: forecaster.mlps.6.3.weight
    theta_R: forecaster.mlps.6.3.bias
    theta_R: forecaster.mlps.7.0.weight
    theta_R: forecaster.mlps.7.0.bias
    theta_R: forecaster.mlps.7.3.weight
    theta_R: forecaster.mlps.7.3.bias
    theta_R: forecaster.mlps.8.0.weight
    theta_R: forecaster.mlps.8.0.bias
    theta_R: forecaster.mlps.8.3.weight
    theta_R: forecaster.mlps.8.3.bias
    theta_R: forecaster.mlps.9.0.weight
    theta_R: forecaster.mlps.9.0.bias
    theta_R: forecaster.mlps.9.3.weight
    theta_R: forecaster.mlps.9.3.bias
    theta_R: forecaster.mlps.10.0.weight
    theta_R: forecaster.mlps.10.0.bias
    theta_R: forecaster.mlps.10.3.weight
    theta_R: forecaster.mlps.10.3.bias
    theta_R: forecaster.mlps.11.0.weight
    theta_R: forecaster.mlps.11.0.bias
    theta_R: forecaster.mlps.11.3.weight
    theta_R: forecaster.mlps.11.3.bias
    theta_R: forecaster.mlps.12.0.weight
    theta_R: forecaster.mlps.12.0.bias
    theta_R: forecaster.mlps.12.3.weight
    theta_R: forecaster.mlps.12.3.bias
    theta_R: forecaster.mlps.13.0.weight
    theta_R: forecaster.mlps.13.0.bias
    theta_R: forecaster.mlps.13.3.weight
    theta_R: forecaster.mlps.13.3.bias
    theta_R: forecaster.mlps.14.0.weight
    theta_R: forecaster.mlps.14.0.bias
    theta_R: forecaster.mlps.14.3.weight
    theta_R: forecaster.mlps.14.3.bias
    theta_R: forecaster.mlps.15.0.weight
    theta_R: forecaster.mlps.15.0.bias
    theta_R: forecaster.mlps.15.3.weight
    theta_R: forecaster.mlps.15.3.bias
    theta_R: forecaster.mlps.16.0.weight
    theta_R: forecaster.mlps.16.0.bias
    theta_R: forecaster.mlps.16.3.weight
    theta_R: forecaster.mlps.16.3.bias
    theta_R: forecaster.mlps.17.0.weight
    theta_R: forecaster.mlps.17.0.bias
    theta_R: forecaster.mlps.17.3.weight
    theta_R: forecaster.mlps.17.3.bias
    theta_R: forecaster.mlps.18.0.weight
    theta_R: forecaster.mlps.18.0.bias
    theta_R: forecaster.mlps.18.3.weight
    theta_R: forecaster.mlps.18.3.bias
    theta_R: forecaster.mlps.19.0.weight
    theta_R: forecaster.mlps.19.0.bias
    theta_R: forecaster.mlps.19.3.weight
    theta_R: forecaster.mlps.19.3.bias
no_NT_bkd_02 epoch 999: mean H (off-diag) = 0.00361
Gradient routing parameter classification:
  Structural:        3 tensors, 900 params (1.4%)
  Reconstruction:  174 tensors, 65,420 params (98.6%)

  Structural parameters:
    theta_S: attention.inner_attention.query_norm_log_scale
    theta_S: query_embed_X.embedding.weight
    theta_S: query_embed_S.embedding.weight

  Reconstruction parameters:
    theta_R: embedding_S.embed_modules_list.0.embedding.mlps.0.0.weight
    theta_R: embedding_S.embed_modules_list.0.embedding.mlps.0.0.bias
    theta_R: embedding_S.embed_modules_list.0.embedding.mlps.0.3.weight
    theta_R: embedding_S.embed_modules_list.0.embedding.mlps.0.3.bias
    theta_R: embedding_S.embed_modules_list.0.embedding.mlps.1.0.weight
    theta_R: embedding_S.embed_modules_list.0.embedding.mlps.1.0.bias
    theta_R: embedding_S.embed_modules_list.0.embedding.mlps.1.3.weight
    theta_R: embedding_S.embed_modules_list.0.embedding.mlps.1.3.bias
    theta_R: embedding_S.embed_modules_list.1.embedding.embedding.weight
    theta_R: embedding_X.embed_modules_list.0.embedding.mlps.0.0.weight
    theta_R: embedding_X.embed_modules_list.0.embedding.mlps.0.0.bias
    theta_R: embedding_X.embed_modules_list.0.embedding.mlps.0.3.weight
    theta_R: embedding_X.embed_modules_list.0.embedding.mlps.0.3.bias
    theta_R: embedding_X.embed_modules_list.0.embedding.mlps.1.0.weight
    theta_R: embedding_X.embed_modules_list.0.embedding.mlps.1.0.bias
    theta_R: embedding_X.embed_modules_list.0.embedding.mlps.1.3.weight
    theta_R: embedding_X.embed_modules_list.0.embedding.mlps.1.3.bias
    theta_R: embedding_X.embed_modules_list.0.embedding.mlps.2.0.weight
    theta_R: embedding_X.embed_modules_list.0.embedding.mlps.2.0.bias
    theta_R: embedding_X.embed_modules_list.0.embedding.mlps.2.3.weight
    theta_R: embedding_X.embed_modules_list.0.embedding.mlps.2.3.bias
    theta_R: embedding_X.embed_modules_list.0.embedding.mlps.3.0.weight
    theta_R: embedding_X.embed_modules_list.0.embedding.mlps.3.0.bias
    theta_R: embedding_X.embed_modules_list.0.embedding.mlps.3.3.weight
    theta_R: embedding_X.embed_modules_list.0.embedding.mlps.3.3.bias
    theta_R: embedding_X.embed_modules_list.0.embedding.mlps.4.0.weight
    theta_R: embedding_X.embed_modules_list.0.embedding.mlps.4.0.bias
    theta_R: embedding_X.embed_modules_list.0.embedding.mlps.4.3.weight
    theta_R: embedding_X.embed_modules_list.0.embedding.mlps.4.3.bias
    theta_R: embedding_X.embed_modules_list.0.embedding.mlps.5.0.weight
    theta_R: embedding_X.embed_modules_list.0.embedding.mlps.5.0.bias
    theta_R: embedding_X.embed_modules_list.0.embedding.mlps.5.3.weight
    theta_R: embedding_X.embed_modules_list.0.embedding.mlps.5.3.bias
    theta_R: embedding_X.embed_modules_list.0.embedding.mlps.6.0.weight
    theta_R: embedding_X.embed_modules_list.0.embedding.mlps.6.0.bias
    theta_R: embedding_X.embed_modules_list.0.embedding.mlps.6.3.weight
    theta_R: embedding_X.embed_modules_list.0.embedding.mlps.6.3.bias
    theta_R: embedding_X.embed_modules_list.0.embedding.mlps.7.0.weight
    theta_R: embedding_X.embed_modules_list.0.embedding.mlps.7.0.bias
    theta_R: embedding_X.embed_modules_list.0.embedding.mlps.7.3.weight
    theta_R: embedding_X.embed_modules_list.0.embedding.mlps.7.3.bias
    theta_R: embedding_X.embed_modules_list.0.embedding.mlps.8.0.weight
    theta_R: embedding_X.embed_modules_list.0.embedding.mlps.8.0.bias
    theta_R: embedding_X.embed_modules_list.0.embedding.mlps.8.3.weight
    theta_R: embedding_X.embed_modules_list.0.embedding.mlps.8.3.bias
    theta_R: embedding_X.embed_modules_list.0.embedding.mlps.9.0.weight
    theta_R: embedding_X.embed_modules_list.0.embedding.mlps.9.0.bias
    theta_R: embedding_X.embed_modules_list.0.embedding.mlps.9.3.weight
    theta_R: embedding_X.embed_modules_list.0.embedding.mlps.9.3.bias
    theta_R: embedding_X.embed_modules_list.0.embedding.mlps.10.0.weight
    theta_R: embedding_X.embed_modules_list.0.embedding.mlps.10.0.bias
    theta_R: embedding_X.embed_modules_list.0.embedding.mlps.10.3.weight
    theta_R: embedding_X.embed_modules_list.0.embedding.mlps.10.3.bias
    theta_R: embedding_X.embed_modules_list.0.embedding.mlps.11.0.weight
    theta_R: embedding_X.embed_modules_list.0.embedding.mlps.11.0.bias
    theta_R: embedding_X.embed_modules_list.0.embedding.mlps.11.3.weight
    theta_R: embedding_X.embed_modules_list.0.embedding.mlps.11.3.bias
    theta_R: embedding_X.embed_modules_list.0.embedding.mlps.12.0.weight
    theta_R: embedding_X.embed_modules_list.0.embedding.mlps.12.0.bias
    theta_R: embedding_X.embed_modules_list.0.embedding.mlps.12.3.weight
    theta_R: embedding_X.embed_modules_list.0.embedding.mlps.12.3.bias
    theta_R: embedding_X.embed_modules_list.0.embedding.mlps.13.0.weight
    theta_R: embedding_X.embed_modules_list.0.embedding.mlps.13.0.bias
    theta_R: embedding_X.embed_modules_list.0.embedding.mlps.13.3.weight
    theta_R: embedding_X.embed_modules_list.0.embedding.mlps.13.3.bias
    theta_R: embedding_X.embed_modules_list.0.embedding.mlps.14.0.weight
    theta_R: embedding_X.embed_modules_list.0.embedding.mlps.14.0.bias
    theta_R: embedding_X.embed_modules_list.0.embedding.mlps.14.3.weight
    theta_R: embedding_X.embed_modules_list.0.embedding.mlps.14.3.bias
    theta_R: embedding_X.embed_modules_list.0.embedding.mlps.15.0.weight
    theta_R: embedding_X.embed_modules_list.0.embedding.mlps.15.0.bias
    theta_R: embedding_X.embed_modules_list.0.embedding.mlps.15.3.weight
    theta_R: embedding_X.embed_modules_list.0.embedding.mlps.15.3.bias
    theta_R: embedding_X.embed_modules_list.0.embedding.mlps.16.0.weight
    theta_R: embedding_X.embed_modules_list.0.embedding.mlps.16.0.bias
    theta_R: embedding_X.embed_modules_list.0.embedding.mlps.16.3.weight
    theta_R: embedding_X.embed_modules_list.0.embedding.mlps.16.3.bias
    theta_R: embedding_X.embed_modules_list.0.embedding.mlps.17.0.weight
    theta_R: embedding_X.embed_modules_list.0.embedding.mlps.17.0.bias
    theta_R: embedding_X.embed_modules_list.0.embedding.mlps.17.3.weight
    theta_R: embedding_X.embed_modules_list.0.embedding.mlps.17.3.bias
    theta_R: embedding_X.embed_modules_list.1.embedding.embedding.weight
    theta_R: attention.value_projection.weight
    theta_R: attention.value_projection.bias
    theta_R: attention.out_projection.weight
    theta_R: attention.out_projection.bias
    theta_R: norm1.norm.weight
    theta_R: norm1.norm.bias
    theta_R: norm2.norm.weight
    theta_R: norm2.norm.bias
    theta_R: linear1.weight
    theta_R: linear1.bias
    theta_R: linear2.weight
    theta_R: linear2.bias
    theta_R: forecaster.mlps.0.0.weight
    theta_R: forecaster.mlps.0.0.bias
    theta_R: forecaster.mlps.0.3.weight
    theta_R: forecaster.mlps.0.3.bias
    theta_R: forecaster.mlps.1.0.weight
    theta_R: forecaster.mlps.1.0.bias
    theta_R: forecaster.mlps.1.3.weight
    theta_R: forecaster.mlps.1.3.bias
    theta_R: forecaster.mlps.2.0.weight
    theta_R: forecaster.mlps.2.0.bias
    theta_R: forecaster.mlps.2.3.weight
    theta_R: forecaster.mlps.2.3.bias
    theta_R: forecaster.mlps.3.0.weight
    theta_R: forecaster.mlps.3.0.bias
    theta_R: forecaster.mlps.3.3.weight
    theta_R: forecaster.mlps.3.3.bias
    theta_R: forecaster.mlps.4.0.weight
    theta_R: forecaster.mlps.4.0.bias
    theta_R: forecaster.mlps.4.3.weight
    theta_R: forecaster.mlps.4.3.bias
    theta_R: forecaster.mlps.5.0.weight
    theta_R: forecaster.mlps.5.0.bias
    theta_R: forecaster.mlps.5.3.weight
    theta_R: forecaster.mlps.5.3.bias
    theta_R: forecaster.mlps.6.0.weight
    theta_R: forecaster.mlps.6.0.bias
    theta_R: forecaster.mlps.6.3.weight
    theta_R: forecaster.mlps.6.3.bias
    theta_R: forecaster.mlps.7.0.weight
    theta_R: forecaster.mlps.7.0.bias
    theta_R: forecaster.mlps.7.3.weight
    theta_R: forecaster.mlps.7.3.bias
    theta_R: forecaster.mlps.8.0.weight
    theta_R: forecaster.mlps.8.0.bias
    theta_R: forecaster.mlps.8.3.weight
    theta_R: forecaster.mlps.8.3.bias
    theta_R: forecaster.mlps.9.0.weight
    theta_R: forecaster.mlps.9.0.bias
    theta_R: forecaster.mlps.9.3.weight
    theta_R: forecaster.mlps.9.3.bias
    theta_R: forecaster.mlps.10.0.weight
    theta_R: forecaster.mlps.10.0.bias
    theta_R: forecaster.mlps.10.3.weight
    theta_R: forecaster.mlps.10.3.bias
    theta_R: forecaster.mlps.11.0.weight
    theta_R: forecaster.mlps.11.0.bias
    theta_R: forecaster.mlps.11.3.weight
    theta_R: forecaster.mlps.11.3.bias
    theta_R: forecaster.mlps.12.0.weight
    theta_R: forecaster.mlps.12.0.bias
    theta_R: forecaster.mlps.12.3.weight
    theta_R: forecaster.mlps.12.3.bias
    theta_R: forecaster.mlps.13.0.weight
    theta_R: forecaster.mlps.13.0.bias
    theta_R: forecaster.mlps.13.3.weight
    theta_R: forecaster.mlps.13.3.bias
    theta_R: forecaster.mlps.14.0.weight
    theta_R: forecaster.mlps.14.0.bias
    theta_R: forecaster.mlps.14.3.weight
    theta_R: forecaster.mlps.14.3.bias
    theta_R: forecaster.mlps.15.0.weight
    theta_R: forecaster.mlps.15.0.bias
    theta_R: forecaster.mlps.15.3.weight
    theta_R: forecaster.mlps.15.3.bias
    theta_R: forecaster.mlps.16.0.weight
    theta_R: forecaster.mlps.16.0.bias
    theta_R: forecaster.mlps.16.3.weight
    theta_R: forecaster.mlps.16.3.bias
    theta_R: forecaster.mlps.17.0.weight
    theta_R: forecaster.mlps.17.0.bias
    theta_R: forecaster.mlps.17.3.weight
    theta_R: forecaster.mlps.17.3.bias
    theta_R: forecaster.mlps.18.0.weight
    theta_R: forecaster.mlps.18.0.bias
    theta_R: forecaster.mlps.18.3.weight
    theta_R: forecaster.mlps.18.3.bias
    theta_R: forecaster.mlps.19.0.weight
    theta_R: forecaster.mlps.19.0.bias
    theta_R: forecaster.mlps.19.3.weight
    theta_R: forecaster.mlps.19.3.bias
no_NT_bkd_02_nodesc epoch 49: mean H (off-diag) = 0.02178
Gradient routing parameter classification:
  Structural:        3 tensors, 900 params (1.4%)
  Reconstruction:  174 tensors, 65,420 params (98.6%)

  Structural parameters:
    theta_S: attention.inner_attention.query_norm_log_scale
    theta_S: query_embed_X.embedding.weight
    theta_S: query_embed_S.embedding.weight

  Reconstruction parameters:
    theta_R: embedding_S.embed_modules_list.0.embedding.mlps.0.0.weight
    theta_R: embedding_S.embed_modules_list.0.embedding.mlps.0.0.bias
    theta_R: embedding_S.embed_modules_list.0.embedding.mlps.0.3.weight
    theta_R: embedding_S.embed_modules_list.0.embedding.mlps.0.3.bias
    theta_R: embedding_S.embed_modules_list.0.embedding.mlps.1.0.weight
    theta_R: embedding_S.embed_modules_list.0.embedding.mlps.1.0.bias
    theta_R: embedding_S.embed_modules_list.0.embedding.mlps.1.3.weight
    theta_R: embedding_S.embed_modules_list.0.embedding.mlps.1.3.bias
    theta_R: embedding_S.embed_modules_list.1.embedding.embedding.weight
    theta_R: embedding_X.embed_modules_list.0.embedding.mlps.0.0.weight
    theta_R: embedding_X.embed_modules_list.0.embedding.mlps.0.0.bias
    theta_R: embedding_X.embed_modules_list.0.embedding.mlps.0.3.weight
    theta_R: embedding_X.embed_modules_list.0.embedding.mlps.0.3.bias
    theta_R: embedding_X.embed_modules_list.0.embedding.mlps.1.0.weight
    theta_R: embedding_X.embed_modules_list.0.embedding.mlps.1.0.bias
    theta_R: embedding_X.embed_modules_list.0.embedding.mlps.1.3.weight
    theta_R: embedding_X.embed_modules_list.0.embedding.mlps.1.3.bias
    theta_R: embedding_X.embed_modules_list.0.embedding.mlps.2.0.weight
    theta_R: embedding_X.embed_modules_list.0.embedding.mlps.2.0.bias
    theta_R: embedding_X.embed_modules_list.0.embedding.mlps.2.3.weight
    theta_R: embedding_X.embed_modules_list.0.embedding.mlps.2.3.bias
    theta_R: embedding_X.embed_modules_list.0.embedding.mlps.3.0.weight
    theta_R: embedding_X.embed_modules_list.0.embedding.mlps.3.0.bias
    theta_R: embedding_X.embed_modules_list.0.embedding.mlps.3.3.weight
    theta_R: embedding_X.embed_modules_list.0.embedding.mlps.3.3.bias
    theta_R: embedding_X.embed_modules_list.0.embedding.mlps.4.0.weight
    theta_R: embedding_X.embed_modules_list.0.embedding.mlps.4.0.bias
    theta_R: embedding_X.embed_modules_list.0.embedding.mlps.4.3.weight
    theta_R: embedding_X.embed_modules_list.0.embedding.mlps.4.3.bias
    theta_R: embedding_X.embed_modules_list.0.embedding.mlps.5.0.weight
    theta_R: embedding_X.embed_modules_list.0.embedding.mlps.5.0.bias
    theta_R: embedding_X.embed_modules_list.0.embedding.mlps.5.3.weight
    theta_R: embedding_X.embed_modules_list.0.embedding.mlps.5.3.bias
    theta_R: embedding_X.embed_modules_list.0.embedding.mlps.6.0.weight
    theta_R: embedding_X.embed_modules_list.0.embedding.mlps.6.0.bias
    theta_R: embedding_X.embed_modules_list.0.embedding.mlps.6.3.weight
    theta_R: embedding_X.embed_modules_list.0.embedding.mlps.6.3.bias
    theta_R: embedding_X.embed_modules_list.0.embedding.mlps.7.0.weight
    theta_R: embedding_X.embed_modules_list.0.embedding.mlps.7.0.bias
    theta_R: embedding_X.embed_modules_list.0.embedding.mlps.7.3.weight
    theta_R: embedding_X.embed_modules_list.0.embedding.mlps.7.3.bias
    theta_R: embedding_X.embed_modules_list.0.embedding.mlps.8.0.weight
    theta_R: embedding_X.embed_modules_list.0.embedding.mlps.8.0.bias
    theta_R: embedding_X.embed_modules_list.0.embedding.mlps.8.3.weight
    theta_R: embedding_X.embed_modules_list.0.embedding.mlps.8.3.bias
    theta_R: embedding_X.embed_modules_list.0.embedding.mlps.9.0.weight
    theta_R: embedding_X.embed_modules_list.0.embedding.mlps.9.0.bias
    theta_R: embedding_X.embed_modules_list.0.embedding.mlps.9.3.weight
    theta_R: embedding_X.embed_modules_list.0.embedding.mlps.9.3.bias
    theta_R: embedding_X.embed_modules_list.0.embedding.mlps.10.0.weight
    theta_R: embedding_X.embed_modules_list.0.embedding.mlps.10.0.bias
    theta_R: embedding_X.embed_modules_list.0.embedding.mlps.10.3.weight
    theta_R: embedding_X.embed_modules_list.0.embedding.mlps.10.3.bias
    theta_R: embedding_X.embed_modules_list.0.embedding.mlps.11.0.weight
    theta_R: embedding_X.embed_modules_list.0.embedding.mlps.11.0.bias
    theta_R: embedding_X.embed_modules_list.0.embedding.mlps.11.3.weight
    theta_R: embedding_X.embed_modules_list.0.embedding.mlps.11.3.bias
    theta_R: embedding_X.embed_modules_list.0.embedding.mlps.12.0.weight
    theta_R: embedding_X.embed_modules_list.0.embedding.mlps.12.0.bias
    theta_R: embedding_X.embed_modules_list.0.embedding.mlps.12.3.weight
    theta_R: embedding_X.embed_modules_list.0.embedding.mlps.12.3.bias
    theta_R: embedding_X.embed_modules_list.0.embedding.mlps.13.0.weight
    theta_R: embedding_X.embed_modules_list.0.embedding.mlps.13.0.bias
    theta_R: embedding_X.embed_modules_list.0.embedding.mlps.13.3.weight
    theta_R: embedding_X.embed_modules_list.0.embedding.mlps.13.3.bias
    theta_R: embedding_X.embed_modules_list.0.embedding.mlps.14.0.weight
    theta_R: embedding_X.embed_modules_list.0.embedding.mlps.14.0.bias
    theta_R: embedding_X.embed_modules_list.0.embedding.mlps.14.3.weight
    theta_R: embedding_X.embed_modules_list.0.embedding.mlps.14.3.bias
    theta_R: embedding_X.embed_modules_list.0.embedding.mlps.15.0.weight
    theta_R: embedding_X.embed_modules_list.0.embedding.mlps.15.0.bias
    theta_R: embedding_X.embed_modules_list.0.embedding.mlps.15.3.weight
    theta_R: embedding_X.embed_modules_list.0.embedding.mlps.15.3.bias
    theta_R: embedding_X.embed_modules_list.0.embedding.mlps.16.0.weight
    theta_R: embedding_X.embed_modules_list.0.embedding.mlps.16.0.bias
    theta_R: embedding_X.embed_modules_list.0.embedding.mlps.16.3.weight
    theta_R: embedding_X.embed_modules_list.0.embedding.mlps.16.3.bias
    theta_R: embedding_X.embed_modules_list.0.embedding.mlps.17.0.weight
    theta_R: embedding_X.embed_modules_list.0.embedding.mlps.17.0.bias
    theta_R: embedding_X.embed_modules_list.0.embedding.mlps.17.3.weight
    theta_R: embedding_X.embed_modules_list.0.embedding.mlps.17.3.bias
    theta_R: embedding_X.embed_modules_list.1.embedding.embedding.weight
    theta_R: attention.value_projection.weight
    theta_R: attention.value_projection.bias
    theta_R: attention.out_projection.weight
    theta_R: attention.out_projection.bias
    theta_R: norm1.norm.weight
    theta_R: norm1.norm.bias
    theta_R: norm2.norm.weight
    theta_R: norm2.norm.bias
    theta_R: linear1.weight
    theta_R: linear1.bias
    theta_R: linear2.weight
    theta_R: linear2.bias
    theta_R: forecaster.mlps.0.0.weight
    theta_R: forecaster.mlps.0.0.bias
    theta_R: forecaster.mlps.0.3.weight
    theta_R: forecaster.mlps.0.3.bias
    theta_R: forecaster.mlps.1.0.weight
    theta_R: forecaster.mlps.1.0.bias
    theta_R: forecaster.mlps.1.3.weight
    theta_R: forecaster.mlps.1.3.bias
    theta_R: forecaster.mlps.2.0.weight
    theta_R: forecaster.mlps.2.0.bias
    theta_R: forecaster.mlps.2.3.weight
    theta_R: forecaster.mlps.2.3.bias
    theta_R: forecaster.mlps.3.0.weight
    theta_R: forecaster.mlps.3.0.bias
    theta_R: forecaster.mlps.3.3.weight
    theta_R: forecaster.mlps.3.3.bias
    theta_R: forecaster.mlps.4.0.weight
    theta_R: forecaster.mlps.4.0.bias
    theta_R: forecaster.mlps.4.3.weight
    theta_R: forecaster.mlps.4.3.bias
    theta_R: forecaster.mlps.5.0.weight
    theta_R: forecaster.mlps.5.0.bias
    theta_R: forecaster.mlps.5.3.weight
    theta_R: forecaster.mlps.5.3.bias
    theta_R: forecaster.mlps.6.0.weight
    theta_R: forecaster.mlps.6.0.bias
    theta_R: forecaster.mlps.6.3.weight
    theta_R: forecaster.mlps.6.3.bias
    theta_R: forecaster.mlps.7.0.weight
    theta_R: forecaster.mlps.7.0.bias
    theta_R: forecaster.mlps.7.3.weight
    theta_R: forecaster.mlps.7.3.bias
    theta_R: forecaster.mlps.8.0.weight
    theta_R: forecaster.mlps.8.0.bias
    theta_R: forecaster.mlps.8.3.weight
    theta_R: forecaster.mlps.8.3.bias
    theta_R: forecaster.mlps.9.0.weight
    theta_R: forecaster.mlps.9.0.bias
    theta_R: forecaster.mlps.9.3.weight
    theta_R: forecaster.mlps.9.3.bias
    theta_R: forecaster.mlps.10.0.weight
    theta_R: forecaster.mlps.10.0.bias
    theta_R: forecaster.mlps.10.3.weight
    theta_R: forecaster.mlps.10.3.bias
    theta_R: forecaster.mlps.11.0.weight
    theta_R: forecaster.mlps.11.0.bias
    theta_R: forecaster.mlps.11.3.weight
    theta_R: forecaster.mlps.11.3.bias
    theta_R: forecaster.mlps.12.0.weight
    theta_R: forecaster.mlps.12.0.bias
    theta_R: forecaster.mlps.12.3.weight
    theta_R: forecaster.mlps.12.3.bias
    theta_R: forecaster.mlps.13.0.weight
    theta_R: forecaster.mlps.13.0.bias
    theta_R: forecaster.mlps.13.3.weight
    theta_R: forecaster.mlps.13.3.bias
    theta_R: forecaster.mlps.14.0.weight
    theta_R: forecaster.mlps.14.0.bias
    theta_R: forecaster.mlps.14.3.weight
    theta_R: forecaster.mlps.14.3.bias
    theta_R: forecaster.mlps.15.0.weight
    theta_R: forecaster.mlps.15.0.bias
    theta_R: forecaster.mlps.15.3.weight
    theta_R: forecaster.mlps.15.3.bias
    theta_R: forecaster.mlps.16.0.weight
    theta_R: forecaster.mlps.16.0.bias
    theta_R: forecaster.mlps.16.3.weight
    theta_R: forecaster.mlps.16.3.bias
    theta_R: forecaster.mlps.17.0.weight
    theta_R: forecaster.mlps.17.0.bias
    theta_R: forecaster.mlps.17.3.weight
    theta_R: forecaster.mlps.17.3.bias
    theta_R: forecaster.mlps.18.0.weight
    theta_R: forecaster.mlps.18.0.bias
    theta_R: forecaster.mlps.18.3.weight
    theta_R: forecaster.mlps.18.3.bias
    theta_R: forecaster.mlps.19.0.weight
    theta_R: forecaster.mlps.19.0.bias
    theta_R: forecaster.mlps.19.3.weight
    theta_R: forecaster.mlps.19.3.bias
no_NT_bkd_02_nodesc epoch 199: mean H (off-diag) = 0.01098
Gradient routing parameter classification:
  Structural:        3 tensors, 900 params (1.4%)
  Reconstruction:  174 tensors, 65,420 params (98.6%)

  Structural parameters:
    theta_S: attention.inner_attention.query_norm_log_scale
    theta_S: query_embed_X.embedding.weight
    theta_S: query_embed_S.embedding.weight

  Reconstruction parameters:
    theta_R: embedding_S.embed_modules_list.0.embedding.mlps.0.0.weight
    theta_R: embedding_S.embed_modules_list.0.embedding.mlps.0.0.bias
    theta_R: embedding_S.embed_modules_list.0.embedding.mlps.0.3.weight
    theta_R: embedding_S.embed_modules_list.0.embedding.mlps.0.3.bias
    theta_R: embedding_S.embed_modules_list.0.embedding.mlps.1.0.weight
    theta_R: embedding_S.embed_modules_list.0.embedding.mlps.1.0.bias
    theta_R: embedding_S.embed_modules_list.0.embedding.mlps.1.3.weight
    theta_R: embedding_S.embed_modules_list.0.embedding.mlps.1.3.bias
    theta_R: embedding_S.embed_modules_list.1.embedding.embedding.weight
    theta_R: embedding_X.embed_modules_list.0.embedding.mlps.0.0.weight
    theta_R: embedding_X.embed_modules_list.0.embedding.mlps.0.0.bias
    theta_R: embedding_X.embed_modules_list.0.embedding.mlps.0.3.weight
    theta_R: embedding_X.embed_modules_list.0.embedding.mlps.0.3.bias
    theta_R: embedding_X.embed_modules_list.0.embedding.mlps.1.0.weight
    theta_R: embedding_X.embed_modules_list.0.embedding.mlps.1.0.bias
    theta_R: embedding_X.embed_modules_list.0.embedding.mlps.1.3.weight
    theta_R: embedding_X.embed_modules_list.0.embedding.mlps.1.3.bias
    theta_R: embedding_X.embed_modules_list.0.embedding.mlps.2.0.weight
    theta_R: embedding_X.embed_modules_list.0.embedding.mlps.2.0.bias
    theta_R: embedding_X.embed_modules_list.0.embedding.mlps.2.3.weight
    theta_R: embedding_X.embed_modules_list.0.embedding.mlps.2.3.bias
    theta_R: embedding_X.embed_modules_list.0.embedding.mlps.3.0.weight
    theta_R: embedding_X.embed_modules_list.0.embedding.mlps.3.0.bias
    theta_R: embedding_X.embed_modules_list.0.embedding.mlps.3.3.weight
    theta_R: embedding_X.embed_modules_list.0.embedding.mlps.3.3.bias
    theta_R: embedding_X.embed_modules_list.0.embedding.mlps.4.0.weight
    theta_R: embedding_X.embed_modules_list.0.embedding.mlps.4.0.bias
    theta_R: embedding_X.embed_modules_list.0.embedding.mlps.4.3.weight
    theta_R: embedding_X.embed_modules_list.0.embedding.mlps.4.3.bias
    theta_R: embedding_X.embed_modules_list.0.embedding.mlps.5.0.weight
    theta_R: embedding_X.embed_modules_list.0.embedding.mlps.5.0.bias
    theta_R: embedding_X.embed_modules_list.0.embedding.mlps.5.3.weight
    theta_R: embedding_X.embed_modules_list.0.embedding.mlps.5.3.bias
    theta_R: embedding_X.embed_modules_list.0.embedding.mlps.6.0.weight
    theta_R: embedding_X.embed_modules_list.0.embedding.mlps.6.0.bias
    theta_R: embedding_X.embed_modules_list.0.embedding.mlps.6.3.weight
    theta_R: embedding_X.embed_modules_list.0.embedding.mlps.6.3.bias
    theta_R: embedding_X.embed_modules_list.0.embedding.mlps.7.0.weight
    theta_R: embedding_X.embed_modules_list.0.embedding.mlps.7.0.bias
    theta_R: embedding_X.embed_modules_list.0.embedding.mlps.7.3.weight
    theta_R: embedding_X.embed_modules_list.0.embedding.mlps.7.3.bias
    theta_R: embedding_X.embed_modules_list.0.embedding.mlps.8.0.weight
    theta_R: embedding_X.embed_modules_list.0.embedding.mlps.8.0.bias
    theta_R: embedding_X.embed_modules_list.0.embedding.mlps.8.3.weight
    theta_R: embedding_X.embed_modules_list.0.embedding.mlps.8.3.bias
    theta_R: embedding_X.embed_modules_list.0.embedding.mlps.9.0.weight
    theta_R: embedding_X.embed_modules_list.0.embedding.mlps.9.0.bias
    theta_R: embedding_X.embed_modules_list.0.embedding.mlps.9.3.weight
    theta_R: embedding_X.embed_modules_list.0.embedding.mlps.9.3.bias
    theta_R: embedding_X.embed_modules_list.0.embedding.mlps.10.0.weight
    theta_R: embedding_X.embed_modules_list.0.embedding.mlps.10.0.bias
    theta_R: embedding_X.embed_modules_list.0.embedding.mlps.10.3.weight
    theta_R: embedding_X.embed_modules_list.0.embedding.mlps.10.3.bias
    theta_R: embedding_X.embed_modules_list.0.embedding.mlps.11.0.weight
    theta_R: embedding_X.embed_modules_list.0.embedding.mlps.11.0.bias
    theta_R: embedding_X.embed_modules_list.0.embedding.mlps.11.3.weight
    theta_R: embedding_X.embed_modules_list.0.embedding.mlps.11.3.bias
    theta_R: embedding_X.embed_modules_list.0.embedding.mlps.12.0.weight
    theta_R: embedding_X.embed_modules_list.0.embedding.mlps.12.0.bias
    theta_R: embedding_X.embed_modules_list.0.embedding.mlps.12.3.weight
    theta_R: embedding_X.embed_modules_list.0.embedding.mlps.12.3.bias
    theta_R: embedding_X.embed_modules_list.0.embedding.mlps.13.0.weight
    theta_R: embedding_X.embed_modules_list.0.embedding.mlps.13.0.bias
    theta_R: embedding_X.embed_modules_list.0.embedding.mlps.13.3.weight
    theta_R: embedding_X.embed_modules_list.0.embedding.mlps.13.3.bias
    theta_R: embedding_X.embed_modules_list.0.embedding.mlps.14.0.weight
    theta_R: embedding_X.embed_modules_list.0.embedding.mlps.14.0.bias
    theta_R: embedding_X.embed_modules_list.0.embedding.mlps.14.3.weight
    theta_R: embedding_X.embed_modules_list.0.embedding.mlps.14.3.bias
    theta_R: embedding_X.embed_modules_list.0.embedding.mlps.15.0.weight
    theta_R: embedding_X.embed_modules_list.0.embedding.mlps.15.0.bias
    theta_R: embedding_X.embed_modules_list.0.embedding.mlps.15.3.weight
    theta_R: embedding_X.embed_modules_list.0.embedding.mlps.15.3.bias
    theta_R: embedding_X.embed_modules_list.0.embedding.mlps.16.0.weight
    theta_R: embedding_X.embed_modules_list.0.embedding.mlps.16.0.bias
    theta_R: embedding_X.embed_modules_list.0.embedding.mlps.16.3.weight
    theta_R: embedding_X.embed_modules_list.0.embedding.mlps.16.3.bias
    theta_R: embedding_X.embed_modules_list.0.embedding.mlps.17.0.weight
    theta_R: embedding_X.embed_modules_list.0.embedding.mlps.17.0.bias
    theta_R: embedding_X.embed_modules_list.0.embedding.mlps.17.3.weight
    theta_R: embedding_X.embed_modules_list.0.embedding.mlps.17.3.bias
    theta_R: embedding_X.embed_modules_list.1.embedding.embedding.weight
    theta_R: attention.value_projection.weight
    theta_R: attention.value_projection.bias
    theta_R: attention.out_projection.weight
    theta_R: attention.out_projection.bias
    theta_R: norm1.norm.weight
    theta_R: norm1.norm.bias
    theta_R: norm2.norm.weight
    theta_R: norm2.norm.bias
    theta_R: linear1.weight
    theta_R: linear1.bias
    theta_R: linear2.weight
    theta_R: linear2.bias
    theta_R: forecaster.mlps.0.0.weight
    theta_R: forecaster.mlps.0.0.bias
    theta_R: forecaster.mlps.0.3.weight
    theta_R: forecaster.mlps.0.3.bias
    theta_R: forecaster.mlps.1.0.weight
    theta_R: forecaster.mlps.1.0.bias
    theta_R: forecaster.mlps.1.3.weight
    theta_R: forecaster.mlps.1.3.bias
    theta_R: forecaster.mlps.2.0.weight
    theta_R: forecaster.mlps.2.0.bias
    theta_R: forecaster.mlps.2.3.weight
    theta_R: forecaster.mlps.2.3.bias
    theta_R: forecaster.mlps.3.0.weight
    theta_R: forecaster.mlps.3.0.bias
    theta_R: forecaster.mlps.3.3.weight
    theta_R: forecaster.mlps.3.3.bias
    theta_R: forecaster.mlps.4.0.weight
    theta_R: forecaster.mlps.4.0.bias
    theta_R: forecaster.mlps.4.3.weight
    theta_R: forecaster.mlps.4.3.bias
    theta_R: forecaster.mlps.5.0.weight
    theta_R: forecaster.mlps.5.0.bias
    theta_R: forecaster.mlps.5.3.weight
    theta_R: forecaster.mlps.5.3.bias
    theta_R: forecaster.mlps.6.0.weight
    theta_R: forecaster.mlps.6.0.bias
    theta_R: forecaster.mlps.6.3.weight
    theta_R: forecaster.mlps.6.3.bias
    theta_R: forecaster.mlps.7.0.weight
    theta_R: forecaster.mlps.7.0.bias
    theta_R: forecaster.mlps.7.3.weight
    theta_R: forecaster.mlps.7.3.bias
    theta_R: forecaster.mlps.8.0.weight
    theta_R: forecaster.mlps.8.0.bias
    theta_R: forecaster.mlps.8.3.weight
    theta_R: forecaster.mlps.8.3.bias
    theta_R: forecaster.mlps.9.0.weight
    theta_R: forecaster.mlps.9.0.bias
    theta_R: forecaster.mlps.9.3.weight
    theta_R: forecaster.mlps.9.3.bias
    theta_R: forecaster.mlps.10.0.weight
    theta_R: forecaster.mlps.10.0.bias
    theta_R: forecaster.mlps.10.3.weight
    theta_R: forecaster.mlps.10.3.bias
    theta_R: forecaster.mlps.11.0.weight
    theta_R: forecaster.mlps.11.0.bias
    theta_R: forecaster.mlps.11.3.weight
    theta_R: forecaster.mlps.11.3.bias
    theta_R: forecaster.mlps.12.0.weight
    theta_R: forecaster.mlps.12.0.bias
    theta_R: forecaster.mlps.12.3.weight
    theta_R: forecaster.mlps.12.3.bias
    theta_R: forecaster.mlps.13.0.weight
    theta_R: forecaster.mlps.13.0.bias
    theta_R: forecaster.mlps.13.3.weight
    theta_R: forecaster.mlps.13.3.bias
    theta_R: forecaster.mlps.14.0.weight
    theta_R: forecaster.mlps.14.0.bias
    theta_R: forecaster.mlps.14.3.weight
    theta_R: forecaster.mlps.14.3.bias
    theta_R: forecaster.mlps.15.0.weight
    theta_R: forecaster.mlps.15.0.bias
    theta_R: forecaster.mlps.15.3.weight
    theta_R: forecaster.mlps.15.3.bias
    theta_R: forecaster.mlps.16.0.weight
    theta_R: forecaster.mlps.16.0.bias
    theta_R: forecaster.mlps.16.3.weight
    theta_R: forecaster.mlps.16.3.bias
    theta_R: forecaster.mlps.17.0.weight
    theta_R: forecaster.mlps.17.0.bias
    theta_R: forecaster.mlps.17.3.weight
    theta_R: forecaster.mlps.17.3.bias
    theta_R: forecaster.mlps.18.0.weight
    theta_R: forecaster.mlps.18.0.bias
    theta_R: forecaster.mlps.18.3.weight
    theta_R: forecaster.mlps.18.3.bias
    theta_R: forecaster.mlps.19.0.weight
    theta_R: forecaster.mlps.19.0.bias
    theta_R: forecaster.mlps.19.3.weight
    theta_R: forecaster.mlps.19.3.bias
no_NT_bkd_02_nodesc epoch 499: mean H (off-diag) = 0.00868
Gradient routing parameter classification:
  Structural:        3 tensors, 900 params (1.4%)
  Reconstruction:  174 tensors, 65,420 params (98.6%)

  Structural parameters:
    theta_S: attention.inner_attention.query_norm_log_scale
    theta_S: query_embed_X.embedding.weight
    theta_S: query_embed_S.embedding.weight

  Reconstruction parameters:
    theta_R: embedding_S.embed_modules_list.0.embedding.mlps.0.0.weight
    theta_R: embedding_S.embed_modules_list.0.embedding.mlps.0.0.bias
    theta_R: embedding_S.embed_modules_list.0.embedding.mlps.0.3.weight
    theta_R: embedding_S.embed_modules_list.0.embedding.mlps.0.3.bias
    theta_R: embedding_S.embed_modules_list.0.embedding.mlps.1.0.weight
    theta_R: embedding_S.embed_modules_list.0.embedding.mlps.1.0.bias
    theta_R: embedding_S.embed_modules_list.0.embedding.mlps.1.3.weight
    theta_R: embedding_S.embed_modules_list.0.embedding.mlps.1.3.bias
    theta_R: embedding_S.embed_modules_list.1.embedding.embedding.weight
    theta_R: embedding_X.embed_modules_list.0.embedding.mlps.0.0.weight
    theta_R: embedding_X.embed_modules_list.0.embedding.mlps.0.0.bias
    theta_R: embedding_X.embed_modules_list.0.embedding.mlps.0.3.weight
    theta_R: embedding_X.embed_modules_list.0.embedding.mlps.0.3.bias
    theta_R: embedding_X.embed_modules_list.0.embedding.mlps.1.0.weight
    theta_R: embedding_X.embed_modules_list.0.embedding.mlps.1.0.bias
    theta_R: embedding_X.embed_modules_list.0.embedding.mlps.1.3.weight
    theta_R: embedding_X.embed_modules_list.0.embedding.mlps.1.3.bias
    theta_R: embedding_X.embed_modules_list.0.embedding.mlps.2.0.weight
    theta_R: embedding_X.embed_modules_list.0.embedding.mlps.2.0.bias
    theta_R: embedding_X.embed_modules_list.0.embedding.mlps.2.3.weight
    theta_R: embedding_X.embed_modules_list.0.embedding.mlps.2.3.bias
    theta_R: embedding_X.embed_modules_list.0.embedding.mlps.3.0.weight
    theta_R: embedding_X.embed_modules_list.0.embedding.mlps.3.0.bias
    theta_R: embedding_X.embed_modules_list.0.embedding.mlps.3.3.weight
    theta_R: embedding_X.embed_modules_list.0.embedding.mlps.3.3.bias
    theta_R: embedding_X.embed_modules_list.0.embedding.mlps.4.0.weight
    theta_R: embedding_X.embed_modules_list.0.embedding.mlps.4.0.bias
    theta_R: embedding_X.embed_modules_list.0.embedding.mlps.4.3.weight
    theta_R: embedding_X.embed_modules_list.0.embedding.mlps.4.3.bias
    theta_R: embedding_X.embed_modules_list.0.embedding.mlps.5.0.weight
    theta_R: embedding_X.embed_modules_list.0.embedding.mlps.5.0.bias
    theta_R: embedding_X.embed_modules_list.0.embedding.mlps.5.3.weight
    theta_R: embedding_X.embed_modules_list.0.embedding.mlps.5.3.bias
    theta_R: embedding_X.embed_modules_list.0.embedding.mlps.6.0.weight
    theta_R: embedding_X.embed_modules_list.0.embedding.mlps.6.0.bias
    theta_R: embedding_X.embed_modules_list.0.embedding.mlps.6.3.weight
    theta_R: embedding_X.embed_modules_list.0.embedding.mlps.6.3.bias
    theta_R: embedding_X.embed_modules_list.0.embedding.mlps.7.0.weight
    theta_R: embedding_X.embed_modules_list.0.embedding.mlps.7.0.bias
    theta_R: embedding_X.embed_modules_list.0.embedding.mlps.7.3.weight
    theta_R: embedding_X.embed_modules_list.0.embedding.mlps.7.3.bias
    theta_R: embedding_X.embed_modules_list.0.embedding.mlps.8.0.weight
    theta_R: embedding_X.embed_modules_list.0.embedding.mlps.8.0.bias
    theta_R: embedding_X.embed_modules_list.0.embedding.mlps.8.3.weight
    theta_R: embedding_X.embed_modules_list.0.embedding.mlps.8.3.bias
    theta_R: embedding_X.embed_modules_list.0.embedding.mlps.9.0.weight
    theta_R: embedding_X.embed_modules_list.0.embedding.mlps.9.0.bias
    theta_R: embedding_X.embed_modules_list.0.embedding.mlps.9.3.weight
    theta_R: embedding_X.embed_modules_list.0.embedding.mlps.9.3.bias
    theta_R: embedding_X.embed_modules_list.0.embedding.mlps.10.0.weight
    theta_R: embedding_X.embed_modules_list.0.embedding.mlps.10.0.bias
    theta_R: embedding_X.embed_modules_list.0.embedding.mlps.10.3.weight
    theta_R: embedding_X.embed_modules_list.0.embedding.mlps.10.3.bias
    theta_R: embedding_X.embed_modules_list.0.embedding.mlps.11.0.weight
    theta_R: embedding_X.embed_modules_list.0.embedding.mlps.11.0.bias
    theta_R: embedding_X.embed_modules_list.0.embedding.mlps.11.3.weight
    theta_R: embedding_X.embed_modules_list.0.embedding.mlps.11.3.bias
    theta_R: embedding_X.embed_modules_list.0.embedding.mlps.12.0.weight
    theta_R: embedding_X.embed_modules_list.0.embedding.mlps.12.0.bias
    theta_R: embedding_X.embed_modules_list.0.embedding.mlps.12.3.weight
    theta_R: embedding_X.embed_modules_list.0.embedding.mlps.12.3.bias
    theta_R: embedding_X.embed_modules_list.0.embedding.mlps.13.0.weight
    theta_R: embedding_X.embed_modules_list.0.embedding.mlps.13.0.bias
    theta_R: embedding_X.embed_modules_list.0.embedding.mlps.13.3.weight
    theta_R: embedding_X.embed_modules_list.0.embedding.mlps.13.3.bias
    theta_R: embedding_X.embed_modules_list.0.embedding.mlps.14.0.weight
    theta_R: embedding_X.embed_modules_list.0.embedding.mlps.14.0.bias
    theta_R: embedding_X.embed_modules_list.0.embedding.mlps.14.3.weight
    theta_R: embedding_X.embed_modules_list.0.embedding.mlps.14.3.bias
    theta_R: embedding_X.embed_modules_list.0.embedding.mlps.15.0.weight
    theta_R: embedding_X.embed_modules_list.0.embedding.mlps.15.0.bias
    theta_R: embedding_X.embed_modules_list.0.embedding.mlps.15.3.weight
    theta_R: embedding_X.embed_modules_list.0.embedding.mlps.15.3.bias
    theta_R: embedding_X.embed_modules_list.0.embedding.mlps.16.0.weight
    theta_R: embedding_X.embed_modules_list.0.embedding.mlps.16.0.bias
    theta_R: embedding_X.embed_modules_list.0.embedding.mlps.16.3.weight
    theta_R: embedding_X.embed_modules_list.0.embedding.mlps.16.3.bias
    theta_R: embedding_X.embed_modules_list.0.embedding.mlps.17.0.weight
    theta_R: embedding_X.embed_modules_list.0.embedding.mlps.17.0.bias
    theta_R: embedding_X.embed_modules_list.0.embedding.mlps.17.3.weight
    theta_R: embedding_X.embed_modules_list.0.embedding.mlps.17.3.bias
    theta_R: embedding_X.embed_modules_list.1.embedding.embedding.weight
    theta_R: attention.value_projection.weight
    theta_R: attention.value_projection.bias
    theta_R: attention.out_projection.weight
    theta_R: attention.out_projection.bias
    theta_R: norm1.norm.weight
    theta_R: norm1.norm.bias
    theta_R: norm2.norm.weight
    theta_R: norm2.norm.bias
    theta_R: linear1.weight
    theta_R: linear1.bias
    theta_R: linear2.weight
    theta_R: linear2.bias
    theta_R: forecaster.mlps.0.0.weight
    theta_R: forecaster.mlps.0.0.bias
    theta_R: forecaster.mlps.0.3.weight
    theta_R: forecaster.mlps.0.3.bias
    theta_R: forecaster.mlps.1.0.weight
    theta_R: forecaster.mlps.1.0.bias
    theta_R: forecaster.mlps.1.3.weight
    theta_R: forecaster.mlps.1.3.bias
    theta_R: forecaster.mlps.2.0.weight
    theta_R: forecaster.mlps.2.0.bias
    theta_R: forecaster.mlps.2.3.weight
    theta_R: forecaster.mlps.2.3.bias
    theta_R: forecaster.mlps.3.0.weight
    theta_R: forecaster.mlps.3.0.bias
    theta_R: forecaster.mlps.3.3.weight
    theta_R: forecaster.mlps.3.3.bias
    theta_R: forecaster.mlps.4.0.weight
    theta_R: forecaster.mlps.4.0.bias
    theta_R: forecaster.mlps.4.3.weight
    theta_R: forecaster.mlps.4.3.bias
    theta_R: forecaster.mlps.5.0.weight
    theta_R: forecaster.mlps.5.0.bias
    theta_R: forecaster.mlps.5.3.weight
    theta_R: forecaster.mlps.5.3.bias
    theta_R: forecaster.mlps.6.0.weight
    theta_R: forecaster.mlps.6.0.bias
    theta_R: forecaster.mlps.6.3.weight
    theta_R: forecaster.mlps.6.3.bias
    theta_R: forecaster.mlps.7.0.weight
    theta_R: forecaster.mlps.7.0.bias
    theta_R: forecaster.mlps.7.3.weight
    theta_R: forecaster.mlps.7.3.bias
    theta_R: forecaster.mlps.8.0.weight
    theta_R: forecaster.mlps.8.0.bias
    theta_R: forecaster.mlps.8.3.weight
    theta_R: forecaster.mlps.8.3.bias
    theta_R: forecaster.mlps.9.0.weight
    theta_R: forecaster.mlps.9.0.bias
    theta_R: forecaster.mlps.9.3.weight
    theta_R: forecaster.mlps.9.3.bias
    theta_R: forecaster.mlps.10.0.weight
    theta_R: forecaster.mlps.10.0.bias
    theta_R: forecaster.mlps.10.3.weight
    theta_R: forecaster.mlps.10.3.bias
    theta_R: forecaster.mlps.11.0.weight
    theta_R: forecaster.mlps.11.0.bias
    theta_R: forecaster.mlps.11.3.weight
    theta_R: forecaster.mlps.11.3.bias
    theta_R: forecaster.mlps.12.0.weight
    theta_R: forecaster.mlps.12.0.bias
    theta_R: forecaster.mlps.12.3.weight
    theta_R: forecaster.mlps.12.3.bias
    theta_R: forecaster.mlps.13.0.weight
    theta_R: forecaster.mlps.13.0.bias
    theta_R: forecaster.mlps.13.3.weight
    theta_R: forecaster.mlps.13.3.bias
    theta_R: forecaster.mlps.14.0.weight
    theta_R: forecaster.mlps.14.0.bias
    theta_R: forecaster.mlps.14.3.weight
    theta_R: forecaster.mlps.14.3.bias
    theta_R: forecaster.mlps.15.0.weight
    theta_R: forecaster.mlps.15.0.bias
    theta_R: forecaster.mlps.15.3.weight
    theta_R: forecaster.mlps.15.3.bias
    theta_R: forecaster.mlps.16.0.weight
    theta_R: forecaster.mlps.16.0.bias
    theta_R: forecaster.mlps.16.3.weight
    theta_R: forecaster.mlps.16.3.bias
    theta_R: forecaster.mlps.17.0.weight
    theta_R: forecaster.mlps.17.0.bias
    theta_R: forecaster.mlps.17.3.weight
    theta_R: forecaster.mlps.17.3.bias
    theta_R: forecaster.mlps.18.0.weight
    theta_R: forecaster.mlps.18.0.bias
    theta_R: forecaster.mlps.18.3.weight
    theta_R: forecaster.mlps.18.3.bias
    theta_R: forecaster.mlps.19.0.weight
    theta_R: forecaster.mlps.19.0.bias
    theta_R: forecaster.mlps.19.3.weight
    theta_R: forecaster.mlps.19.3.bias
no_NT_bkd_02_nodesc epoch 999: mean H (off-diag) = 0.00360
Gradient routing parameter classification:
  Structural:        3 tensors, 900 params (1.4%)
  Reconstruction:  174 tensors, 65,420 params (98.6%)

  Structural parameters:
    theta_S: attention.inner_attention.query_norm_log_scale
    theta_S: query_embed_X.embedding.weight
    theta_S: query_embed_S.embedding.weight

  Reconstruction parameters:
    theta_R: embedding_S.embed_modules_list.0.embedding.mlps.0.0.weight
    theta_R: embedding_S.embed_modules_list.0.embedding.mlps.0.0.bias
    theta_R: embedding_S.embed_modules_list.0.embedding.mlps.0.3.weight
    theta_R: embedding_S.embed_modules_list.0.embedding.mlps.0.3.bias
    theta_R: embedding_S.embed_modules_list.0.embedding.mlps.1.0.weight
    theta_R: embedding_S.embed_modules_list.0.embedding.mlps.1.0.bias
    theta_R: embedding_S.embed_modules_list.0.embedding.mlps.1.3.weight
    theta_R: embedding_S.embed_modules_list.0.embedding.mlps.1.3.bias
    theta_R: embedding_S.embed_modules_list.1.embedding.embedding.weight
    theta_R: embedding_X.embed_modules_list.0.embedding.mlps.0.0.weight
    theta_R: embedding_X.embed_modules_list.0.embedding.mlps.0.0.bias
    theta_R: embedding_X.embed_modules_list.0.embedding.mlps.0.3.weight
    theta_R: embedding_X.embed_modules_list.0.embedding.mlps.0.3.bias
    theta_R: embedding_X.embed_modules_list.0.embedding.mlps.1.0.weight
    theta_R: embedding_X.embed_modules_list.0.embedding.mlps.1.0.bias
    theta_R: embedding_X.embed_modules_list.0.embedding.mlps.1.3.weight
    theta_R: embedding_X.embed_modules_list.0.embedding.mlps.1.3.bias
    theta_R: embedding_X.embed_modules_list.0.embedding.mlps.2.0.weight
    theta_R: embedding_X.embed_modules_list.0.embedding.mlps.2.0.bias
    theta_R: embedding_X.embed_modules_list.0.embedding.mlps.2.3.weight
    theta_R: embedding_X.embed_modules_list.0.embedding.mlps.2.3.bias
    theta_R: embedding_X.embed_modules_list.0.embedding.mlps.3.0.weight
    theta_R: embedding_X.embed_modules_list.0.embedding.mlps.3.0.bias
    theta_R: embedding_X.embed_modules_list.0.embedding.mlps.3.3.weight
    theta_R: embedding_X.embed_modules_list.0.embedding.mlps.3.3.bias
    theta_R: embedding_X.embed_modules_list.0.embedding.mlps.4.0.weight
    theta_R: embedding_X.embed_modules_list.0.embedding.mlps.4.0.bias
    theta_R: embedding_X.embed_modules_list.0.embedding.mlps.4.3.weight
    theta_R: embedding_X.embed_modules_list.0.embedding.mlps.4.3.bias
    theta_R: embedding_X.embed_modules_list.0.embedding.mlps.5.0.weight
    theta_R: embedding_X.embed_modules_list.0.embedding.mlps.5.0.bias
    theta_R: embedding_X.embed_modules_list.0.embedding.mlps.5.3.weight
    theta_R: embedding_X.embed_modules_list.0.embedding.mlps.5.3.bias
    theta_R: embedding_X.embed_modules_list.0.embedding.mlps.6.0.weight
    theta_R: embedding_X.embed_modules_list.0.embedding.mlps.6.0.bias
    theta_R: embedding_X.embed_modules_list.0.embedding.mlps.6.3.weight
    theta_R: embedding_X.embed_modules_list.0.embedding.mlps.6.3.bias
    theta_R: embedding_X.embed_modules_list.0.embedding.mlps.7.0.weight
    theta_R: embedding_X.embed_modules_list.0.embedding.mlps.7.0.bias
    theta_R: embedding_X.embed_modules_list.0.embedding.mlps.7.3.weight
    theta_R: embedding_X.embed_modules_list.0.embedding.mlps.7.3.bias
    theta_R: embedding_X.embed_modules_list.0.embedding.mlps.8.0.weight
    theta_R: embedding_X.embed_modules_list.0.embedding.mlps.8.0.bias
    theta_R: embedding_X.embed_modules_list.0.embedding.mlps.8.3.weight
    theta_R: embedding_X.embed_modules_list.0.embedding.mlps.8.3.bias
    theta_R: embedding_X.embed_modules_list.0.embedding.mlps.9.0.weight
    theta_R: embedding_X.embed_modules_list.0.embedding.mlps.9.0.bias
    theta_R: embedding_X.embed_modules_list.0.embedding.mlps.9.3.weight
    theta_R: embedding_X.embed_modules_list.0.embedding.mlps.9.3.bias
    theta_R: embedding_X.embed_modules_list.0.embedding.mlps.10.0.weight
    theta_R: embedding_X.embed_modules_list.0.embedding.mlps.10.0.bias
    theta_R: embedding_X.embed_modules_list.0.embedding.mlps.10.3.weight
    theta_R: embedding_X.embed_modules_list.0.embedding.mlps.10.3.bias
    theta_R: embedding_X.embed_modules_list.0.embedding.mlps.11.0.weight
    theta_R: embedding_X.embed_modules_list.0.embedding.mlps.11.0.bias
    theta_R: embedding_X.embed_modules_list.0.embedding.mlps.11.3.weight
    theta_R: embedding_X.embed_modules_list.0.embedding.mlps.11.3.bias
    theta_R: embedding_X.embed_modules_list.0.embedding.mlps.12.0.weight
    theta_R: embedding_X.embed_modules_list.0.embedding.mlps.12.0.bias
    theta_R: embedding_X.embed_modules_list.0.embedding.mlps.12.3.weight
    theta_R: embedding_X.embed_modules_list.0.embedding.mlps.12.3.bias
    theta_R: embedding_X.embed_modules_list.0.embedding.mlps.13.0.weight
    theta_R: embedding_X.embed_modules_list.0.embedding.mlps.13.0.bias
    theta_R: embedding_X.embed_modules_list.0.embedding.mlps.13.3.weight
    theta_R: embedding_X.embed_modules_list.0.embedding.mlps.13.3.bias
    theta_R: embedding_X.embed_modules_list.0.embedding.mlps.14.0.weight
    theta_R: embedding_X.embed_modules_list.0.embedding.mlps.14.0.bias
    theta_R: embedding_X.embed_modules_list.0.embedding.mlps.14.3.weight
    theta_R: embedding_X.embed_modules_list.0.embedding.mlps.14.3.bias
    theta_R: embedding_X.embed_modules_list.0.embedding.mlps.15.0.weight
    theta_R: embedding_X.embed_modules_list.0.embedding.mlps.15.0.bias
    theta_R: embedding_X.embed_modules_list.0.embedding.mlps.15.3.weight
    theta_R: embedding_X.embed_modules_list.0.embedding.mlps.15.3.bias
    theta_R: embedding_X.embed_modules_list.0.embedding.mlps.16.0.weight
    theta_R: embedding_X.embed_modules_list.0.embedding.mlps.16.0.bias
    theta_R: embedding_X.embed_modules_list.0.embedding.mlps.16.3.weight
    theta_R: embedding_X.embed_modules_list.0.embedding.mlps.16.3.bias
    theta_R: embedding_X.embed_modules_list.0.embedding.mlps.17.0.weight
    theta_R: embedding_X.embed_modules_list.0.embedding.mlps.17.0.bias
    theta_R: embedding_X.embed_modules_list.0.embedding.mlps.17.3.weight
    theta_R: embedding_X.embed_modules_list.0.embedding.mlps.17.3.bias
    theta_R: embedding_X.embed_modules_list.1.embedding.embedding.weight
    theta_R: attention.value_projection.weight
    theta_R: attention.value_projection.bias
    theta_R: attention.out_projection.weight
    theta_R: attention.out_projection.bias
    theta_R: norm1.norm.weight
    theta_R: norm1.norm.bias
    theta_R: norm2.norm.weight
    theta_R: norm2.norm.bias
    theta_R: linear1.weight
    theta_R: linear1.bias
    theta_R: linear2.weight
    theta_R: linear2.bias
    theta_R: forecaster.mlps.0.0.weight
    theta_R: forecaster.mlps.0.0.bias
    theta_R: forecaster.mlps.0.3.weight
    theta_R: forecaster.mlps.0.3.bias
    theta_R: forecaster.mlps.1.0.weight
    theta_R: forecaster.mlps.1.0.bias
    theta_R: forecaster.mlps.1.3.weight
    theta_R: forecaster.mlps.1.3.bias
    theta_R: forecaster.mlps.2.0.weight
    theta_R: forecaster.mlps.2.0.bias
    theta_R: forecaster.mlps.2.3.weight
    theta_R: forecaster.mlps.2.3.bias
    theta_R: forecaster.mlps.3.0.weight
    theta_R: forecaster.mlps.3.0.bias
    theta_R: forecaster.mlps.3.3.weight
    theta_R: forecaster.mlps.3.3.bias
    theta_R: forecaster.mlps.4.0.weight
    theta_R: forecaster.mlps.4.0.bias
    theta_R: forecaster.mlps.4.3.weight
    theta_R: forecaster.mlps.4.3.bias
    theta_R: forecaster.mlps.5.0.weight
    theta_R: forecaster.mlps.5.0.bias
    theta_R: forecaster.mlps.5.3.weight
    theta_R: forecaster.mlps.5.3.bias
    theta_R: forecaster.mlps.6.0.weight
    theta_R: forecaster.mlps.6.0.bias
    theta_R: forecaster.mlps.6.3.weight
    theta_R: forecaster.mlps.6.3.bias
    theta_R: forecaster.mlps.7.0.weight
    theta_R: forecaster.mlps.7.0.bias
    theta_R: forecaster.mlps.7.3.weight
    theta_R: forecaster.mlps.7.3.bias
    theta_R: forecaster.mlps.8.0.weight
    theta_R: forecaster.mlps.8.0.bias
    theta_R: forecaster.mlps.8.3.weight
    theta_R: forecaster.mlps.8.3.bias
    theta_R: forecaster.mlps.9.0.weight
    theta_R: forecaster.mlps.9.0.bias
    theta_R: forecaster.mlps.9.3.weight
    theta_R: forecaster.mlps.9.3.bias
    theta_R: forecaster.mlps.10.0.weight
    theta_R: forecaster.mlps.10.0.bias
    theta_R: forecaster.mlps.10.3.weight
    theta_R: forecaster.mlps.10.3.bias
    theta_R: forecaster.mlps.11.0.weight
    theta_R: forecaster.mlps.11.0.bias
    theta_R: forecaster.mlps.11.3.weight
    theta_R: forecaster.mlps.11.3.bias
    theta_R: forecaster.mlps.12.0.weight
    theta_R: forecaster.mlps.12.0.bias
    theta_R: forecaster.mlps.12.3.weight
    theta_R: forecaster.mlps.12.3.bias
    theta_R: forecaster.mlps.13.0.weight
    theta_R: forecaster.mlps.13.0.bias
    theta_R: forecaster.mlps.13.3.weight
    theta_R: forecaster.mlps.13.3.bias
    theta_R: forecaster.mlps.14.0.weight
    theta_R: forecaster.mlps.14.0.bias
    theta_R: forecaster.mlps.14.3.weight
    theta_R: forecaster.mlps.14.3.bias
    theta_R: forecaster.mlps.15.0.weight
    theta_R: forecaster.mlps.15.0.bias
    theta_R: forecaster.mlps.15.3.weight
    theta_R: forecaster.mlps.15.3.bias
    theta_R: forecaster.mlps.16.0.weight
    theta_R: forecaster.mlps.16.0.bias
    theta_R: forecaster.mlps.16.3.weight
    theta_R: forecaster.mlps.16.3.bias
    theta_R: forecaster.mlps.17.0.weight
    theta_R: forecaster.mlps.17.0.bias
    theta_R: forecaster.mlps.17.3.weight
    theta_R: forecaster.mlps.17.3.bias
    theta_R: forecaster.mlps.18.0.weight
    theta_R: forecaster.mlps.18.0.bias
    theta_R: forecaster.mlps.18.3.weight
    theta_R: forecaster.mlps.18.3.bias
    theta_R: forecaster.mlps.19.0.weight
    theta_R: forecaster.mlps.19.0.bias
    theta_R: forecaster.mlps.19.3.weight
    theta_R: forecaster.mlps.19.3.bias
no_NT_bkd_02_nodesc_budget epoch 49: mean H (off-diag) = 0.02178
Gradient routing parameter classification:
  Structural:        3 tensors, 900 params (1.4%)
  Reconstruction:  174 tensors, 65,420 params (98.6%)

  Structural parameters:
    theta_S: attention.inner_attention.query_norm_log_scale
    theta_S: query_embed_X.embedding.weight
    theta_S: query_embed_S.embedding.weight

  Reconstruction parameters:
    theta_R: embedding_S.embed_modules_list.0.embedding.mlps.0.0.weight
    theta_R: embedding_S.embed_modules_list.0.embedding.mlps.0.0.bias
    theta_R: embedding_S.embed_modules_list.0.embedding.mlps.0.3.weight
    theta_R: embedding_S.embed_modules_list.0.embedding.mlps.0.3.bias
    theta_R: embedding_S.embed_modules_list.0.embedding.mlps.1.0.weight
    theta_R: embedding_S.embed_modules_list.0.embedding.mlps.1.0.bias
    theta_R: embedding_S.embed_modules_list.0.embedding.mlps.1.3.weight
    theta_R: embedding_S.embed_modules_list.0.embedding.mlps.1.3.bias
    theta_R: embedding_S.embed_modules_list.1.embedding.embedding.weight
    theta_R: embedding_X.embed_modules_list.0.embedding.mlps.0.0.weight
    theta_R: embedding_X.embed_modules_list.0.embedding.mlps.0.0.bias
    theta_R: embedding_X.embed_modules_list.0.embedding.mlps.0.3.weight
    theta_R: embedding_X.embed_modules_list.0.embedding.mlps.0.3.bias
    theta_R: embedding_X.embed_modules_list.0.embedding.mlps.1.0.weight
    theta_R: embedding_X.embed_modules_list.0.embedding.mlps.1.0.bias
    theta_R: embedding_X.embed_modules_list.0.embedding.mlps.1.3.weight
    theta_R: embedding_X.embed_modules_list.0.embedding.mlps.1.3.bias
    theta_R: embedding_X.embed_modules_list.0.embedding.mlps.2.0.weight
    theta_R: embedding_X.embed_modules_list.0.embedding.mlps.2.0.bias
    theta_R: embedding_X.embed_modules_list.0.embedding.mlps.2.3.weight
    theta_R: embedding_X.embed_modules_list.0.embedding.mlps.2.3.bias
    theta_R: embedding_X.embed_modules_list.0.embedding.mlps.3.0.weight
    theta_R: embedding_X.embed_modules_list.0.embedding.mlps.3.0.bias
    theta_R: embedding_X.embed_modules_list.0.embedding.mlps.3.3.weight
    theta_R: embedding_X.embed_modules_list.0.embedding.mlps.3.3.bias
    theta_R: embedding_X.embed_modules_list.0.embedding.mlps.4.0.weight
    theta_R: embedding_X.embed_modules_list.0.embedding.mlps.4.0.bias
    theta_R: embedding_X.embed_modules_list.0.embedding.mlps.4.3.weight
    theta_R: embedding_X.embed_modules_list.0.embedding.mlps.4.3.bias
    theta_R: embedding_X.embed_modules_list.0.embedding.mlps.5.0.weight
    theta_R: embedding_X.embed_modules_list.0.embedding.mlps.5.0.bias
    theta_R: embedding_X.embed_modules_list.0.embedding.mlps.5.3.weight
    theta_R: embedding_X.embed_modules_list.0.embedding.mlps.5.3.bias
    theta_R: embedding_X.embed_modules_list.0.embedding.mlps.6.0.weight
    theta_R: embedding_X.embed_modules_list.0.embedding.mlps.6.0.bias
    theta_R: embedding_X.embed_modules_list.0.embedding.mlps.6.3.weight
    theta_R: embedding_X.embed_modules_list.0.embedding.mlps.6.3.bias
    theta_R: embedding_X.embed_modules_list.0.embedding.mlps.7.0.weight
    theta_R: embedding_X.embed_modules_list.0.embedding.mlps.7.0.bias
    theta_R: embedding_X.embed_modules_list.0.embedding.mlps.7.3.weight
    theta_R: embedding_X.embed_modules_list.0.embedding.mlps.7.3.bias
    theta_R: embedding_X.embed_modules_list.0.embedding.mlps.8.0.weight
    theta_R: embedding_X.embed_modules_list.0.embedding.mlps.8.0.bias
    theta_R: embedding_X.embed_modules_list.0.embedding.mlps.8.3.weight
    theta_R: embedding_X.embed_modules_list.0.embedding.mlps.8.3.bias
    theta_R: embedding_X.embed_modules_list.0.embedding.mlps.9.0.weight
    theta_R: embedding_X.embed_modules_list.0.embedding.mlps.9.0.bias
    theta_R: embedding_X.embed_modules_list.0.embedding.mlps.9.3.weight
    theta_R: embedding_X.embed_modules_list.0.embedding.mlps.9.3.bias
    theta_R: embedding_X.embed_modules_list.0.embedding.mlps.10.0.weight
    theta_R: embedding_X.embed_modules_list.0.embedding.mlps.10.0.bias
    theta_R: embedding_X.embed_modules_list.0.embedding.mlps.10.3.weight
    theta_R: embedding_X.embed_modules_list.0.embedding.mlps.10.3.bias
    theta_R: embedding_X.embed_modules_list.0.embedding.mlps.11.0.weight
    theta_R: embedding_X.embed_modules_list.0.embedding.mlps.11.0.bias
    theta_R: embedding_X.embed_modules_list.0.embedding.mlps.11.3.weight
    theta_R: embedding_X.embed_modules_list.0.embedding.mlps.11.3.bias
    theta_R: embedding_X.embed_modules_list.0.embedding.mlps.12.0.weight
    theta_R: embedding_X.embed_modules_list.0.embedding.mlps.12.0.bias
    theta_R: embedding_X.embed_modules_list.0.embedding.mlps.12.3.weight
    theta_R: embedding_X.embed_modules_list.0.embedding.mlps.12.3.bias
    theta_R: embedding_X.embed_modules_list.0.embedding.mlps.13.0.weight
    theta_R: embedding_X.embed_modules_list.0.embedding.mlps.13.0.bias
    theta_R: embedding_X.embed_modules_list.0.embedding.mlps.13.3.weight
    theta_R: embedding_X.embed_modules_list.0.embedding.mlps.13.3.bias
    theta_R: embedding_X.embed_modules_list.0.embedding.mlps.14.0.weight
    theta_R: embedding_X.embed_modules_list.0.embedding.mlps.14.0.bias
    theta_R: embedding_X.embed_modules_list.0.embedding.mlps.14.3.weight
    theta_R: embedding_X.embed_modules_list.0.embedding.mlps.14.3.bias
    theta_R: embedding_X.embed_modules_list.0.embedding.mlps.15.0.weight
    theta_R: embedding_X.embed_modules_list.0.embedding.mlps.15.0.bias
    theta_R: embedding_X.embed_modules_list.0.embedding.mlps.15.3.weight
    theta_R: embedding_X.embed_modules_list.0.embedding.mlps.15.3.bias
    theta_R: embedding_X.embed_modules_list.0.embedding.mlps.16.0.weight
    theta_R: embedding_X.embed_modules_list.0.embedding.mlps.16.0.bias
    theta_R: embedding_X.embed_modules_list.0.embedding.mlps.16.3.weight
    theta_R: embedding_X.embed_modules_list.0.embedding.mlps.16.3.bias
    theta_R: embedding_X.embed_modules_list.0.embedding.mlps.17.0.weight
    theta_R: embedding_X.embed_modules_list.0.embedding.mlps.17.0.bias
    theta_R: embedding_X.embed_modules_list.0.embedding.mlps.17.3.weight
    theta_R: embedding_X.embed_modules_list.0.embedding.mlps.17.3.bias
    theta_R: embedding_X.embed_modules_list.1.embedding.embedding.weight
    theta_R: attention.value_projection.weight
    theta_R: attention.value_projection.bias
    theta_R: attention.out_projection.weight
    theta_R: attention.out_projection.bias
    theta_R: norm1.norm.weight
    theta_R: norm1.norm.bias
    theta_R: norm2.norm.weight
    theta_R: norm2.norm.bias
    theta_R: linear1.weight
    theta_R: linear1.bias
    theta_R: linear2.weight
    theta_R: linear2.bias
    theta_R: forecaster.mlps.0.0.weight
    theta_R: forecaster.mlps.0.0.bias
    theta_R: forecaster.mlps.0.3.weight
    theta_R: forecaster.mlps.0.3.bias
    theta_R: forecaster.mlps.1.0.weight
    theta_R: forecaster.mlps.1.0.bias
    theta_R: forecaster.mlps.1.3.weight
    theta_R: forecaster.mlps.1.3.bias
    theta_R: forecaster.mlps.2.0.weight
    theta_R: forecaster.mlps.2.0.bias
    theta_R: forecaster.mlps.2.3.weight
    theta_R: forecaster.mlps.2.3.bias
    theta_R: forecaster.mlps.3.0.weight
    theta_R: forecaster.mlps.3.0.bias
    theta_R: forecaster.mlps.3.3.weight
    theta_R: forecaster.mlps.3.3.bias
    theta_R: forecaster.mlps.4.0.weight
    theta_R: forecaster.mlps.4.0.bias
    theta_R: forecaster.mlps.4.3.weight
    theta_R: forecaster.mlps.4.3.bias
    theta_R: forecaster.mlps.5.0.weight
    theta_R: forecaster.mlps.5.0.bias
    theta_R: forecaster.mlps.5.3.weight
    theta_R: forecaster.mlps.5.3.bias
    theta_R: forecaster.mlps.6.0.weight
    theta_R: forecaster.mlps.6.0.bias
    theta_R: forecaster.mlps.6.3.weight
    theta_R: forecaster.mlps.6.3.bias
    theta_R: forecaster.mlps.7.0.weight
    theta_R: forecaster.mlps.7.0.bias
    theta_R: forecaster.mlps.7.3.weight
    theta_R: forecaster.mlps.7.3.bias
    theta_R: forecaster.mlps.8.0.weight
    theta_R: forecaster.mlps.8.0.bias
    theta_R: forecaster.mlps.8.3.weight
    theta_R: forecaster.mlps.8.3.bias
    theta_R: forecaster.mlps.9.0.weight
    theta_R: forecaster.mlps.9.0.bias
    theta_R: forecaster.mlps.9.3.weight
    theta_R: forecaster.mlps.9.3.bias
    theta_R: forecaster.mlps.10.0.weight
    theta_R: forecaster.mlps.10.0.bias
    theta_R: forecaster.mlps.10.3.weight
    theta_R: forecaster.mlps.10.3.bias
    theta_R: forecaster.mlps.11.0.weight
    theta_R: forecaster.mlps.11.0.bias
    theta_R: forecaster.mlps.11.3.weight
    theta_R: forecaster.mlps.11.3.bias
    theta_R: forecaster.mlps.12.0.weight
    theta_R: forecaster.mlps.12.0.bias
    theta_R: forecaster.mlps.12.3.weight
    theta_R: forecaster.mlps.12.3.bias
    theta_R: forecaster.mlps.13.0.weight
    theta_R: forecaster.mlps.13.0.bias
    theta_R: forecaster.mlps.13.3.weight
    theta_R: forecaster.mlps.13.3.bias
    theta_R: forecaster.mlps.14.0.weight
    theta_R: forecaster.mlps.14.0.bias
    theta_R: forecaster.mlps.14.3.weight
    theta_R: forecaster.mlps.14.3.bias
    theta_R: forecaster.mlps.15.0.weight
    theta_R: forecaster.mlps.15.0.bias
    theta_R: forecaster.mlps.15.3.weight
    theta_R: forecaster.mlps.15.3.bias
    theta_R: forecaster.mlps.16.0.weight
    theta_R: forecaster.mlps.16.0.bias
    theta_R: forecaster.mlps.16.3.weight
    theta_R: forecaster.mlps.16.3.bias
    theta_R: forecaster.mlps.17.0.weight
    theta_R: forecaster.mlps.17.0.bias
    theta_R: forecaster.mlps.17.3.weight
    theta_R: forecaster.mlps.17.3.bias
    theta_R: forecaster.mlps.18.0.weight
    theta_R: forecaster.mlps.18.0.bias
    theta_R: forecaster.mlps.18.3.weight
    theta_R: forecaster.mlps.18.3.bias
    theta_R: forecaster.mlps.19.0.weight
    theta_R: forecaster.mlps.19.0.bias
    theta_R: forecaster.mlps.19.3.weight
    theta_R: forecaster.mlps.19.3.bias
no_NT_bkd_02_nodesc_budget epoch 199: mean H (off-diag) = 0.01090
Gradient routing parameter classification:
  Structural:        3 tensors, 900 params (1.4%)
  Reconstruction:  174 tensors, 65,420 params (98.6%)

  Structural parameters:
    theta_S: attention.inner_attention.query_norm_log_scale
    theta_S: query_embed_X.embedding.weight
    theta_S: query_embed_S.embedding.weight

  Reconstruction parameters:
    theta_R: embedding_S.embed_modules_list.0.embedding.mlps.0.0.weight
    theta_R: embedding_S.embed_modules_list.0.embedding.mlps.0.0.bias
    theta_R: embedding_S.embed_modules_list.0.embedding.mlps.0.3.weight
    theta_R: embedding_S.embed_modules_list.0.embedding.mlps.0.3.bias
    theta_R: embedding_S.embed_modules_list.0.embedding.mlps.1.0.weight
    theta_R: embedding_S.embed_modules_list.0.embedding.mlps.1.0.bias
    theta_R: embedding_S.embed_modules_list.0.embedding.mlps.1.3.weight
    theta_R: embedding_S.embed_modules_list.0.embedding.mlps.1.3.bias
    theta_R: embedding_S.embed_modules_list.1.embedding.embedding.weight
    theta_R: embedding_X.embed_modules_list.0.embedding.mlps.0.0.weight
    theta_R: embedding_X.embed_modules_list.0.embedding.mlps.0.0.bias
    theta_R: embedding_X.embed_modules_list.0.embedding.mlps.0.3.weight
    theta_R: embedding_X.embed_modules_list.0.embedding.mlps.0.3.bias
    theta_R: embedding_X.embed_modules_list.0.embedding.mlps.1.0.weight
    theta_R: embedding_X.embed_modules_list.0.embedding.mlps.1.0.bias
    theta_R: embedding_X.embed_modules_list.0.embedding.mlps.1.3.weight
    theta_R: embedding_X.embed_modules_list.0.embedding.mlps.1.3.bias
    theta_R: embedding_X.embed_modules_list.0.embedding.mlps.2.0.weight
    theta_R: embedding_X.embed_modules_list.0.embedding.mlps.2.0.bias
    theta_R: embedding_X.embed_modules_list.0.embedding.mlps.2.3.weight
    theta_R: embedding_X.embed_modules_list.0.embedding.mlps.2.3.bias
    theta_R: embedding_X.embed_modules_list.0.embedding.mlps.3.0.weight
    theta_R: embedding_X.embed_modules_list.0.embedding.mlps.3.0.bias
    theta_R: embedding_X.embed_modules_list.0.embedding.mlps.3.3.weight
    theta_R: embedding_X.embed_modules_list.0.embedding.mlps.3.3.bias
    theta_R: embedding_X.embed_modules_list.0.embedding.mlps.4.0.weight
    theta_R: embedding_X.embed_modules_list.0.embedding.mlps.4.0.bias
    theta_R: embedding_X.embed_modules_list.0.embedding.mlps.4.3.weight
    theta_R: embedding_X.embed_modules_list.0.embedding.mlps.4.3.bias
    theta_R: embedding_X.embed_modules_list.0.embedding.mlps.5.0.weight
    theta_R: embedding_X.embed_modules_list.0.embedding.mlps.5.0.bias
    theta_R: embedding_X.embed_modules_list.0.embedding.mlps.5.3.weight
    theta_R: embedding_X.embed_modules_list.0.embedding.mlps.5.3.bias
    theta_R: embedding_X.embed_modules_list.0.embedding.mlps.6.0.weight
    theta_R: embedding_X.embed_modules_list.0.embedding.mlps.6.0.bias
    theta_R: embedding_X.embed_modules_list.0.embedding.mlps.6.3.weight
    theta_R: embedding_X.embed_modules_list.0.embedding.mlps.6.3.bias
    theta_R: embedding_X.embed_modules_list.0.embedding.mlps.7.0.weight
    theta_R: embedding_X.embed_modules_list.0.embedding.mlps.7.0.bias
    theta_R: embedding_X.embed_modules_list.0.embedding.mlps.7.3.weight
    theta_R: embedding_X.embed_modules_list.0.embedding.mlps.7.3.bias
    theta_R: embedding_X.embed_modules_list.0.embedding.mlps.8.0.weight
    theta_R: embedding_X.embed_modules_list.0.embedding.mlps.8.0.bias
    theta_R: embedding_X.embed_modules_list.0.embedding.mlps.8.3.weight
    theta_R: embedding_X.embed_modules_list.0.embedding.mlps.8.3.bias
    theta_R: embedding_X.embed_modules_list.0.embedding.mlps.9.0.weight
    theta_R: embedding_X.embed_modules_list.0.embedding.mlps.9.0.bias
    theta_R: embedding_X.embed_modules_list.0.embedding.mlps.9.3.weight
    theta_R: embedding_X.embed_modules_list.0.embedding.mlps.9.3.bias
    theta_R: embedding_X.embed_modules_list.0.embedding.mlps.10.0.weight
    theta_R: embedding_X.embed_modules_list.0.embedding.mlps.10.0.bias
    theta_R: embedding_X.embed_modules_list.0.embedding.mlps.10.3.weight
    theta_R: embedding_X.embed_modules_list.0.embedding.mlps.10.3.bias
    theta_R: embedding_X.embed_modules_list.0.embedding.mlps.11.0.weight
    theta_R: embedding_X.embed_modules_list.0.embedding.mlps.11.0.bias
    theta_R: embedding_X.embed_modules_list.0.embedding.mlps.11.3.weight
    theta_R: embedding_X.embed_modules_list.0.embedding.mlps.11.3.bias
    theta_R: embedding_X.embed_modules_list.0.embedding.mlps.12.0.weight
    theta_R: embedding_X.embed_modules_list.0.embedding.mlps.12.0.bias
    theta_R: embedding_X.embed_modules_list.0.embedding.mlps.12.3.weight
    theta_R: embedding_X.embed_modules_list.0.embedding.mlps.12.3.bias
    theta_R: embedding_X.embed_modules_list.0.embedding.mlps.13.0.weight
    theta_R: embedding_X.embed_modules_list.0.embedding.mlps.13.0.bias
    theta_R: embedding_X.embed_modules_list.0.embedding.mlps.13.3.weight
    theta_R: embedding_X.embed_modules_list.0.embedding.mlps.13.3.bias
    theta_R: embedding_X.embed_modules_list.0.embedding.mlps.14.0.weight
    theta_R: embedding_X.embed_modules_list.0.embedding.mlps.14.0.bias
    theta_R: embedding_X.embed_modules_list.0.embedding.mlps.14.3.weight
    theta_R: embedding_X.embed_modules_list.0.embedding.mlps.14.3.bias
    theta_R: embedding_X.embed_modules_list.0.embedding.mlps.15.0.weight
    theta_R: embedding_X.embed_modules_list.0.embedding.mlps.15.0.bias
    theta_R: embedding_X.embed_modules_list.0.embedding.mlps.15.3.weight
    theta_R: embedding_X.embed_modules_list.0.embedding.mlps.15.3.bias
    theta_R: embedding_X.embed_modules_list.0.embedding.mlps.16.0.weight
    theta_R: embedding_X.embed_modules_list.0.embedding.mlps.16.0.bias
    theta_R: embedding_X.embed_modules_list.0.embedding.mlps.16.3.weight
    theta_R: embedding_X.embed_modules_list.0.embedding.mlps.16.3.bias
    theta_R: embedding_X.embed_modules_list.0.embedding.mlps.17.0.weight
    theta_R: embedding_X.embed_modules_list.0.embedding.mlps.17.0.bias
    theta_R: embedding_X.embed_modules_list.0.embedding.mlps.17.3.weight
    theta_R: embedding_X.embed_modules_list.0.embedding.mlps.17.3.bias
    theta_R: embedding_X.embed_modules_list.1.embedding.embedding.weight
    theta_R: attention.value_projection.weight
    theta_R: attention.value_projection.bias
    theta_R: attention.out_projection.weight
    theta_R: attention.out_projection.bias
    theta_R: norm1.norm.weight
    theta_R: norm1.norm.bias
    theta_R: norm2.norm.weight
    theta_R: norm2.norm.bias
    theta_R: linear1.weight
    theta_R: linear1.bias
    theta_R: linear2.weight
    theta_R: linear2.bias
    theta_R: forecaster.mlps.0.0.weight
    theta_R: forecaster.mlps.0.0.bias
    theta_R: forecaster.mlps.0.3.weight
    theta_R: forecaster.mlps.0.3.bias
    theta_R: forecaster.mlps.1.0.weight
    theta_R: forecaster.mlps.1.0.bias
    theta_R: forecaster.mlps.1.3.weight
    theta_R: forecaster.mlps.1.3.bias
    theta_R: forecaster.mlps.2.0.weight
    theta_R: forecaster.mlps.2.0.bias
    theta_R: forecaster.mlps.2.3.weight
    theta_R: forecaster.mlps.2.3.bias
    theta_R: forecaster.mlps.3.0.weight
    theta_R: forecaster.mlps.3.0.bias
    theta_R: forecaster.mlps.3.3.weight
    theta_R: forecaster.mlps.3.3.bias
    theta_R: forecaster.mlps.4.0.weight
    theta_R: forecaster.mlps.4.0.bias
    theta_R: forecaster.mlps.4.3.weight
    theta_R: forecaster.mlps.4.3.bias
    theta_R: forecaster.mlps.5.0.weight
    theta_R: forecaster.mlps.5.0.bias
    theta_R: forecaster.mlps.5.3.weight
    theta_R: forecaster.mlps.5.3.bias
    theta_R: forecaster.mlps.6.0.weight
    theta_R: forecaster.mlps.6.0.bias
    theta_R: forecaster.mlps.6.3.weight
    theta_R: forecaster.mlps.6.3.bias
    theta_R: forecaster.mlps.7.0.weight
    theta_R: forecaster.mlps.7.0.bias
    theta_R: forecaster.mlps.7.3.weight
    theta_R: forecaster.mlps.7.3.bias
    theta_R: forecaster.mlps.8.0.weight
    theta_R: forecaster.mlps.8.0.bias
    theta_R: forecaster.mlps.8.3.weight
    theta_R: forecaster.mlps.8.3.bias
    theta_R: forecaster.mlps.9.0.weight
    theta_R: forecaster.mlps.9.0.bias
    theta_R: forecaster.mlps.9.3.weight
    theta_R: forecaster.mlps.9.3.bias
    theta_R: forecaster.mlps.10.0.weight
    theta_R: forecaster.mlps.10.0.bias
    theta_R: forecaster.mlps.10.3.weight
    theta_R: forecaster.mlps.10.3.bias
    theta_R: forecaster.mlps.11.0.weight
    theta_R: forecaster.mlps.11.0.bias
    theta_R: forecaster.mlps.11.3.weight
    theta_R: forecaster.mlps.11.3.bias
    theta_R: forecaster.mlps.12.0.weight
    theta_R: forecaster.mlps.12.0.bias
    theta_R: forecaster.mlps.12.3.weight
    theta_R: forecaster.mlps.12.3.bias
    theta_R: forecaster.mlps.13.0.weight
    theta_R: forecaster.mlps.13.0.bias
    theta_R: forecaster.mlps.13.3.weight
    theta_R: forecaster.mlps.13.3.bias
    theta_R: forecaster.mlps.14.0.weight
    theta_R: forecaster.mlps.14.0.bias
    theta_R: forecaster.mlps.14.3.weight
    theta_R: forecaster.mlps.14.3.bias
    theta_R: forecaster.mlps.15.0.weight
    theta_R: forecaster.mlps.15.0.bias
    theta_R: forecaster.mlps.15.3.weight
    theta_R: forecaster.mlps.15.3.bias
    theta_R: forecaster.mlps.16.0.weight
    theta_R: forecaster.mlps.16.0.bias
    theta_R: forecaster.mlps.16.3.weight
    theta_R: forecaster.mlps.16.3.bias
    theta_R: forecaster.mlps.17.0.weight
    theta_R: forecaster.mlps.17.0.bias
    theta_R: forecaster.mlps.17.3.weight
    theta_R: forecaster.mlps.17.3.bias
    theta_R: forecaster.mlps.18.0.weight
    theta_R: forecaster.mlps.18.0.bias
    theta_R: forecaster.mlps.18.3.weight
    theta_R: forecaster.mlps.18.3.bias
    theta_R: forecaster.mlps.19.0.weight
    theta_R: forecaster.mlps.19.0.bias
    theta_R: forecaster.mlps.19.3.weight
    theta_R: forecaster.mlps.19.3.bias
no_NT_bkd_02_nodesc_budget epoch 499: mean H (off-diag) = 0.00853
Gradient routing parameter classification:
  Structural:        3 tensors, 900 params (1.4%)
  Reconstruction:  174 tensors, 65,420 params (98.6%)

  Structural parameters:
    theta_S: attention.inner_attention.query_norm_log_scale
    theta_S: query_embed_X.embedding.weight
    theta_S: query_embed_S.embedding.weight

  Reconstruction parameters:
    theta_R: embedding_S.embed_modules_list.0.embedding.mlps.0.0.weight
    theta_R: embedding_S.embed_modules_list.0.embedding.mlps.0.0.bias
    theta_R: embedding_S.embed_modules_list.0.embedding.mlps.0.3.weight
    theta_R: embedding_S.embed_modules_list.0.embedding.mlps.0.3.bias
    theta_R: embedding_S.embed_modules_list.0.embedding.mlps.1.0.weight
    theta_R: embedding_S.embed_modules_list.0.embedding.mlps.1.0.bias
    theta_R: embedding_S.embed_modules_list.0.embedding.mlps.1.3.weight
    theta_R: embedding_S.embed_modules_list.0.embedding.mlps.1.3.bias
    theta_R: embedding_S.embed_modules_list.1.embedding.embedding.weight
    theta_R: embedding_X.embed_modules_list.0.embedding.mlps.0.0.weight
    theta_R: embedding_X.embed_modules_list.0.embedding.mlps.0.0.bias
    theta_R: embedding_X.embed_modules_list.0.embedding.mlps.0.3.weight
    theta_R: embedding_X.embed_modules_list.0.embedding.mlps.0.3.bias
    theta_R: embedding_X.embed_modules_list.0.embedding.mlps.1.0.weight
    theta_R: embedding_X.embed_modules_list.0.embedding.mlps.1.0.bias
    theta_R: embedding_X.embed_modules_list.0.embedding.mlps.1.3.weight
    theta_R: embedding_X.embed_modules_list.0.embedding.mlps.1.3.bias
    theta_R: embedding_X.embed_modules_list.0.embedding.mlps.2.0.weight
    theta_R: embedding_X.embed_modules_list.0.embedding.mlps.2.0.bias
    theta_R: embedding_X.embed_modules_list.0.embedding.mlps.2.3.weight
    theta_R: embedding_X.embed_modules_list.0.embedding.mlps.2.3.bias
    theta_R: embedding_X.embed_modules_list.0.embedding.mlps.3.0.weight
    theta_R: embedding_X.embed_modules_list.0.embedding.mlps.3.0.bias
    theta_R: embedding_X.embed_modules_list.0.embedding.mlps.3.3.weight
    theta_R: embedding_X.embed_modules_list.0.embedding.mlps.3.3.bias
    theta_R: embedding_X.embed_modules_list.0.embedding.mlps.4.0.weight
    theta_R: embedding_X.embed_modules_list.0.embedding.mlps.4.0.bias
    theta_R: embedding_X.embed_modules_list.0.embedding.mlps.4.3.weight
    theta_R: embedding_X.embed_modules_list.0.embedding.mlps.4.3.bias
    theta_R: embedding_X.embed_modules_list.0.embedding.mlps.5.0.weight
    theta_R: embedding_X.embed_modules_list.0.embedding.mlps.5.0.bias
    theta_R: embedding_X.embed_modules_list.0.embedding.mlps.5.3.weight
    theta_R: embedding_X.embed_modules_list.0.embedding.mlps.5.3.bias
    theta_R: embedding_X.embed_modules_list.0.embedding.mlps.6.0.weight
    theta_R: embedding_X.embed_modules_list.0.embedding.mlps.6.0.bias
    theta_R: embedding_X.embed_modules_list.0.embedding.mlps.6.3.weight
    theta_R: embedding_X.embed_modules_list.0.embedding.mlps.6.3.bias
    theta_R: embedding_X.embed_modules_list.0.embedding.mlps.7.0.weight
    theta_R: embedding_X.embed_modules_list.0.embedding.mlps.7.0.bias
    theta_R: embedding_X.embed_modules_list.0.embedding.mlps.7.3.weight
    theta_R: embedding_X.embed_modules_list.0.embedding.mlps.7.3.bias
    theta_R: embedding_X.embed_modules_list.0.embedding.mlps.8.0.weight
    theta_R: embedding_X.embed_modules_list.0.embedding.mlps.8.0.bias
    theta_R: embedding_X.embed_modules_list.0.embedding.mlps.8.3.weight
    theta_R: embedding_X.embed_modules_list.0.embedding.mlps.8.3.bias
    theta_R: embedding_X.embed_modules_list.0.embedding.mlps.9.0.weight
    theta_R: embedding_X.embed_modules_list.0.embedding.mlps.9.0.bias
    theta_R: embedding_X.embed_modules_list.0.embedding.mlps.9.3.weight
    theta_R: embedding_X.embed_modules_list.0.embedding.mlps.9.3.bias
    theta_R: embedding_X.embed_modules_list.0.embedding.mlps.10.0.weight
    theta_R: embedding_X.embed_modules_list.0.embedding.mlps.10.0.bias
    theta_R: embedding_X.embed_modules_list.0.embedding.mlps.10.3.weight
    theta_R: embedding_X.embed_modules_list.0.embedding.mlps.10.3.bias
    theta_R: embedding_X.embed_modules_list.0.embedding.mlps.11.0.weight
    theta_R: embedding_X.embed_modules_list.0.embedding.mlps.11.0.bias
    theta_R: embedding_X.embed_modules_list.0.embedding.mlps.11.3.weight
    theta_R: embedding_X.embed_modules_list.0.embedding.mlps.11.3.bias
    theta_R: embedding_X.embed_modules_list.0.embedding.mlps.12.0.weight
    theta_R: embedding_X.embed_modules_list.0.embedding.mlps.12.0.bias
    theta_R: embedding_X.embed_modules_list.0.embedding.mlps.12.3.weight
    theta_R: embedding_X.embed_modules_list.0.embedding.mlps.12.3.bias
    theta_R: embedding_X.embed_modules_list.0.embedding.mlps.13.0.weight
    theta_R: embedding_X.embed_modules_list.0.embedding.mlps.13.0.bias
    theta_R: embedding_X.embed_modules_list.0.embedding.mlps.13.3.weight
    theta_R: embedding_X.embed_modules_list.0.embedding.mlps.13.3.bias
    theta_R: embedding_X.embed_modules_list.0.embedding.mlps.14.0.weight
    theta_R: embedding_X.embed_modules_list.0.embedding.mlps.14.0.bias
    theta_R: embedding_X.embed_modules_list.0.embedding.mlps.14.3.weight
    theta_R: embedding_X.embed_modules_list.0.embedding.mlps.14.3.bias
    theta_R: embedding_X.embed_modules_list.0.embedding.mlps.15.0.weight
    theta_R: embedding_X.embed_modules_list.0.embedding.mlps.15.0.bias
    theta_R: embedding_X.embed_modules_list.0.embedding.mlps.15.3.weight
    theta_R: embedding_X.embed_modules_list.0.embedding.mlps.15.3.bias
    theta_R: embedding_X.embed_modules_list.0.embedding.mlps.16.0.weight
    theta_R: embedding_X.embed_modules_list.0.embedding.mlps.16.0.bias
    theta_R: embedding_X.embed_modules_list.0.embedding.mlps.16.3.weight
    theta_R: embedding_X.embed_modules_list.0.embedding.mlps.16.3.bias
    theta_R: embedding_X.embed_modules_list.0.embedding.mlps.17.0.weight
    theta_R: embedding_X.embed_modules_list.0.embedding.mlps.17.0.bias
    theta_R: embedding_X.embed_modules_list.0.embedding.mlps.17.3.weight
    theta_R: embedding_X.embed_modules_list.0.embedding.mlps.17.3.bias
    theta_R: embedding_X.embed_modules_list.1.embedding.embedding.weight
    theta_R: attention.value_projection.weight
    theta_R: attention.value_projection.bias
    theta_R: attention.out_projection.weight
    theta_R: attention.out_projection.bias
    theta_R: norm1.norm.weight
    theta_R: norm1.norm.bias
    theta_R: norm2.norm.weight
    theta_R: norm2.norm.bias
    theta_R: linear1.weight
    theta_R: linear1.bias
    theta_R: linear2.weight
    theta_R: linear2.bias
    theta_R: forecaster.mlps.0.0.weight
    theta_R: forecaster.mlps.0.0.bias
    theta_R: forecaster.mlps.0.3.weight
    theta_R: forecaster.mlps.0.3.bias
    theta_R: forecaster.mlps.1.0.weight
    theta_R: forecaster.mlps.1.0.bias
    theta_R: forecaster.mlps.1.3.weight
    theta_R: forecaster.mlps.1.3.bias
    theta_R: forecaster.mlps.2.0.weight
    theta_R: forecaster.mlps.2.0.bias
    theta_R: forecaster.mlps.2.3.weight
    theta_R: forecaster.mlps.2.3.bias
    theta_R: forecaster.mlps.3.0.weight
    theta_R: forecaster.mlps.3.0.bias
    theta_R: forecaster.mlps.3.3.weight
    theta_R: forecaster.mlps.3.3.bias
    theta_R: forecaster.mlps.4.0.weight
    theta_R: forecaster.mlps.4.0.bias
    theta_R: forecaster.mlps.4.3.weight
    theta_R: forecaster.mlps.4.3.bias
    theta_R: forecaster.mlps.5.0.weight
    theta_R: forecaster.mlps.5.0.bias
    theta_R: forecaster.mlps.5.3.weight
    theta_R: forecaster.mlps.5.3.bias
    theta_R: forecaster.mlps.6.0.weight
    theta_R: forecaster.mlps.6.0.bias
    theta_R: forecaster.mlps.6.3.weight
    theta_R: forecaster.mlps.6.3.bias
    theta_R: forecaster.mlps.7.0.weight
    theta_R: forecaster.mlps.7.0.bias
    theta_R: forecaster.mlps.7.3.weight
    theta_R: forecaster.mlps.7.3.bias
    theta_R: forecaster.mlps.8.0.weight
    theta_R: forecaster.mlps.8.0.bias
    theta_R: forecaster.mlps.8.3.weight
    theta_R: forecaster.mlps.8.3.bias
    theta_R: forecaster.mlps.9.0.weight
    theta_R: forecaster.mlps.9.0.bias
    theta_R: forecaster.mlps.9.3.weight
    theta_R: forecaster.mlps.9.3.bias
    theta_R: forecaster.mlps.10.0.weight
    theta_R: forecaster.mlps.10.0.bias
    theta_R: forecaster.mlps.10.3.weight
    theta_R: forecaster.mlps.10.3.bias
    theta_R: forecaster.mlps.11.0.weight
    theta_R: forecaster.mlps.11.0.bias
    theta_R: forecaster.mlps.11.3.weight
    theta_R: forecaster.mlps.11.3.bias
    theta_R: forecaster.mlps.12.0.weight
    theta_R: forecaster.mlps.12.0.bias
    theta_R: forecaster.mlps.12.3.weight
    theta_R: forecaster.mlps.12.3.bias
    theta_R: forecaster.mlps.13.0.weight
    theta_R: forecaster.mlps.13.0.bias
    theta_R: forecaster.mlps.13.3.weight
    theta_R: forecaster.mlps.13.3.bias
    theta_R: forecaster.mlps.14.0.weight
    theta_R: forecaster.mlps.14.0.bias
    theta_R: forecaster.mlps.14.3.weight
    theta_R: forecaster.mlps.14.3.bias
    theta_R: forecaster.mlps.15.0.weight
    theta_R: forecaster.mlps.15.0.bias
    theta_R: forecaster.mlps.15.3.weight
    theta_R: forecaster.mlps.15.3.bias
    theta_R: forecaster.mlps.16.0.weight
    theta_R: forecaster.mlps.16.0.bias
    theta_R: forecaster.mlps.16.3.weight
    theta_R: forecaster.mlps.16.3.bias
    theta_R: forecaster.mlps.17.0.weight
    theta_R: forecaster.mlps.17.0.bias
    theta_R: forecaster.mlps.17.3.weight
    theta_R: forecaster.mlps.17.3.bias
    theta_R: forecaster.mlps.18.0.weight
    theta_R: forecaster.mlps.18.0.bias
    theta_R: forecaster.mlps.18.3.weight
    theta_R: forecaster.mlps.18.3.bias
    theta_R: forecaster.mlps.19.0.weight
    theta_R: forecaster.mlps.19.0.bias
    theta_R: forecaster.mlps.19.3.weight
    theta_R: forecaster.mlps.19.3.bias
no_NT_bkd_02_nodesc_budget epoch 999: mean H (off-diag) = 0.00343
no_NT_bkd_02_nodesc @ 999: R_raw=1.05 R_kept=1.30 F=22.19%
no_NT_bkd_02_nodesc_budget @ 999: R_raw=1.15 R_kept=1.21 F=24.23%

Mean per-pair HSIC by candidate group at the final epoch (eval mode):
                         arm |     parents |    children |   ancestors | descendants |     spouses |       other |        self
                       no_NT |     0.00371 |     0.00344 |     0.00400 |     0.00368 |     0.00341 |     0.00343 |     0.00324
                no_NT_bkd_02 |     0.00351 |     0.00312 |     0.00373 |     0.00398 |     0.00317 |     0.00333 |     0.00347
         no_NT_bkd_02_nodesc |     0.00397 |     0.00315 |     0.00415 |     0.00385 |     0.00288 |     0.00411 |     0.00394
  no_NT_bkd_02_nodesc_budget |     0.00378 |     0.00290 |     0.00373 |     0.00360 |     0.00327 |     0.00398 |     0.00351

===== cell 16 =====

===== cell 17 =====

===== cell 18 =====
bkd=0.0: 101 checkpoints, epochs 0..999, final val_hsic=0.00292 val_x_mae=0.02594
bkd=0.05: 101 checkpoints, epochs 0..999, final val_hsic=0.00323 val_x_mae=0.02710
bkd=0.1: 101 checkpoints, epochs 0..999, final val_hsic=0.00299 val_x_mae=0.02757
bkd=0.2: 101 checkpoints, epochs 0..999, final val_hsic=0.00363 val_x_mae=0.02868
bkd=0.3: 101 checkpoints, epochs 0..999, final val_hsic=0.00367 val_x_mae=0.03250

===== cell 19 =====
        val_hsic  val_x_mae  val_x_r2  val_score_sparse  query_norm/mean_M  test_hsic  test_x_mae  n_cycles
p=0.0   0.002924    0.02594    0.9668            0.2359              1.021   0.002935     0.02623        46
p=0.05   0.00323     0.0271    0.9647            0.2457              1.022   0.003133     0.02712        45
p=0.1    0.00299    0.02757    0.9625            0.2518              1.023   0.002887      0.0277        46
p=0.2   0.003631    0.02868    0.9603            0.2625              1.018   0.003671     0.02896        45
p=0.3   0.003668     0.0325    0.9433            0.2396              1.026   0.003728     0.03299        41

===== cell 20 =====
p=0.0: final margin=+0.268 oriented=51.25% align=+0.136 parent mass=0.354
p=0.05: final margin=+0.189 oriented=48.75% align=+0.147 parent mass=0.328
p=0.1: final margin=+0.104 oriented=52.50% align=+0.129 parent mass=0.297
p=0.2: final margin=+0.117 oriented=56.25% align=+0.169 parent mass=0.291
p=0.3: final margin=+0.284 oriented=58.75% align=+0.148 parent mass=0.273

===== cell 21 =====
Gradient routing parameter classification:
  Structural:        3 tensors, 900 params (1.4%)
  Reconstruction:  174 tensors, 65,420 params (98.6%)

  Structural parameters:
    theta_S: attention.inner_attention.query_norm_log_scale
    theta_S: query_embed_X.embedding.weight
    theta_S: query_embed_S.embedding.weight

  Reconstruction parameters:
    theta_R: embedding_S.embed_modules_list.0.embedding.mlps.0.0.weight
    theta_R: embedding_S.embed_modules_list.0.embedding.mlps.0.0.bias
    theta_R: embedding_S.embed_modules_list.0.embedding.mlps.0.3.weight
    theta_R: embedding_S.embed_modules_list.0.embedding.mlps.0.3.bias
    theta_R: embedding_S.embed_modules_list.0.embedding.mlps.1.0.weight
    theta_R: embedding_S.embed_modules_list.0.embedding.mlps.1.0.bias
    theta_R: embedding_S.embed_modules_list.0.embedding.mlps.1.3.weight
    theta_R: embedding_S.embed_modules_list.0.embedding.mlps.1.3.bias
    theta_R: embedding_S.embed_modules_list.1.embedding.embedding.weight
    theta_R: embedding_X.embed_modules_list.0.embedding.mlps.0.0.weight
    theta_R: embedding_X.embed_modules_list.0.embedding.mlps.0.0.bias
    theta_R: embedding_X.embed_modules_list.0.embedding.mlps.0.3.weight
    theta_R: embedding_X.embed_modules_list.0.embedding.mlps.0.3.bias
    theta_R: embedding_X.embed_modules_list.0.embedding.mlps.1.0.weight
    theta_R: embedding_X.embed_modules_list.0.embedding.mlps.1.0.bias
    theta_R: embedding_X.embed_modules_list.0.embedding.mlps.1.3.weight
    theta_R: embedding_X.embed_modules_list.0.embedding.mlps.1.3.bias
    theta_R: embedding_X.embed_modules_list.0.embedding.mlps.2.0.weight
    theta_R: embedding_X.embed_modules_list.0.embedding.mlps.2.0.bias
    theta_R: embedding_X.embed_modules_list.0.embedding.mlps.2.3.weight
    theta_R: embedding_X.embed_modules_list.0.embedding.mlps.2.3.bias
    theta_R: embedding_X.embed_modules_list.0.embedding.mlps.3.0.weight
    theta_R: embedding_X.embed_modules_list.0.embedding.mlps.3.0.bias
    theta_R: embedding_X.embed_modules_list.0.embedding.mlps.3.3.weight
    theta_R: embedding_X.embed_modules_list.0.embedding.mlps.3.3.bias
    theta_R: embedding_X.embed_modules_list.0.embedding.mlps.4.0.weight
    theta_R: embedding_X.embed_modules_list.0.embedding.mlps.4.0.bias
    theta_R: embedding_X.embed_modules_list.0.embedding.mlps.4.3.weight
    theta_R: embedding_X.embed_modules_list.0.embedding.mlps.4.3.bias
    theta_R: embedding_X.embed_modules_list.0.embedding.mlps.5.0.weight
    theta_R: embedding_X.embed_modules_list.0.embedding.mlps.5.0.bias
    theta_R: embedding_X.embed_modules_list.0.embedding.mlps.5.3.weight
    theta_R: embedding_X.embed_modules_list.0.embedding.mlps.5.3.bias
    theta_R: embedding_X.embed_modules_list.0.embedding.mlps.6.0.weight
    theta_R: embedding_X.embed_modules_list.0.embedding.mlps.6.0.bias
    theta_R: embedding_X.embed_modules_list.0.embedding.mlps.6.3.weight
    theta_R: embedding_X.embed_modules_list.0.embedding.mlps.6.3.bias
    theta_R: embedding_X.embed_modules_list.0.embedding.mlps.7.0.weight
    theta_R: embedding_X.embed_modules_list.0.embedding.mlps.7.0.bias
    theta_R: embedding_X.embed_modules_list.0.embedding.mlps.7.3.weight
    theta_R: embedding_X.embed_modules_list.0.embedding.mlps.7.3.bias
    theta_R: embedding_X.embed_modules_list.0.embedding.mlps.8.0.weight
    theta_R: embedding_X.embed_modules_list.0.embedding.mlps.8.0.bias
    theta_R: embedding_X.embed_modules_list.0.embedding.mlps.8.3.weight
    theta_R: embedding_X.embed_modules_list.0.embedding.mlps.8.3.bias
    theta_R: embedding_X.embed_modules_list.0.embedding.mlps.9.0.weight
    theta_R: embedding_X.embed_modules_list.0.embedding.mlps.9.0.bias
    theta_R: embedding_X.embed_modules_list.0.embedding.mlps.9.3.weight
    theta_R: embedding_X.embed_modules_list.0.embedding.mlps.9.3.bias
    theta_R: embedding_X.embed_modules_list.0.embedding.mlps.10.0.weight
    theta_R: embedding_X.embed_modules_list.0.embedding.mlps.10.0.bias
    theta_R: embedding_X.embed_modules_list.0.embedding.mlps.10.3.weight
    theta_R: embedding_X.embed_modules_list.0.embedding.mlps.10.3.bias
    theta_R: embedding_X.embed_modules_list.0.embedding.mlps.11.0.weight
    theta_R: embedding_X.embed_modules_list.0.embedding.mlps.11.0.bias
    theta_R: embedding_X.embed_modules_list.0.embedding.mlps.11.3.weight
    theta_R: embedding_X.embed_modules_list.0.embedding.mlps.11.3.bias
    theta_R: embedding_X.embed_modules_list.0.embedding.mlps.12.0.weight
    theta_R: embedding_X.embed_modules_list.0.embedding.mlps.12.0.bias
    theta_R: embedding_X.embed_modules_list.0.embedding.mlps.12.3.weight
    theta_R: embedding_X.embed_modules_list.0.embedding.mlps.12.3.bias
    theta_R: embedding_X.embed_modules_list.0.embedding.mlps.13.0.weight
    theta_R: embedding_X.embed_modules_list.0.embedding.mlps.13.0.bias
    theta_R: embedding_X.embed_modules_list.0.embedding.mlps.13.3.weight
    theta_R: embedding_X.embed_modules_list.0.embedding.mlps.13.3.bias
    theta_R: embedding_X.embed_modules_list.0.embedding.mlps.14.0.weight
    theta_R: embedding_X.embed_modules_list.0.embedding.mlps.14.0.bias
    theta_R: embedding_X.embed_modules_list.0.embedding.mlps.14.3.weight
    theta_R: embedding_X.embed_modules_list.0.embedding.mlps.14.3.bias
    theta_R: embedding_X.embed_modules_list.0.embedding.mlps.15.0.weight
    theta_R: embedding_X.embed_modules_list.0.embedding.mlps.15.0.bias
    theta_R: embedding_X.embed_modules_list.0.embedding.mlps.15.3.weight
    theta_R: embedding_X.embed_modules_list.0.embedding.mlps.15.3.bias
    theta_R: embedding_X.embed_modules_list.0.embedding.mlps.16.0.weight
    theta_R: embedding_X.embed_modules_list.0.embedding.mlps.16.0.bias
    theta_R: embedding_X.embed_modules_list.0.embedding.mlps.16.3.weight
    theta_R: embedding_X.embed_modules_list.0.embedding.mlps.16.3.bias
    theta_R: embedding_X.embed_modules_list.0.embedding.mlps.17.0.weight
    theta_R: embedding_X.embed_modules_list.0.embedding.mlps.17.0.bias
    theta_R: embedding_X.embed_modules_list.0.embedding.mlps.17.3.weight
    theta_R: embedding_X.embed_modules_list.0.embedding.mlps.17.3.bias
    theta_R: embedding_X.embed_modules_list.1.embedding.embedding.weight
    theta_R: attention.value_projection.weight
    theta_R: attention.value_projection.bias
    theta_R: attention.out_projection.weight
    theta_R: attention.out_projection.bias
    theta_R: norm1.norm.weight
    theta_R: norm1.norm.bias
    theta_R: norm2.norm.weight
    theta_R: norm2.norm.bias
    theta_R: linear1.weight
    theta_R: linear1.bias
    theta_R: linear2.weight
    theta_R: linear2.bias
    theta_R: forecaster.mlps.0.0.weight
    theta_R: forecaster.mlps.0.0.bias
    theta_R: forecaster.mlps.0.3.weight
    theta_R: forecaster.mlps.0.3.bias
    theta_R: forecaster.mlps.1.0.weight
    theta_R: forecaster.mlps.1.0.bias
    theta_R: forecaster.mlps.1.3.weight
    theta_R: forecaster.mlps.1.3.bias
    theta_R: forecaster.mlps.2.0.weight
    theta_R: forecaster.mlps.2.0.bias
    theta_R: forecaster.mlps.2.3.weight
    theta_R: forecaster.mlps.2.3.bias
    theta_R: forecaster.mlps.3.0.weight
    theta_R: forecaster.mlps.3.0.bias
    theta_R: forecaster.mlps.3.3.weight
    theta_R: forecaster.mlps.3.3.bias
    theta_R: forecaster.mlps.4.0.weight
    theta_R: forecaster.mlps.4.0.bias
    theta_R: forecaster.mlps.4.3.weight
    theta_R: forecaster.mlps.4.3.bias
    theta_R: forecaster.mlps.5.0.weight
    theta_R: forecaster.mlps.5.0.bias
    theta_R: forecaster.mlps.5.3.weight
    theta_R: forecaster.mlps.5.3.bias
    theta_R: forecaster.mlps.6.0.weight
    theta_R: forecaster.mlps.6.0.bias
    theta_R: forecaster.mlps.6.3.weight
    theta_R: forecaster.mlps.6.3.bias
    theta_R: forecaster.mlps.7.0.weight
    theta_R: forecaster.mlps.7.0.bias
    theta_R: forecaster.mlps.7.3.weight
    theta_R: forecaster.mlps.7.3.bias
    theta_R: forecaster.mlps.8.0.weight
    theta_R: forecaster.mlps.8.0.bias
    theta_R: forecaster.mlps.8.3.weight
    theta_R: forecaster.mlps.8.3.bias
    theta_R: forecaster.mlps.9.0.weight
    theta_R: forecaster.mlps.9.0.bias
    theta_R: forecaster.mlps.9.3.weight
    theta_R: forecaster.mlps.9.3.bias
    theta_R: forecaster.mlps.10.0.weight
    theta_R: forecaster.mlps.10.0.bias
    theta_R: forecaster.mlps.10.3.weight
    theta_R: forecaster.mlps.10.3.bias
    theta_R: forecaster.mlps.11.0.weight
    theta_R: forecaster.mlps.11.0.bias
    theta_R: forecaster.mlps.11.3.weight
    theta_R: forecaster.mlps.11.3.bias
    theta_R: forecaster.mlps.12.0.weight
    theta_R: forecaster.mlps.12.0.bias
    theta_R: forecaster.mlps.12.3.weight
    theta_R: forecaster.mlps.12.3.bias
    theta_R: forecaster.mlps.13.0.weight
    theta_R: forecaster.mlps.13.0.bias
    theta_R: forecaster.mlps.13.3.weight
    theta_R: forecaster.mlps.13.3.bias
    theta_R: forecaster.mlps.14.0.weight
    theta_R: forecaster.mlps.14.0.bias
    theta_R: forecaster.mlps.14.3.weight
    theta_R: forecaster.mlps.14.3.bias
    theta_R: forecaster.mlps.15.0.weight
    theta_R: forecaster.mlps.15.0.bias
    theta_R: forecaster.mlps.15.3.weight
    theta_R: forecaster.mlps.15.3.bias
    theta_R: forecaster.mlps.16.0.weight
    theta_R: forecaster.mlps.16.0.bias
    theta_R: forecaster.mlps.16.3.weight
    theta_R: forecaster.mlps.16.3.bias
    theta_R: forecaster.mlps.17.0.weight
    theta_R: forecaster.mlps.17.0.bias
    theta_R: forecaster.mlps.17.3.weight
    theta_R: forecaster.mlps.17.3.bias
    theta_R: forecaster.mlps.18.0.weight
    theta_R: forecaster.mlps.18.0.bias
    theta_R: forecaster.mlps.18.3.weight
    theta_R: forecaster.mlps.18.3.bias
    theta_R: forecaster.mlps.19.0.weight
    theta_R: forecaster.mlps.19.0.bias
    theta_R: forecaster.mlps.19.3.weight
    theta_R: forecaster.mlps.19.3.bias
Gradient routing parameter classification:
  Structural:        3 tensors, 900 params (1.4%)
  Reconstruction:  174 tensors, 65,420 params (98.6%)

  Structural parameters:
    theta_S: attention.inner_attention.query_norm_log_scale
    theta_S: query_embed_X.embedding.weight
    theta_S: query_embed_S.embedding.weight

  Reconstruction parameters:
    theta_R: embedding_S.embed_modules_list.0.embedding.mlps.0.0.weight
    theta_R: embedding_S.embed_modules_list.0.embedding.mlps.0.0.bias
    theta_R: embedding_S.embed_modules_list.0.embedding.mlps.0.3.weight
    theta_R: embedding_S.embed_modules_list.0.embedding.mlps.0.3.bias
    theta_R: embedding_S.embed_modules_list.0.embedding.mlps.1.0.weight
    theta_R: embedding_S.embed_modules_list.0.embedding.mlps.1.0.bias
    theta_R: embedding_S.embed_modules_list.0.embedding.mlps.1.3.weight
    theta_R: embedding_S.embed_modules_list.0.embedding.mlps.1.3.bias
    theta_R: embedding_S.embed_modules_list.1.embedding.embedding.weight
    theta_R: embedding_X.embed_modules_list.0.embedding.mlps.0.0.weight
    theta_R: embedding_X.embed_modules_list.0.embedding.mlps.0.0.bias
    theta_R: embedding_X.embed_modules_list.0.embedding.mlps.0.3.weight
    theta_R: embedding_X.embed_modules_list.0.embedding.mlps.0.3.bias
    theta_R: embedding_X.embed_modules_list.0.embedding.mlps.1.0.weight
    theta_R: embedding_X.embed_modules_list.0.embedding.mlps.1.0.bias
    theta_R: embedding_X.embed_modules_list.0.embedding.mlps.1.3.weight
    theta_R: embedding_X.embed_modules_list.0.embedding.mlps.1.3.bias
    theta_R: embedding_X.embed_modules_list.0.embedding.mlps.2.0.weight
    theta_R: embedding_X.embed_modules_list.0.embedding.mlps.2.0.bias
    theta_R: embedding_X.embed_modules_list.0.embedding.mlps.2.3.weight
    theta_R: embedding_X.embed_modules_list.0.embedding.mlps.2.3.bias
    theta_R: embedding_X.embed_modules_list.0.embedding.mlps.3.0.weight
    theta_R: embedding_X.embed_modules_list.0.embedding.mlps.3.0.bias
    theta_R: embedding_X.embed_modules_list.0.embedding.mlps.3.3.weight
    theta_R: embedding_X.embed_modules_list.0.embedding.mlps.3.3.bias
    theta_R: embedding_X.embed_modules_list.0.embedding.mlps.4.0.weight
    theta_R: embedding_X.embed_modules_list.0.embedding.mlps.4.0.bias
    theta_R: embedding_X.embed_modules_list.0.embedding.mlps.4.3.weight
    theta_R: embedding_X.embed_modules_list.0.embedding.mlps.4.3.bias
    theta_R: embedding_X.embed_modules_list.0.embedding.mlps.5.0.weight
    theta_R: embedding_X.embed_modules_list.0.embedding.mlps.5.0.bias
    theta_R: embedding_X.embed_modules_list.0.embedding.mlps.5.3.weight
    theta_R: embedding_X.embed_modules_list.0.embedding.mlps.5.3.bias
    theta_R: embedding_X.embed_modules_list.0.embedding.mlps.6.0.weight
    theta_R: embedding_X.embed_modules_list.0.embedding.mlps.6.0.bias
    theta_R: embedding_X.embed_modules_list.0.embedding.mlps.6.3.weight
    theta_R: embedding_X.embed_modules_list.0.embedding.mlps.6.3.bias
    theta_R: embedding_X.embed_modules_list.0.embedding.mlps.7.0.weight
    theta_R: embedding_X.embed_modules_list.0.embedding.mlps.7.0.bias
    theta_R: embedding_X.embed_modules_list.0.embedding.mlps.7.3.weight
    theta_R: embedding_X.embed_modules_list.0.embedding.mlps.7.3.bias
    theta_R: embedding_X.embed_modules_list.0.embedding.mlps.8.0.weight
    theta_R: embedding_X.embed_modules_list.0.embedding.mlps.8.0.bias
    theta_R: embedding_X.embed_modules_list.0.embedding.mlps.8.3.weight
    theta_R: embedding_X.embed_modules_list.0.embedding.mlps.8.3.bias
    theta_R: embedding_X.embed_modules_list.0.embedding.mlps.9.0.weight
    theta_R: embedding_X.embed_modules_list.0.embedding.mlps.9.0.bias
    theta_R: embedding_X.embed_modules_list.0.embedding.mlps.9.3.weight
    theta_R: embedding_X.embed_modules_list.0.embedding.mlps.9.3.bias
    theta_R: embedding_X.embed_modules_list.0.embedding.mlps.10.0.weight
    theta_R: embedding_X.embed_modules_list.0.embedding.mlps.10.0.bias
    theta_R: embedding_X.embed_modules_list.0.embedding.mlps.10.3.weight
    theta_R: embedding_X.embed_modules_list.0.embedding.mlps.10.3.bias
    theta_R: embedding_X.embed_modules_list.0.embedding.mlps.11.0.weight
    theta_R: embedding_X.embed_modules_list.0.embedding.mlps.11.0.bias
    theta_R: embedding_X.embed_modules_list.0.embedding.mlps.11.3.weight
    theta_R: embedding_X.embed_modules_list.0.embedding.mlps.11.3.bias
    theta_R: embedding_X.embed_modules_list.0.embedding.mlps.12.0.weight
    theta_R: embedding_X.embed_modules_list.0.embedding.mlps.12.0.bias
    theta_R: embedding_X.embed_modules_list.0.embedding.mlps.12.3.weight
    theta_R: embedding_X.embed_modules_list.0.embedding.mlps.12.3.bias
    theta_R: embedding_X.embed_modules_list.0.embedding.mlps.13.0.weight
    theta_R: embedding_X.embed_modules_list.0.embedding.mlps.13.0.bias
    theta_R: embedding_X.embed_modules_list.0.embedding.mlps.13.3.weight
    theta_R: embedding_X.embed_modules_list.0.embedding.mlps.13.3.bias
    theta_R: embedding_X.embed_modules_list.0.embedding.mlps.14.0.weight
    theta_R: embedding_X.embed_modules_list.0.embedding.mlps.14.0.bias
    theta_R: embedding_X.embed_modules_list.0.embedding.mlps.14.3.weight
    theta_R: embedding_X.embed_modules_list.0.embedding.mlps.14.3.bias
    theta_R: embedding_X.embed_modules_list.0.embedding.mlps.15.0.weight
    theta_R: embedding_X.embed_modules_list.0.embedding.mlps.15.0.bias
    theta_R: embedding_X.embed_modules_list.0.embedding.mlps.15.3.weight
    theta_R: embedding_X.embed_modules_list.0.embedding.mlps.15.3.bias
    theta_R: embedding_X.embed_modules_list.0.embedding.mlps.16.0.weight
    theta_R: embedding_X.embed_modules_list.0.embedding.mlps.16.0.bias
    theta_R: embedding_X.embed_modules_list.0.embedding.mlps.16.3.weight
    theta_R: embedding_X.embed_modules_list.0.embedding.mlps.16.3.bias
    theta_R: embedding_X.embed_modules_list.0.embedding.mlps.17.0.weight
    theta_R: embedding_X.embed_modules_list.0.embedding.mlps.17.0.bias
    theta_R: embedding_X.embed_modules_list.0.embedding.mlps.17.3.weight
    theta_R: embedding_X.embed_modules_list.0.embedding.mlps.17.3.bias
    theta_R: embedding_X.embed_modules_list.1.embedding.embedding.weight
    theta_R: attention.value_projection.weight
    theta_R: attention.value_projection.bias
    theta_R: attention.out_projection.weight
    theta_R: attention.out_projection.bias
    theta_R: norm1.norm.weight
    theta_R: norm1.norm.bias
    theta_R: norm2.norm.weight
    theta_R: norm2.norm.bias
    theta_R: linear1.weight
    theta_R: linear1.bias
    theta_R: linear2.weight
    theta_R: linear2.bias
    theta_R: forecaster.mlps.0.0.weight
    theta_R: forecaster.mlps.0.0.bias
    theta_R: forecaster.mlps.0.3.weight
    theta_R: forecaster.mlps.0.3.bias
    theta_R: forecaster.mlps.1.0.weight
    theta_R: forecaster.mlps.1.0.bias
    theta_R: forecaster.mlps.1.3.weight
    theta_R: forecaster.mlps.1.3.bias
    theta_R: forecaster.mlps.2.0.weight
    theta_R: forecaster.mlps.2.0.bias
    theta_R: forecaster.mlps.2.3.weight
    theta_R: forecaster.mlps.2.3.bias
    theta_R: forecaster.mlps.3.0.weight
    theta_R: forecaster.mlps.3.0.bias
    theta_R: forecaster.mlps.3.3.weight
    theta_R: forecaster.mlps.3.3.bias
    theta_R: forecaster.mlps.4.0.weight
    theta_R: forecaster.mlps.4.0.bias
    theta_R: forecaster.mlps.4.3.weight
    theta_R: forecaster.mlps.4.3.bias
    theta_R: forecaster.mlps.5.0.weight
    theta_R: forecaster.mlps.5.0.bias
    theta_R: forecaster.mlps.5.3.weight
    theta_R: forecaster.mlps.5.3.bias
    theta_R: forecaster.mlps.6.0.weight
    theta_R: forecaster.mlps.6.0.bias
    theta_R: forecaster.mlps.6.3.weight
    theta_R: forecaster.mlps.6.3.bias
    theta_R: forecaster.mlps.7.0.weight
    theta_R: forecaster.mlps.7.0.bias
    theta_R: forecaster.mlps.7.3.weight
    theta_R: forecaster.mlps.7.3.bias
    theta_R: forecaster.mlps.8.0.weight
    theta_R: forecaster.mlps.8.0.bias
    theta_R: forecaster.mlps.8.3.weight
    theta_R: forecaster.mlps.8.3.bias
    theta_R: forecaster.mlps.9.0.weight
    theta_R: forecaster.mlps.9.0.bias
    theta_R: forecaster.mlps.9.3.weight
    theta_R: forecaster.mlps.9.3.bias
    theta_R: forecaster.mlps.10.0.weight
    theta_R: forecaster.mlps.10.0.bias
    theta_R: forecaster.mlps.10.3.weight
    theta_R: forecaster.mlps.10.3.bias
    theta_R: forecaster.mlps.11.0.weight
    theta_R: forecaster.mlps.11.0.bias
    theta_R: forecaster.mlps.11.3.weight
    theta_R: forecaster.mlps.11.3.bias
    theta_R: forecaster.mlps.12.0.weight
    theta_R: forecaster.mlps.12.0.bias
    theta_R: forecaster.mlps.12.3.weight
    theta_R: forecaster.mlps.12.3.bias
    theta_R: forecaster.mlps.13.0.weight
    theta_R: forecaster.mlps.13.0.bias
    theta_R: forecaster.mlps.13.3.weight
    theta_R: forecaster.mlps.13.3.bias
    theta_R: forecaster.mlps.14.0.weight
    theta_R: forecaster.mlps.14.0.bias
    theta_R: forecaster.mlps.14.3.weight
    theta_R: forecaster.mlps.14.3.bias
    theta_R: forecaster.mlps.15.0.weight
    theta_R: forecaster.mlps.15.0.bias
    theta_R: forecaster.mlps.15.3.weight
    theta_R: forecaster.mlps.15.3.bias
    theta_R: forecaster.mlps.16.0.weight
    theta_R: forecaster.mlps.16.0.bias
    theta_R: forecaster.mlps.16.3.weight
    theta_R: forecaster.mlps.16.3.bias
    theta_R: forecaster.mlps.17.0.weight
    theta_R: forecaster.mlps.17.0.bias
    theta_R: forecaster.mlps.17.3.weight
    theta_R: forecaster.mlps.17.3.bias
    theta_R: forecaster.mlps.18.0.weight
    theta_R: forecaster.mlps.18.0.bias
    theta_R: forecaster.mlps.18.3.weight
    theta_R: forecaster.mlps.18.3.bias
    theta_R: forecaster.mlps.19.0.weight
    theta_R: forecaster.mlps.19.0.bias
    theta_R: forecaster.mlps.19.3.weight
    theta_R: forecaster.mlps.19.3.bias
p=0.0: epoch 499 done
Gradient routing parameter classification:
  Structural:        3 tensors, 900 params (1.4%)
  Reconstruction:  174 tensors, 65,420 params (98.6%)

  Structural parameters:
    theta_S: attention.inner_attention.query_norm_log_scale
    theta_S: query_embed_X.embedding.weight
    theta_S: query_embed_S.embedding.weight

  Reconstruction parameters:
    theta_R: embedding_S.embed_modules_list.0.embedding.mlps.0.0.weight
    theta_R: embedding_S.embed_modules_list.0.embedding.mlps.0.0.bias
    theta_R: embedding_S.embed_modules_list.0.embedding.mlps.0.3.weight
    theta_R: embedding_S.embed_modules_list.0.embedding.mlps.0.3.bias
    theta_R: embedding_S.embed_modules_list.0.embedding.mlps.1.0.weight
    theta_R: embedding_S.embed_modules_list.0.embedding.mlps.1.0.bias
    theta_R: embedding_S.embed_modules_list.0.embedding.mlps.1.3.weight
    theta_R: embedding_S.embed_modules_list.0.embedding.mlps.1.3.bias
    theta_R: embedding_S.embed_modules_list.1.embedding.embedding.weight
    theta_R: embedding_X.embed_modules_list.0.embedding.mlps.0.0.weight
    theta_R: embedding_X.embed_modules_list.0.embedding.mlps.0.0.bias
    theta_R: embedding_X.embed_modules_list.0.embedding.mlps.0.3.weight
    theta_R: embedding_X.embed_modules_list.0.embedding.mlps.0.3.bias
    theta_R: embedding_X.embed_modules_list.0.embedding.mlps.1.0.weight
    theta_R: embedding_X.embed_modules_list.0.embedding.mlps.1.0.bias
    theta_R: embedding_X.embed_modules_list.0.embedding.mlps.1.3.weight
    theta_R: embedding_X.embed_modules_list.0.embedding.mlps.1.3.bias
    theta_R: embedding_X.embed_modules_list.0.embedding.mlps.2.0.weight
    theta_R: embedding_X.embed_modules_list.0.embedding.mlps.2.0.bias
    theta_R: embedding_X.embed_modules_list.0.embedding.mlps.2.3.weight
    theta_R: embedding_X.embed_modules_list.0.embedding.mlps.2.3.bias
    theta_R: embedding_X.embed_modules_list.0.embedding.mlps.3.0.weight
    theta_R: embedding_X.embed_modules_list.0.embedding.mlps.3.0.bias
    theta_R: embedding_X.embed_modules_list.0.embedding.mlps.3.3.weight
    theta_R: embedding_X.embed_modules_list.0.embedding.mlps.3.3.bias
    theta_R: embedding_X.embed_modules_list.0.embedding.mlps.4.0.weight
    theta_R: embedding_X.embed_modules_list.0.embedding.mlps.4.0.bias
    theta_R: embedding_X.embed_modules_list.0.embedding.mlps.4.3.weight
    theta_R: embedding_X.embed_modules_list.0.embedding.mlps.4.3.bias
    theta_R: embedding_X.embed_modules_list.0.embedding.mlps.5.0.weight
    theta_R: embedding_X.embed_modules_list.0.embedding.mlps.5.0.bias
    theta_R: embedding_X.embed_modules_list.0.embedding.mlps.5.3.weight
    theta_R: embedding_X.embed_modules_list.0.embedding.mlps.5.3.bias
    theta_R: embedding_X.embed_modules_list.0.embedding.mlps.6.0.weight
    theta_R: embedding_X.embed_modules_list.0.embedding.mlps.6.0.bias
    theta_R: embedding_X.embed_modules_list.0.embedding.mlps.6.3.weight
    theta_R: embedding_X.embed_modules_list.0.embedding.mlps.6.3.bias
    theta_R: embedding_X.embed_modules_list.0.embedding.mlps.7.0.weight
    theta_R: embedding_X.embed_modules_list.0.embedding.mlps.7.0.bias
    theta_R: embedding_X.embed_modules_list.0.embedding.mlps.7.3.weight
    theta_R: embedding_X.embed_modules_list.0.embedding.mlps.7.3.bias
    theta_R: embedding_X.embed_modules_list.0.embedding.mlps.8.0.weight
    theta_R: embedding_X.embed_modules_list.0.embedding.mlps.8.0.bias
    theta_R: embedding_X.embed_modules_list.0.embedding.mlps.8.3.weight
    theta_R: embedding_X.embed_modules_list.0.embedding.mlps.8.3.bias
    theta_R: embedding_X.embed_modules_list.0.embedding.mlps.9.0.weight
    theta_R: embedding_X.embed_modules_list.0.embedding.mlps.9.0.bias
    theta_R: embedding_X.embed_modules_list.0.embedding.mlps.9.3.weight
    theta_R: embedding_X.embed_modules_list.0.embedding.mlps.9.3.bias
    theta_R: embedding_X.embed_modules_list.0.embedding.mlps.10.0.weight
    theta_R: embedding_X.embed_modules_list.0.embedding.mlps.10.0.bias
    theta_R: embedding_X.embed_modules_list.0.embedding.mlps.10.3.weight
    theta_R: embedding_X.embed_modules_list.0.embedding.mlps.10.3.bias
    theta_R: embedding_X.embed_modules_list.0.embedding.mlps.11.0.weight
    theta_R: embedding_X.embed_modules_list.0.embedding.mlps.11.0.bias
    theta_R: embedding_X.embed_modules_list.0.embedding.mlps.11.3.weight
    theta_R: embedding_X.embed_modules_list.0.embedding.mlps.11.3.bias
    theta_R: embedding_X.embed_modules_list.0.embedding.mlps.12.0.weight
    theta_R: embedding_X.embed_modules_list.0.embedding.mlps.12.0.bias
    theta_R: embedding_X.embed_modules_list.0.embedding.mlps.12.3.weight
    theta_R: embedding_X.embed_modules_list.0.embedding.mlps.12.3.bias
    theta_R: embedding_X.embed_modules_list.0.embedding.mlps.13.0.weight
    theta_R: embedding_X.embed_modules_list.0.embedding.mlps.13.0.bias
    theta_R: embedding_X.embed_modules_list.0.embedding.mlps.13.3.weight
    theta_R: embedding_X.embed_modules_list.0.embedding.mlps.13.3.bias
    theta_R: embedding_X.embed_modules_list.0.embedding.mlps.14.0.weight
    theta_R: embedding_X.embed_modules_list.0.embedding.mlps.14.0.bias
    theta_R: embedding_X.embed_modules_list.0.embedding.mlps.14.3.weight
    theta_R: embedding_X.embed_modules_list.0.embedding.mlps.14.3.bias
    theta_R: embedding_X.embed_modules_list.0.embedding.mlps.15.0.weight
    theta_R: embedding_X.embed_modules_list.0.embedding.mlps.15.0.bias
    theta_R: embedding_X.embed_modules_list.0.embedding.mlps.15.3.weight
    theta_R: embedding_X.embed_modules_list.0.embedding.mlps.15.3.bias
    theta_R: embedding_X.embed_modules_list.0.embedding.mlps.16.0.weight
    theta_R: embedding_X.embed_modules_list.0.embedding.mlps.16.0.bias
    theta_R: embedding_X.embed_modules_list.0.embedding.mlps.16.3.weight
    theta_R: embedding_X.embed_modules_list.0.embedding.mlps.16.3.bias
    theta_R: embedding_X.embed_modules_list.0.embedding.mlps.17.0.weight
    theta_R: embedding_X.embed_modules_list.0.embedding.mlps.17.0.bias
    theta_R: embedding_X.embed_modules_list.0.embedding.mlps.17.3.weight
    theta_R: embedding_X.embed_modules_list.0.embedding.mlps.17.3.bias
    theta_R: embedding_X.embed_modules_list.1.embedding.embedding.weight
    theta_R: attention.value_projection.weight
    theta_R: attention.value_projection.bias
    theta_R: attention.out_projection.weight
    theta_R: attention.out_projection.bias
    theta_R: norm1.norm.weight
    theta_R: norm1.norm.bias
    theta_R: norm2.norm.weight
    theta_R: norm2.norm.bias
    theta_R: linear1.weight
    theta_R: linear1.bias
    theta_R: linear2.weight
    theta_R: linear2.bias
    theta_R: forecaster.mlps.0.0.weight
    theta_R: forecaster.mlps.0.0.bias
    theta_R: forecaster.mlps.0.3.weight
    theta_R: forecaster.mlps.0.3.bias
    theta_R: forecaster.mlps.1.0.weight
    theta_R: forecaster.mlps.1.0.bias
    theta_R: forecaster.mlps.1.3.weight
    theta_R: forecaster.mlps.1.3.bias
    theta_R: forecaster.mlps.2.0.weight
    theta_R: forecaster.mlps.2.0.bias
    theta_R: forecaster.mlps.2.3.weight
    theta_R: forecaster.mlps.2.3.bias
    theta_R: forecaster.mlps.3.0.weight
    theta_R: forecaster.mlps.3.0.bias
    theta_R: forecaster.mlps.3.3.weight
    theta_R: forecaster.mlps.3.3.bias
    theta_R: forecaster.mlps.4.0.weight
    theta_R: forecaster.mlps.4.0.bias
    theta_R: forecaster.mlps.4.3.weight
    theta_R: forecaster.mlps.4.3.bias
    theta_R: forecaster.mlps.5.0.weight
    theta_R: forecaster.mlps.5.0.bias
    theta_R: forecaster.mlps.5.3.weight
    theta_R: forecaster.mlps.5.3.bias
    theta_R: forecaster.mlps.6.0.weight
    theta_R: forecaster.mlps.6.0.bias
    theta_R: forecaster.mlps.6.3.weight
    theta_R: forecaster.mlps.6.3.bias
    theta_R: forecaster.mlps.7.0.weight
    theta_R: forecaster.mlps.7.0.bias
    theta_R: forecaster.mlps.7.3.weight
    theta_R: forecaster.mlps.7.3.bias
    theta_R: forecaster.mlps.8.0.weight
    theta_R: forecaster.mlps.8.0.bias
    theta_R: forecaster.mlps.8.3.weight
    theta_R: forecaster.mlps.8.3.bias
    theta_R: forecaster.mlps.9.0.weight
    theta_R: forecaster.mlps.9.0.bias
    theta_R: forecaster.mlps.9.3.weight
    theta_R: forecaster.mlps.9.3.bias
    theta_R: forecaster.mlps.10.0.weight
    theta_R: forecaster.mlps.10.0.bias
    theta_R: forecaster.mlps.10.3.weight
    theta_R: forecaster.mlps.10.3.bias
    theta_R: forecaster.mlps.11.0.weight
    theta_R: forecaster.mlps.11.0.bias
    theta_R: forecaster.mlps.11.3.weight
    theta_R: forecaster.mlps.11.3.bias
    theta_R: forecaster.mlps.12.0.weight
    theta_R: forecaster.mlps.12.0.bias
    theta_R: forecaster.mlps.12.3.weight
    theta_R: forecaster.mlps.12.3.bias
    theta_R: forecaster.mlps.13.0.weight
    theta_R: forecaster.mlps.13.0.bias
    theta_R: forecaster.mlps.13.3.weight
    theta_R: forecaster.mlps.13.3.bias
    theta_R: forecaster.mlps.14.0.weight
    theta_R: forecaster.mlps.14.0.bias
    theta_R: forecaster.mlps.14.3.weight
    theta_R: forecaster.mlps.14.3.bias
    theta_R: forecaster.mlps.15.0.weight
    theta_R: forecaster.mlps.15.0.bias
    theta_R: forecaster.mlps.15.3.weight
    theta_R: forecaster.mlps.15.3.bias
    theta_R: forecaster.mlps.16.0.weight
    theta_R: forecaster.mlps.16.0.bias
    theta_R: forecaster.mlps.16.3.weight
    theta_R: forecaster.mlps.16.3.bias
    theta_R: forecaster.mlps.17.0.weight
    theta_R: forecaster.mlps.17.0.bias
    theta_R: forecaster.mlps.17.3.weight
    theta_R: forecaster.mlps.17.3.bias
    theta_R: forecaster.mlps.18.0.weight
    theta_R: forecaster.mlps.18.0.bias
    theta_R: forecaster.mlps.18.3.weight
    theta_R: forecaster.mlps.18.3.bias
    theta_R: forecaster.mlps.19.0.weight
    theta_R: forecaster.mlps.19.0.bias
    theta_R: forecaster.mlps.19.3.weight
    theta_R: forecaster.mlps.19.3.bias
Gradient routing parameter classification:
  Structural:        3 tensors, 900 params (1.4%)
  Reconstruction:  174 tensors, 65,420 params (98.6%)

  Structural parameters:
    theta_S: attention.inner_attention.query_norm_log_scale
    theta_S: query_embed_X.embedding.weight
    theta_S: query_embed_S.embedding.weight

  Reconstruction parameters:
    theta_R: embedding_S.embed_modules_list.0.embedding.mlps.0.0.weight
    theta_R: embedding_S.embed_modules_list.0.embedding.mlps.0.0.bias
    theta_R: embedding_S.embed_modules_list.0.embedding.mlps.0.3.weight
    theta_R: embedding_S.embed_modules_list.0.embedding.mlps.0.3.bias
    theta_R: embedding_S.embed_modules_list.0.embedding.mlps.1.0.weight
    theta_R: embedding_S.embed_modules_list.0.embedding.mlps.1.0.bias
    theta_R: embedding_S.embed_modules_list.0.embedding.mlps.1.3.weight
    theta_R: embedding_S.embed_modules_list.0.embedding.mlps.1.3.bias
    theta_R: embedding_S.embed_modules_list.1.embedding.embedding.weight
    theta_R: embedding_X.embed_modules_list.0.embedding.mlps.0.0.weight
    theta_R: embedding_X.embed_modules_list.0.embedding.mlps.0.0.bias
    theta_R: embedding_X.embed_modules_list.0.embedding.mlps.0.3.weight
    theta_R: embedding_X.embed_modules_list.0.embedding.mlps.0.3.bias
    theta_R: embedding_X.embed_modules_list.0.embedding.mlps.1.0.weight
    theta_R: embedding_X.embed_modules_list.0.embedding.mlps.1.0.bias
    theta_R: embedding_X.embed_modules_list.0.embedding.mlps.1.3.weight
    theta_R: embedding_X.embed_modules_list.0.embedding.mlps.1.3.bias
    theta_R: embedding_X.embed_modules_list.0.embedding.mlps.2.0.weight
    theta_R: embedding_X.embed_modules_list.0.embedding.mlps.2.0.bias
    theta_R: embedding_X.embed_modules_list.0.embedding.mlps.2.3.weight
    theta_R: embedding_X.embed_modules_list.0.embedding.mlps.2.3.bias
    theta_R: embedding_X.embed_modules_list.0.embedding.mlps.3.0.weight
    theta_R: embedding_X.embed_modules_list.0.embedding.mlps.3.0.bias
    theta_R: embedding_X.embed_modules_list.0.embedding.mlps.3.3.weight
    theta_R: embedding_X.embed_modules_list.0.embedding.mlps.3.3.bias
    theta_R: embedding_X.embed_modules_list.0.embedding.mlps.4.0.weight
    theta_R: embedding_X.embed_modules_list.0.embedding.mlps.4.0.bias
    theta_R: embedding_X.embed_modules_list.0.embedding.mlps.4.3.weight
    theta_R: embedding_X.embed_modules_list.0.embedding.mlps.4.3.bias
    theta_R: embedding_X.embed_modules_list.0.embedding.mlps.5.0.weight
    theta_R: embedding_X.embed_modules_list.0.embedding.mlps.5.0.bias
    theta_R: embedding_X.embed_modules_list.0.embedding.mlps.5.3.weight
    theta_R: embedding_X.embed_modules_list.0.embedding.mlps.5.3.bias
    theta_R: embedding_X.embed_modules_list.0.embedding.mlps.6.0.weight
    theta_R: embedding_X.embed_modules_list.0.embedding.mlps.6.0.bias
    theta_R: embedding_X.embed_modules_list.0.embedding.mlps.6.3.weight
    theta_R: embedding_X.embed_modules_list.0.embedding.mlps.6.3.bias
    theta_R: embedding_X.embed_modules_list.0.embedding.mlps.7.0.weight
    theta_R: embedding_X.embed_modules_list.0.embedding.mlps.7.0.bias
    theta_R: embedding_X.embed_modules_list.0.embedding.mlps.7.3.weight
    theta_R: embedding_X.embed_modules_list.0.embedding.mlps.7.3.bias
    theta_R: embedding_X.embed_modules_list.0.embedding.mlps.8.0.weight
    theta_R: embedding_X.embed_modules_list.0.embedding.mlps.8.0.bias
    theta_R: embedding_X.embed_modules_list.0.embedding.mlps.8.3.weight
    theta_R: embedding_X.embed_modules_list.0.embedding.mlps.8.3.bias
    theta_R: embedding_X.embed_modules_list.0.embedding.mlps.9.0.weight
    theta_R: embedding_X.embed_modules_list.0.embedding.mlps.9.0.bias
    theta_R: embedding_X.embed_modules_list.0.embedding.mlps.9.3.weight
    theta_R: embedding_X.embed_modules_list.0.embedding.mlps.9.3.bias
    theta_R: embedding_X.embed_modules_list.0.embedding.mlps.10.0.weight
    theta_R: embedding_X.embed_modules_list.0.embedding.mlps.10.0.bias
    theta_R: embedding_X.embed_modules_list.0.embedding.mlps.10.3.weight
    theta_R: embedding_X.embed_modules_list.0.embedding.mlps.10.3.bias
    theta_R: embedding_X.embed_modules_list.0.embedding.mlps.11.0.weight
    theta_R: embedding_X.embed_modules_list.0.embedding.mlps.11.0.bias
    theta_R: embedding_X.embed_modules_list.0.embedding.mlps.11.3.weight
    theta_R: embedding_X.embed_modules_list.0.embedding.mlps.11.3.bias
    theta_R: embedding_X.embed_modules_list.0.embedding.mlps.12.0.weight
    theta_R: embedding_X.embed_modules_list.0.embedding.mlps.12.0.bias
    theta_R: embedding_X.embed_modules_list.0.embedding.mlps.12.3.weight
    theta_R: embedding_X.embed_modules_list.0.embedding.mlps.12.3.bias
    theta_R: embedding_X.embed_modules_list.0.embedding.mlps.13.0.weight
    theta_R: embedding_X.embed_modules_list.0.embedding.mlps.13.0.bias
    theta_R: embedding_X.embed_modules_list.0.embedding.mlps.13.3.weight
    theta_R: embedding_X.embed_modules_list.0.embedding.mlps.13.3.bias
    theta_R: embedding_X.embed_modules_list.0.embedding.mlps.14.0.weight
    theta_R: embedding_X.embed_modules_list.0.embedding.mlps.14.0.bias
    theta_R: embedding_X.embed_modules_list.0.embedding.mlps.14.3.weight
    theta_R: embedding_X.embed_modules_list.0.embedding.mlps.14.3.bias
    theta_R: embedding_X.embed_modules_list.0.embedding.mlps.15.0.weight
    theta_R: embedding_X.embed_modules_list.0.embedding.mlps.15.0.bias
    theta_R: embedding_X.embed_modules_list.0.embedding.mlps.15.3.weight
    theta_R: embedding_X.embed_modules_list.0.embedding.mlps.15.3.bias
    theta_R: embedding_X.embed_modules_list.0.embedding.mlps.16.0.weight
    theta_R: embedding_X.embed_modules_list.0.embedding.mlps.16.0.bias
    theta_R: embedding_X.embed_modules_list.0.embedding.mlps.16.3.weight
    theta_R: embedding_X.embed_modules_list.0.embedding.mlps.16.3.bias
    theta_R: embedding_X.embed_modules_list.0.embedding.mlps.17.0.weight
    theta_R: embedding_X.embed_modules_list.0.embedding.mlps.17.0.bias
    theta_R: embedding_X.embed_modules_list.0.embedding.mlps.17.3.weight
    theta_R: embedding_X.embed_modules_list.0.embedding.mlps.17.3.bias
    theta_R: embedding_X.embed_modules_list.1.embedding.embedding.weight
    theta_R: attention.value_projection.weight
    theta_R: attention.value_projection.bias
    theta_R: attention.out_projection.weight
    theta_R: attention.out_projection.bias
    theta_R: norm1.norm.weight
    theta_R: norm1.norm.bias
    theta_R: norm2.norm.weight
    theta_R: norm2.norm.bias
    theta_R: linear1.weight
    theta_R: linear1.bias
    theta_R: linear2.weight
    theta_R: linear2.bias
    theta_R: forecaster.mlps.0.0.weight
    theta_R: forecaster.mlps.0.0.bias
    theta_R: forecaster.mlps.0.3.weight
    theta_R: forecaster.mlps.0.3.bias
    theta_R: forecaster.mlps.1.0.weight
    theta_R: forecaster.mlps.1.0.bias
    theta_R: forecaster.mlps.1.3.weight
    theta_R: forecaster.mlps.1.3.bias
    theta_R: forecaster.mlps.2.0.weight
    theta_R: forecaster.mlps.2.0.bias
    theta_R: forecaster.mlps.2.3.weight
    theta_R: forecaster.mlps.2.3.bias
    theta_R: forecaster.mlps.3.0.weight
    theta_R: forecaster.mlps.3.0.bias
    theta_R: forecaster.mlps.3.3.weight
    theta_R: forecaster.mlps.3.3.bias
    theta_R: forecaster.mlps.4.0.weight
    theta_R: forecaster.mlps.4.0.bias
    theta_R: forecaster.mlps.4.3.weight
    theta_R: forecaster.mlps.4.3.bias
    theta_R: forecaster.mlps.5.0.weight
    theta_R: forecaster.mlps.5.0.bias
    theta_R: forecaster.mlps.5.3.weight
    theta_R: forecaster.mlps.5.3.bias
    theta_R: forecaster.mlps.6.0.weight
    theta_R: forecaster.mlps.6.0.bias
    theta_R: forecaster.mlps.6.3.weight
    theta_R: forecaster.mlps.6.3.bias
    theta_R: forecaster.mlps.7.0.weight
    theta_R: forecaster.mlps.7.0.bias
    theta_R: forecaster.mlps.7.3.weight
    theta_R: forecaster.mlps.7.3.bias
    theta_R: forecaster.mlps.8.0.weight
    theta_R: forecaster.mlps.8.0.bias
    theta_R: forecaster.mlps.8.3.weight
    theta_R: forecaster.mlps.8.3.bias
    theta_R: forecaster.mlps.9.0.weight
    theta_R: forecaster.mlps.9.0.bias
    theta_R: forecaster.mlps.9.3.weight
    theta_R: forecaster.mlps.9.3.bias
    theta_R: forecaster.mlps.10.0.weight
    theta_R: forecaster.mlps.10.0.bias
    theta_R: forecaster.mlps.10.3.weight
    theta_R: forecaster.mlps.10.3.bias
    theta_R: forecaster.mlps.11.0.weight
    theta_R: forecaster.mlps.11.0.bias
    theta_R: forecaster.mlps.11.3.weight
    theta_R: forecaster.mlps.11.3.bias
    theta_R: forecaster.mlps.12.0.weight
    theta_R: forecaster.mlps.12.0.bias
    theta_R: forecaster.mlps.12.3.weight
    theta_R: forecaster.mlps.12.3.bias
    theta_R: forecaster.mlps.13.0.weight
    theta_R: forecaster.mlps.13.0.bias
    theta_R: forecaster.mlps.13.3.weight
    theta_R: forecaster.mlps.13.3.bias
    theta_R: forecaster.mlps.14.0.weight
    theta_R: forecaster.mlps.14.0.bias
    theta_R: forecaster.mlps.14.3.weight
    theta_R: forecaster.mlps.14.3.bias
    theta_R: forecaster.mlps.15.0.weight
    theta_R: forecaster.mlps.15.0.bias
    theta_R: forecaster.mlps.15.3.weight
    theta_R: forecaster.mlps.15.3.bias
    theta_R: forecaster.mlps.16.0.weight
    theta_R: forecaster.mlps.16.0.bias
    theta_R: forecaster.mlps.16.3.weight
    theta_R: forecaster.mlps.16.3.bias
    theta_R: forecaster.mlps.17.0.weight
    theta_R: forecaster.mlps.17.0.bias
    theta_R: forecaster.mlps.17.3.weight
    theta_R: forecaster.mlps.17.3.bias
    theta_R: forecaster.mlps.18.0.weight
    theta_R: forecaster.mlps.18.0.bias
    theta_R: forecaster.mlps.18.3.weight
    theta_R: forecaster.mlps.18.3.bias
    theta_R: forecaster.mlps.19.0.weight
    theta_R: forecaster.mlps.19.0.bias
    theta_R: forecaster.mlps.19.3.weight
    theta_R: forecaster.mlps.19.3.bias
p=0.0: epoch 999 done
Gradient routing parameter classification:
  Structural:        3 tensors, 900 params (1.4%)
  Reconstruction:  174 tensors, 65,420 params (98.6%)

  Structural parameters:
    theta_S: attention.inner_attention.query_norm_log_scale
    theta_S: query_embed_X.embedding.weight
    theta_S: query_embed_S.embedding.weight

  Reconstruction parameters:
    theta_R: embedding_S.embed_modules_list.0.embedding.mlps.0.0.weight
    theta_R: embedding_S.embed_modules_list.0.embedding.mlps.0.0.bias
    theta_R: embedding_S.embed_modules_list.0.embedding.mlps.0.3.weight
    theta_R: embedding_S.embed_modules_list.0.embedding.mlps.0.3.bias
    theta_R: embedding_S.embed_modules_list.0.embedding.mlps.1.0.weight
    theta_R: embedding_S.embed_modules_list.0.embedding.mlps.1.0.bias
    theta_R: embedding_S.embed_modules_list.0.embedding.mlps.1.3.weight
    theta_R: embedding_S.embed_modules_list.0.embedding.mlps.1.3.bias
    theta_R: embedding_S.embed_modules_list.1.embedding.embedding.weight
    theta_R: embedding_X.embed_modules_list.0.embedding.mlps.0.0.weight
    theta_R: embedding_X.embed_modules_list.0.embedding.mlps.0.0.bias
    theta_R: embedding_X.embed_modules_list.0.embedding.mlps.0.3.weight
    theta_R: embedding_X.embed_modules_list.0.embedding.mlps.0.3.bias
    theta_R: embedding_X.embed_modules_list.0.embedding.mlps.1.0.weight
    theta_R: embedding_X.embed_modules_list.0.embedding.mlps.1.0.bias
    theta_R: embedding_X.embed_modules_list.0.embedding.mlps.1.3.weight
    theta_R: embedding_X.embed_modules_list.0.embedding.mlps.1.3.bias
    theta_R: embedding_X.embed_modules_list.0.embedding.mlps.2.0.weight
    theta_R: embedding_X.embed_modules_list.0.embedding.mlps.2.0.bias
    theta_R: embedding_X.embed_modules_list.0.embedding.mlps.2.3.weight
    theta_R: embedding_X.embed_modules_list.0.embedding.mlps.2.3.bias
    theta_R: embedding_X.embed_modules_list.0.embedding.mlps.3.0.weight
    theta_R: embedding_X.embed_modules_list.0.embedding.mlps.3.0.bias
    theta_R: embedding_X.embed_modules_list.0.embedding.mlps.3.3.weight
    theta_R: embedding_X.embed_modules_list.0.embedding.mlps.3.3.bias
    theta_R: embedding_X.embed_modules_list.0.embedding.mlps.4.0.weight
    theta_R: embedding_X.embed_modules_list.0.embedding.mlps.4.0.bias
    theta_R: embedding_X.embed_modules_list.0.embedding.mlps.4.3.weight
    theta_R: embedding_X.embed_modules_list.0.embedding.mlps.4.3.bias
    theta_R: embedding_X.embed_modules_list.0.embedding.mlps.5.0.weight
    theta_R: embedding_X.embed_modules_list.0.embedding.mlps.5.0.bias
    theta_R: embedding_X.embed_modules_list.0.embedding.mlps.5.3.weight
    theta_R: embedding_X.embed_modules_list.0.embedding.mlps.5.3.bias
    theta_R: embedding_X.embed_modules_list.0.embedding.mlps.6.0.weight
    theta_R: embedding_X.embed_modules_list.0.embedding.mlps.6.0.bias
    theta_R: embedding_X.embed_modules_list.0.embedding.mlps.6.3.weight
    theta_R: embedding_X.embed_modules_list.0.embedding.mlps.6.3.bias
    theta_R: embedding_X.embed_modules_list.0.embedding.mlps.7.0.weight
    theta_R: embedding_X.embed_modules_list.0.embedding.mlps.7.0.bias
    theta_R: embedding_X.embed_modules_list.0.embedding.mlps.7.3.weight
    theta_R: embedding_X.embed_modules_list.0.embedding.mlps.7.3.bias
    theta_R: embedding_X.embed_modules_list.0.embedding.mlps.8.0.weight
    theta_R: embedding_X.embed_modules_list.0.embedding.mlps.8.0.bias
    theta_R: embedding_X.embed_modules_list.0.embedding.mlps.8.3.weight
    theta_R: embedding_X.embed_modules_list.0.embedding.mlps.8.3.bias
    theta_R: embedding_X.embed_modules_list.0.embedding.mlps.9.0.weight
    theta_R: embedding_X.embed_modules_list.0.embedding.mlps.9.0.bias
    theta_R: embedding_X.embed_modules_list.0.embedding.mlps.9.3.weight
    theta_R: embedding_X.embed_modules_list.0.embedding.mlps.9.3.bias
    theta_R: embedding_X.embed_modules_list.0.embedding.mlps.10.0.weight
    theta_R: embedding_X.embed_modules_list.0.embedding.mlps.10.0.bias
    theta_R: embedding_X.embed_modules_list.0.embedding.mlps.10.3.weight
    theta_R: embedding_X.embed_modules_list.0.embedding.mlps.10.3.bias
    theta_R: embedding_X.embed_modules_list.0.embedding.mlps.11.0.weight
    theta_R: embedding_X.embed_modules_list.0.embedding.mlps.11.0.bias
    theta_R: embedding_X.embed_modules_list.0.embedding.mlps.11.3.weight
    theta_R: embedding_X.embed_modules_list.0.embedding.mlps.11.3.bias
    theta_R: embedding_X.embed_modules_list.0.embedding.mlps.12.0.weight
    theta_R: embedding_X.embed_modules_list.0.embedding.mlps.12.0.bias
    theta_R: embedding_X.embed_modules_list.0.embedding.mlps.12.3.weight
    theta_R: embedding_X.embed_modules_list.0.embedding.mlps.12.3.bias
    theta_R: embedding_X.embed_modules_list.0.embedding.mlps.13.0.weight
    theta_R: embedding_X.embed_modules_list.0.embedding.mlps.13.0.bias
    theta_R: embedding_X.embed_modules_list.0.embedding.mlps.13.3.weight
    theta_R: embedding_X.embed_modules_list.0.embedding.mlps.13.3.bias
    theta_R: embedding_X.embed_modules_list.0.embedding.mlps.14.0.weight
    theta_R: embedding_X.embed_modules_list.0.embedding.mlps.14.0.bias
    theta_R: embedding_X.embed_modules_list.0.embedding.mlps.14.3.weight
    theta_R: embedding_X.embed_modules_list.0.embedding.mlps.14.3.bias
    theta_R: embedding_X.embed_modules_list.0.embedding.mlps.15.0.weight
    theta_R: embedding_X.embed_modules_list.0.embedding.mlps.15.0.bias
    theta_R: embedding_X.embed_modules_list.0.embedding.mlps.15.3.weight
    theta_R: embedding_X.embed_modules_list.0.embedding.mlps.15.3.bias
    theta_R: embedding_X.embed_modules_list.0.embedding.mlps.16.0.weight
    theta_R: embedding_X.embed_modules_list.0.embedding.mlps.16.0.bias
    theta_R: embedding_X.embed_modules_list.0.embedding.mlps.16.3.weight
    theta_R: embedding_X.embed_modules_list.0.embedding.mlps.16.3.bias
    theta_R: embedding_X.embed_modules_list.0.embedding.mlps.17.0.weight
    theta_R: embedding_X.embed_modules_list.0.embedding.mlps.17.0.bias
    theta_R: embedding_X.embed_modules_list.0.embedding.mlps.17.3.weight
    theta_R: embedding_X.embed_modules_list.0.embedding.mlps.17.3.bias
    theta_R: embedding_X.embed_modules_list.1.embedding.embedding.weight
    theta_R: attention.value_projection.weight
    theta_R: attention.value_projection.bias
    theta_R: attention.out_projection.weight
    theta_R: attention.out_projection.bias
    theta_R: norm1.norm.weight
    theta_R: norm1.norm.bias
    theta_R: norm2.norm.weight
    theta_R: norm2.norm.bias
    theta_R: linear1.weight
    theta_R: linear1.bias
    theta_R: linear2.weight
    theta_R: linear2.bias
    theta_R: forecaster.mlps.0.0.weight
    theta_R: forecaster.mlps.0.0.bias
    theta_R: forecaster.mlps.0.3.weight
    theta_R: forecaster.mlps.0.3.bias
    theta_R: forecaster.mlps.1.0.weight
    theta_R: forecaster.mlps.1.0.bias
    theta_R: forecaster.mlps.1.3.weight
    theta_R: forecaster.mlps.1.3.bias
    theta_R: forecaster.mlps.2.0.weight
    theta_R: forecaster.mlps.2.0.bias
    theta_R: forecaster.mlps.2.3.weight
    theta_R: forecaster.mlps.2.3.bias
    theta_R: forecaster.mlps.3.0.weight
    theta_R: forecaster.mlps.3.0.bias
    theta_R: forecaster.mlps.3.3.weight
    theta_R: forecaster.mlps.3.3.bias
    theta_R: forecaster.mlps.4.0.weight
    theta_R: forecaster.mlps.4.0.bias
    theta_R: forecaster.mlps.4.3.weight
    theta_R: forecaster.mlps.4.3.bias
    theta_R: forecaster.mlps.5.0.weight
    theta_R: forecaster.mlps.5.0.bias
    theta_R: forecaster.mlps.5.3.weight
    theta_R: forecaster.mlps.5.3.bias
    theta_R: forecaster.mlps.6.0.weight
    theta_R: forecaster.mlps.6.0.bias
    theta_R: forecaster.mlps.6.3.weight
    theta_R: forecaster.mlps.6.3.bias
    theta_R: forecaster.mlps.7.0.weight
    theta_R: forecaster.mlps.7.0.bias
    theta_R: forecaster.mlps.7.3.weight
    theta_R: forecaster.mlps.7.3.bias
    theta_R: forecaster.mlps.8.0.weight
    theta_R: forecaster.mlps.8.0.bias
    theta_R: forecaster.mlps.8.3.weight
    theta_R: forecaster.mlps.8.3.bias
    theta_R: forecaster.mlps.9.0.weight
    theta_R: forecaster.mlps.9.0.bias
    theta_R: forecaster.mlps.9.3.weight
    theta_R: forecaster.mlps.9.3.bias
    theta_R: forecaster.mlps.10.0.weight
    theta_R: forecaster.mlps.10.0.bias
    theta_R: forecaster.mlps.10.3.weight
    theta_R: forecaster.mlps.10.3.bias
    theta_R: forecaster.mlps.11.0.weight
    theta_R: forecaster.mlps.11.0.bias
    theta_R: forecaster.mlps.11.3.weight
    theta_R: forecaster.mlps.11.3.bias
    theta_R: forecaster.mlps.12.0.weight
    theta_R: forecaster.mlps.12.0.bias
    theta_R: forecaster.mlps.12.3.weight
    theta_R: forecaster.mlps.12.3.bias
    theta_R: forecaster.mlps.13.0.weight
    theta_R: forecaster.mlps.13.0.bias
    theta_R: forecaster.mlps.13.3.weight
    theta_R: forecaster.mlps.13.3.bias
    theta_R: forecaster.mlps.14.0.weight
    theta_R: forecaster.mlps.14.0.bias
    theta_R: forecaster.mlps.14.3.weight
    theta_R: forecaster.mlps.14.3.bias
    theta_R: forecaster.mlps.15.0.weight
    theta_R: forecaster.mlps.15.0.bias
    theta_R: forecaster.mlps.15.3.weight
    theta_R: forecaster.mlps.15.3.bias
    theta_R: forecaster.mlps.16.0.weight
    theta_R: forecaster.mlps.16.0.bias
    theta_R: forecaster.mlps.16.3.weight
    theta_R: forecaster.mlps.16.3.bias
    theta_R: forecaster.mlps.17.0.weight
    theta_R: forecaster.mlps.17.0.bias
    theta_R: forecaster.mlps.17.3.weight
    theta_R: forecaster.mlps.17.3.bias
    theta_R: forecaster.mlps.18.0.weight
    theta_R: forecaster.mlps.18.0.bias
    theta_R: forecaster.mlps.18.3.weight
    theta_R: forecaster.mlps.18.3.bias
    theta_R: forecaster.mlps.19.0.weight
    theta_R: forecaster.mlps.19.0.bias
    theta_R: forecaster.mlps.19.3.weight
    theta_R: forecaster.mlps.19.3.bias
Gradient routing parameter classification:
  Structural:        3 tensors, 900 params (1.4%)
  Reconstruction:  174 tensors, 65,420 params (98.6%)

  Structural parameters:
    theta_S: attention.inner_attention.query_norm_log_scale
    theta_S: query_embed_X.embedding.weight
    theta_S: query_embed_S.embedding.weight

  Reconstruction parameters:
    theta_R: embedding_S.embed_modules_list.0.embedding.mlps.0.0.weight
    theta_R: embedding_S.embed_modules_list.0.embedding.mlps.0.0.bias
    theta_R: embedding_S.embed_modules_list.0.embedding.mlps.0.3.weight
    theta_R: embedding_S.embed_modules_list.0.embedding.mlps.0.3.bias
    theta_R: embedding_S.embed_modules_list.0.embedding.mlps.1.0.weight
    theta_R: embedding_S.embed_modules_list.0.embedding.mlps.1.0.bias
    theta_R: embedding_S.embed_modules_list.0.embedding.mlps.1.3.weight
    theta_R: embedding_S.embed_modules_list.0.embedding.mlps.1.3.bias
    theta_R: embedding_S.embed_modules_list.1.embedding.embedding.weight
    theta_R: embedding_X.embed_modules_list.0.embedding.mlps.0.0.weight
    theta_R: embedding_X.embed_modules_list.0.embedding.mlps.0.0.bias
    theta_R: embedding_X.embed_modules_list.0.embedding.mlps.0.3.weight
    theta_R: embedding_X.embed_modules_list.0.embedding.mlps.0.3.bias
    theta_R: embedding_X.embed_modules_list.0.embedding.mlps.1.0.weight
    theta_R: embedding_X.embed_modules_list.0.embedding.mlps.1.0.bias
    theta_R: embedding_X.embed_modules_list.0.embedding.mlps.1.3.weight
    theta_R: embedding_X.embed_modules_list.0.embedding.mlps.1.3.bias
    theta_R: embedding_X.embed_modules_list.0.embedding.mlps.2.0.weight
    theta_R: embedding_X.embed_modules_list.0.embedding.mlps.2.0.bias
    theta_R: embedding_X.embed_modules_list.0.embedding.mlps.2.3.weight
    theta_R: embedding_X.embed_modules_list.0.embedding.mlps.2.3.bias
    theta_R: embedding_X.embed_modules_list.0.embedding.mlps.3.0.weight
    theta_R: embedding_X.embed_modules_list.0.embedding.mlps.3.0.bias
    theta_R: embedding_X.embed_modules_list.0.embedding.mlps.3.3.weight
    theta_R: embedding_X.embed_modules_list.0.embedding.mlps.3.3.bias
    theta_R: embedding_X.embed_modules_list.0.embedding.mlps.4.0.weight
    theta_R: embedding_X.embed_modules_list.0.embedding.mlps.4.0.bias
    theta_R: embedding_X.embed_modules_list.0.embedding.mlps.4.3.weight
    theta_R: embedding_X.embed_modules_list.0.embedding.mlps.4.3.bias
    theta_R: embedding_X.embed_modules_list.0.embedding.mlps.5.0.weight
    theta_R: embedding_X.embed_modules_list.0.embedding.mlps.5.0.bias
    theta_R: embedding_X.embed_modules_list.0.embedding.mlps.5.3.weight
    theta_R: embedding_X.embed_modules_list.0.embedding.mlps.5.3.bias
    theta_R: embedding_X.embed_modules_list.0.embedding.mlps.6.0.weight
    theta_R: embedding_X.embed_modules_list.0.embedding.mlps.6.0.bias
    theta_R: embedding_X.embed_modules_list.0.embedding.mlps.6.3.weight
    theta_R: embedding_X.embed_modules_list.0.embedding.mlps.6.3.bias
    theta_R: embedding_X.embed_modules_list.0.embedding.mlps.7.0.weight
    theta_R: embedding_X.embed_modules_list.0.embedding.mlps.7.0.bias
    theta_R: embedding_X.embed_modules_list.0.embedding.mlps.7.3.weight
    theta_R: embedding_X.embed_modules_list.0.embedding.mlps.7.3.bias
    theta_R: embedding_X.embed_modules_list.0.embedding.mlps.8.0.weight
    theta_R: embedding_X.embed_modules_list.0.embedding.mlps.8.0.bias
    theta_R: embedding_X.embed_modules_list.0.embedding.mlps.8.3.weight
    theta_R: embedding_X.embed_modules_list.0.embedding.mlps.8.3.bias
    theta_R: embedding_X.embed_modules_list.0.embedding.mlps.9.0.weight
    theta_R: embedding_X.embed_modules_list.0.embedding.mlps.9.0.bias
    theta_R: embedding_X.embed_modules_list.0.embedding.mlps.9.3.weight
    theta_R: embedding_X.embed_modules_list.0.embedding.mlps.9.3.bias
    theta_R: embedding_X.embed_modules_list.0.embedding.mlps.10.0.weight
    theta_R: embedding_X.embed_modules_list.0.embedding.mlps.10.0.bias
    theta_R: embedding_X.embed_modules_list.0.embedding.mlps.10.3.weight
    theta_R: embedding_X.embed_modules_list.0.embedding.mlps.10.3.bias
    theta_R: embedding_X.embed_modules_list.0.embedding.mlps.11.0.weight
    theta_R: embedding_X.embed_modules_list.0.embedding.mlps.11.0.bias
    theta_R: embedding_X.embed_modules_list.0.embedding.mlps.11.3.weight
    theta_R: embedding_X.embed_modules_list.0.embedding.mlps.11.3.bias
    theta_R: embedding_X.embed_modules_list.0.embedding.mlps.12.0.weight
    theta_R: embedding_X.embed_modules_list.0.embedding.mlps.12.0.bias
    theta_R: embedding_X.embed_modules_list.0.embedding.mlps.12.3.weight
    theta_R: embedding_X.embed_modules_list.0.embedding.mlps.12.3.bias
    theta_R: embedding_X.embed_modules_list.0.embedding.mlps.13.0.weight
    theta_R: embedding_X.embed_modules_list.0.embedding.mlps.13.0.bias
    theta_R: embedding_X.embed_modules_list.0.embedding.mlps.13.3.weight
    theta_R: embedding_X.embed_modules_list.0.embedding.mlps.13.3.bias
    theta_R: embedding_X.embed_modules_list.0.embedding.mlps.14.0.weight
    theta_R: embedding_X.embed_modules_list.0.embedding.mlps.14.0.bias
    theta_R: embedding_X.embed_modules_list.0.embedding.mlps.14.3.weight
    theta_R: embedding_X.embed_modules_list.0.embedding.mlps.14.3.bias
    theta_R: embedding_X.embed_modules_list.0.embedding.mlps.15.0.weight
    theta_R: embedding_X.embed_modules_list.0.embedding.mlps.15.0.bias
    theta_R: embedding_X.embed_modules_list.0.embedding.mlps.15.3.weight
    theta_R: embedding_X.embed_modules_list.0.embedding.mlps.15.3.bias
    theta_R: embedding_X.embed_modules_list.0.embedding.mlps.16.0.weight
    theta_R: embedding_X.embed_modules_list.0.embedding.mlps.16.0.bias
    theta_R: embedding_X.embed_modules_list.0.embedding.mlps.16.3.weight
    theta_R: embedding_X.embed_modules_list.0.embedding.mlps.16.3.bias
    theta_R: embedding_X.embed_modules_list.0.embedding.mlps.17.0.weight
    theta_R: embedding_X.embed_modules_list.0.embedding.mlps.17.0.bias
    theta_R: embedding_X.embed_modules_list.0.embedding.mlps.17.3.weight
    theta_R: embedding_X.embed_modules_list.0.embedding.mlps.17.3.bias
    theta_R: embedding_X.embed_modules_list.1.embedding.embedding.weight
    theta_R: attention.value_projection.weight
    theta_R: attention.value_projection.bias
    theta_R: attention.out_projection.weight
    theta_R: attention.out_projection.bias
    theta_R: norm1.norm.weight
    theta_R: norm1.norm.bias
    theta_R: norm2.norm.weight
    theta_R: norm2.norm.bias
    theta_R: linear1.weight
    theta_R: linear1.bias
    theta_R: linear2.weight
    theta_R: linear2.bias
    theta_R: forecaster.mlps.0.0.weight
    theta_R: forecaster.mlps.0.0.bias
    theta_R: forecaster.mlps.0.3.weight
    theta_R: forecaster.mlps.0.3.bias
    theta_R: forecaster.mlps.1.0.weight
    theta_R: forecaster.mlps.1.0.bias
    theta_R: forecaster.mlps.1.3.weight
    theta_R: forecaster.mlps.1.3.bias
    theta_R: forecaster.mlps.2.0.weight
    theta_R: forecaster.mlps.2.0.bias
    theta_R: forecaster.mlps.2.3.weight
    theta_R: forecaster.mlps.2.3.bias
    theta_R: forecaster.mlps.3.0.weight
    theta_R: forecaster.mlps.3.0.bias
    theta_R: forecaster.mlps.3.3.weight
    theta_R: forecaster.mlps.3.3.bias
    theta_R: forecaster.mlps.4.0.weight
    theta_R: forecaster.mlps.4.0.bias
    theta_R: forecaster.mlps.4.3.weight
    theta_R: forecaster.mlps.4.3.bias
    theta_R: forecaster.mlps.5.0.weight
    theta_R: forecaster.mlps.5.0.bias
    theta_R: forecaster.mlps.5.3.weight
    theta_R: forecaster.mlps.5.3.bias
    theta_R: forecaster.mlps.6.0.weight
    theta_R: forecaster.mlps.6.0.bias
    theta_R: forecaster.mlps.6.3.weight
    theta_R: forecaster.mlps.6.3.bias
    theta_R: forecaster.mlps.7.0.weight
    theta_R: forecaster.mlps.7.0.bias
    theta_R: forecaster.mlps.7.3.weight
    theta_R: forecaster.mlps.7.3.bias
    theta_R: forecaster.mlps.8.0.weight
    theta_R: forecaster.mlps.8.0.bias
    theta_R: forecaster.mlps.8.3.weight
    theta_R: forecaster.mlps.8.3.bias
    theta_R: forecaster.mlps.9.0.weight
    theta_R: forecaster.mlps.9.0.bias
    theta_R: forecaster.mlps.9.3.weight
    theta_R: forecaster.mlps.9.3.bias
    theta_R: forecaster.mlps.10.0.weight
    theta_R: forecaster.mlps.10.0.bias
    theta_R: forecaster.mlps.10.3.weight
    theta_R: forecaster.mlps.10.3.bias
    theta_R: forecaster.mlps.11.0.weight
    theta_R: forecaster.mlps.11.0.bias
    theta_R: forecaster.mlps.11.3.weight
    theta_R: forecaster.mlps.11.3.bias
    theta_R: forecaster.mlps.12.0.weight
    theta_R: forecaster.mlps.12.0.bias
    theta_R: forecaster.mlps.12.3.weight
    theta_R: forecaster.mlps.12.3.bias
    theta_R: forecaster.mlps.13.0.weight
    theta_R: forecaster.mlps.13.0.bias
    theta_R: forecaster.mlps.13.3.weight
    theta_R: forecaster.mlps.13.3.bias
    theta_R: forecaster.mlps.14.0.weight
    theta_R: forecaster.mlps.14.0.bias
    theta_R: forecaster.mlps.14.3.weight
    theta_R: forecaster.mlps.14.3.bias
    theta_R: forecaster.mlps.15.0.weight
    theta_R: forecaster.mlps.15.0.bias
    theta_R: forecaster.mlps.15.3.weight
    theta_R: forecaster.mlps.15.3.bias
    theta_R: forecaster.mlps.16.0.weight
    theta_R: forecaster.mlps.16.0.bias
    theta_R: forecaster.mlps.16.3.weight
    theta_R: forecaster.mlps.16.3.bias
    theta_R: forecaster.mlps.17.0.weight
    theta_R: forecaster.mlps.17.0.bias
    theta_R: forecaster.mlps.17.3.weight
    theta_R: forecaster.mlps.17.3.bias
    theta_R: forecaster.mlps.18.0.weight
    theta_R: forecaster.mlps.18.0.bias
    theta_R: forecaster.mlps.18.3.weight
    theta_R: forecaster.mlps.18.3.bias
    theta_R: forecaster.mlps.19.0.weight
    theta_R: forecaster.mlps.19.0.bias
    theta_R: forecaster.mlps.19.3.weight
    theta_R: forecaster.mlps.19.3.bias
p=0.05: epoch 499 done
Gradient routing parameter classification:
  Structural:        3 tensors, 900 params (1.4%)
  Reconstruction:  174 tensors, 65,420 params (98.6%)

  Structural parameters:
    theta_S: attention.inner_attention.query_norm_log_scale
    theta_S: query_embed_X.embedding.weight
    theta_S: query_embed_S.embedding.weight

  Reconstruction parameters:
    theta_R: embedding_S.embed_modules_list.0.embedding.mlps.0.0.weight
    theta_R: embedding_S.embed_modules_list.0.embedding.mlps.0.0.bias
    theta_R: embedding_S.embed_modules_list.0.embedding.mlps.0.3.weight
    theta_R: embedding_S.embed_modules_list.0.embedding.mlps.0.3.bias
    theta_R: embedding_S.embed_modules_list.0.embedding.mlps.1.0.weight
    theta_R: embedding_S.embed_modules_list.0.embedding.mlps.1.0.bias
    theta_R: embedding_S.embed_modules_list.0.embedding.mlps.1.3.weight
    theta_R: embedding_S.embed_modules_list.0.embedding.mlps.1.3.bias
    theta_R: embedding_S.embed_modules_list.1.embedding.embedding.weight
    theta_R: embedding_X.embed_modules_list.0.embedding.mlps.0.0.weight
    theta_R: embedding_X.embed_modules_list.0.embedding.mlps.0.0.bias
    theta_R: embedding_X.embed_modules_list.0.embedding.mlps.0.3.weight
    theta_R: embedding_X.embed_modules_list.0.embedding.mlps.0.3.bias
    theta_R: embedding_X.embed_modules_list.0.embedding.mlps.1.0.weight
    theta_R: embedding_X.embed_modules_list.0.embedding.mlps.1.0.bias
    theta_R: embedding_X.embed_modules_list.0.embedding.mlps.1.3.weight
    theta_R: embedding_X.embed_modules_list.0.embedding.mlps.1.3.bias
    theta_R: embedding_X.embed_modules_list.0.embedding.mlps.2.0.weight
    theta_R: embedding_X.embed_modules_list.0.embedding.mlps.2.0.bias
    theta_R: embedding_X.embed_modules_list.0.embedding.mlps.2.3.weight
    theta_R: embedding_X.embed_modules_list.0.embedding.mlps.2.3.bias
    theta_R: embedding_X.embed_modules_list.0.embedding.mlps.3.0.weight
    theta_R: embedding_X.embed_modules_list.0.embedding.mlps.3.0.bias
    theta_R: embedding_X.embed_modules_list.0.embedding.mlps.3.3.weight
    theta_R: embedding_X.embed_modules_list.0.embedding.mlps.3.3.bias
    theta_R: embedding_X.embed_modules_list.0.embedding.mlps.4.0.weight
    theta_R: embedding_X.embed_modules_list.0.embedding.mlps.4.0.bias
    theta_R: embedding_X.embed_modules_list.0.embedding.mlps.4.3.weight
    theta_R: embedding_X.embed_modules_list.0.embedding.mlps.4.3.bias
    theta_R: embedding_X.embed_modules_list.0.embedding.mlps.5.0.weight
    theta_R: embedding_X.embed_modules_list.0.embedding.mlps.5.0.bias
    theta_R: embedding_X.embed_modules_list.0.embedding.mlps.5.3.weight
    theta_R: embedding_X.embed_modules_list.0.embedding.mlps.5.3.bias
    theta_R: embedding_X.embed_modules_list.0.embedding.mlps.6.0.weight
    theta_R: embedding_X.embed_modules_list.0.embedding.mlps.6.0.bias
    theta_R: embedding_X.embed_modules_list.0.embedding.mlps.6.3.weight
    theta_R: embedding_X.embed_modules_list.0.embedding.mlps.6.3.bias
    theta_R: embedding_X.embed_modules_list.0.embedding.mlps.7.0.weight
    theta_R: embedding_X.embed_modules_list.0.embedding.mlps.7.0.bias
    theta_R: embedding_X.embed_modules_list.0.embedding.mlps.7.3.weight
    theta_R: embedding_X.embed_modules_list.0.embedding.mlps.7.3.bias
    theta_R: embedding_X.embed_modules_list.0.embedding.mlps.8.0.weight
    theta_R: embedding_X.embed_modules_list.0.embedding.mlps.8.0.bias
    theta_R: embedding_X.embed_modules_list.0.embedding.mlps.8.3.weight
    theta_R: embedding_X.embed_modules_list.0.embedding.mlps.8.3.bias
    theta_R: embedding_X.embed_modules_list.0.embedding.mlps.9.0.weight
    theta_R: embedding_X.embed_modules_list.0.embedding.mlps.9.0.bias
    theta_R: embedding_X.embed_modules_list.0.embedding.mlps.9.3.weight
    theta_R: embedding_X.embed_modules_list.0.embedding.mlps.9.3.bias
    theta_R: embedding_X.embed_modules_list.0.embedding.mlps.10.0.weight
    theta_R: embedding_X.embed_modules_list.0.embedding.mlps.10.0.bias
    theta_R: embedding_X.embed_modules_list.0.embedding.mlps.10.3.weight
    theta_R: embedding_X.embed_modules_list.0.embedding.mlps.10.3.bias
    theta_R: embedding_X.embed_modules_list.0.embedding.mlps.11.0.weight
    theta_R: embedding_X.embed_modules_list.0.embedding.mlps.11.0.bias
    theta_R: embedding_X.embed_modules_list.0.embedding.mlps.11.3.weight
    theta_R: embedding_X.embed_modules_list.0.embedding.mlps.11.3.bias
    theta_R: embedding_X.embed_modules_list.0.embedding.mlps.12.0.weight
    theta_R: embedding_X.embed_modules_list.0.embedding.mlps.12.0.bias
    theta_R: embedding_X.embed_modules_list.0.embedding.mlps.12.3.weight
    theta_R: embedding_X.embed_modules_list.0.embedding.mlps.12.3.bias
    theta_R: embedding_X.embed_modules_list.0.embedding.mlps.13.0.weight
    theta_R: embedding_X.embed_modules_list.0.embedding.mlps.13.0.bias
    theta_R: embedding_X.embed_modules_list.0.embedding.mlps.13.3.weight
    theta_R: embedding_X.embed_modules_list.0.embedding.mlps.13.3.bias
    theta_R: embedding_X.embed_modules_list.0.embedding.mlps.14.0.weight
    theta_R: embedding_X.embed_modules_list.0.embedding.mlps.14.0.bias
    theta_R: embedding_X.embed_modules_list.0.embedding.mlps.14.3.weight
    theta_R: embedding_X.embed_modules_list.0.embedding.mlps.14.3.bias
    theta_R: embedding_X.embed_modules_list.0.embedding.mlps.15.0.weight
    theta_R: embedding_X.embed_modules_list.0.embedding.mlps.15.0.bias
    theta_R: embedding_X.embed_modules_list.0.embedding.mlps.15.3.weight
    theta_R: embedding_X.embed_modules_list.0.embedding.mlps.15.3.bias
    theta_R: embedding_X.embed_modules_list.0.embedding.mlps.16.0.weight
    theta_R: embedding_X.embed_modules_list.0.embedding.mlps.16.0.bias
    theta_R: embedding_X.embed_modules_list.0.embedding.mlps.16.3.weight
    theta_R: embedding_X.embed_modules_list.0.embedding.mlps.16.3.bias
    theta_R: embedding_X.embed_modules_list.0.embedding.mlps.17.0.weight
    theta_R: embedding_X.embed_modules_list.0.embedding.mlps.17.0.bias
    theta_R: embedding_X.embed_modules_list.0.embedding.mlps.17.3.weight
    theta_R: embedding_X.embed_modules_list.0.embedding.mlps.17.3.bias
    theta_R: embedding_X.embed_modules_list.1.embedding.embedding.weight
    theta_R: attention.value_projection.weight
    theta_R: attention.value_projection.bias
    theta_R: attention.out_projection.weight
    theta_R: attention.out_projection.bias
    theta_R: norm1.norm.weight
    theta_R: norm1.norm.bias
    theta_R: norm2.norm.weight
    theta_R: norm2.norm.bias
    theta_R: linear1.weight
    theta_R: linear1.bias
    theta_R: linear2.weight
    theta_R: linear2.bias
    theta_R: forecaster.mlps.0.0.weight
    theta_R: forecaster.mlps.0.0.bias
    theta_R: forecaster.mlps.0.3.weight
    theta_R: forecaster.mlps.0.3.bias
    theta_R: forecaster.mlps.1.0.weight
    theta_R: forecaster.mlps.1.0.bias
    theta_R: forecaster.mlps.1.3.weight
    theta_R: forecaster.mlps.1.3.bias
    theta_R: forecaster.mlps.2.0.weight
    theta_R: forecaster.mlps.2.0.bias
    theta_R: forecaster.mlps.2.3.weight
    theta_R: forecaster.mlps.2.3.bias
    theta_R: forecaster.mlps.3.0.weight
    theta_R: forecaster.mlps.3.0.bias
    theta_R: forecaster.mlps.3.3.weight
    theta_R: forecaster.mlps.3.3.bias
    theta_R: forecaster.mlps.4.0.weight
    theta_R: forecaster.mlps.4.0.bias
    theta_R: forecaster.mlps.4.3.weight
    theta_R: forecaster.mlps.4.3.bias
    theta_R: forecaster.mlps.5.0.weight
    theta_R: forecaster.mlps.5.0.bias
    theta_R: forecaster.mlps.5.3.weight
    theta_R: forecaster.mlps.5.3.bias
    theta_R: forecaster.mlps.6.0.weight
    theta_R: forecaster.mlps.6.0.bias
    theta_R: forecaster.mlps.6.3.weight
    theta_R: forecaster.mlps.6.3.bias
    theta_R: forecaster.mlps.7.0.weight
    theta_R: forecaster.mlps.7.0.bias
    theta_R: forecaster.mlps.7.3.weight
    theta_R: forecaster.mlps.7.3.bias
    theta_R: forecaster.mlps.8.0.weight
    theta_R: forecaster.mlps.8.0.bias
    theta_R: forecaster.mlps.8.3.weight
    theta_R: forecaster.mlps.8.3.bias
    theta_R: forecaster.mlps.9.0.weight
    theta_R: forecaster.mlps.9.0.bias
    theta_R: forecaster.mlps.9.3.weight
    theta_R: forecaster.mlps.9.3.bias
    theta_R: forecaster.mlps.10.0.weight
    theta_R: forecaster.mlps.10.0.bias
    theta_R: forecaster.mlps.10.3.weight
    theta_R: forecaster.mlps.10.3.bias
    theta_R: forecaster.mlps.11.0.weight
    theta_R: forecaster.mlps.11.0.bias
    theta_R: forecaster.mlps.11.3.weight
    theta_R: forecaster.mlps.11.3.bias
    theta_R: forecaster.mlps.12.0.weight
    theta_R: forecaster.mlps.12.0.bias
    theta_R: forecaster.mlps.12.3.weight
    theta_R: forecaster.mlps.12.3.bias
    theta_R: forecaster.mlps.13.0.weight
    theta_R: forecaster.mlps.13.0.bias
    theta_R: forecaster.mlps.13.3.weight
    theta_R: forecaster.mlps.13.3.bias
    theta_R: forecaster.mlps.14.0.weight
    theta_R: forecaster.mlps.14.0.bias
    theta_R: forecaster.mlps.14.3.weight
    theta_R: forecaster.mlps.14.3.bias
    theta_R: forecaster.mlps.15.0.weight
    theta_R: forecaster.mlps.15.0.bias
    theta_R: forecaster.mlps.15.3.weight
    theta_R: forecaster.mlps.15.3.bias
    theta_R: forecaster.mlps.16.0.weight
    theta_R: forecaster.mlps.16.0.bias
    theta_R: forecaster.mlps.16.3.weight
    theta_R: forecaster.mlps.16.3.bias
    theta_R: forecaster.mlps.17.0.weight
    theta_R: forecaster.mlps.17.0.bias
    theta_R: forecaster.mlps.17.3.weight
    theta_R: forecaster.mlps.17.3.bias
    theta_R: forecaster.mlps.18.0.weight
    theta_R: forecaster.mlps.18.0.bias
    theta_R: forecaster.mlps.18.3.weight
    theta_R: forecaster.mlps.18.3.bias
    theta_R: forecaster.mlps.19.0.weight
    theta_R: forecaster.mlps.19.0.bias
    theta_R: forecaster.mlps.19.3.weight
    theta_R: forecaster.mlps.19.3.bias
Gradient routing parameter classification:
  Structural:        3 tensors, 900 params (1.4%)
  Reconstruction:  174 tensors, 65,420 params (98.6%)

  Structural parameters:
    theta_S: attention.inner_attention.query_norm_log_scale
    theta_S: query_embed_X.embedding.weight
    theta_S: query_embed_S.embedding.weight

  Reconstruction parameters:
    theta_R: embedding_S.embed_modules_list.0.embedding.mlps.0.0.weight
    theta_R: embedding_S.embed_modules_list.0.embedding.mlps.0.0.bias
    theta_R: embedding_S.embed_modules_list.0.embedding.mlps.0.3.weight
    theta_R: embedding_S.embed_modules_list.0.embedding.mlps.0.3.bias
    theta_R: embedding_S.embed_modules_list.0.embedding.mlps.1.0.weight
    theta_R: embedding_S.embed_modules_list.0.embedding.mlps.1.0.bias
    theta_R: embedding_S.embed_modules_list.0.embedding.mlps.1.3.weight
    theta_R: embedding_S.embed_modules_list.0.embedding.mlps.1.3.bias
    theta_R: embedding_S.embed_modules_list.1.embedding.embedding.weight
    theta_R: embedding_X.embed_modules_list.0.embedding.mlps.0.0.weight
    theta_R: embedding_X.embed_modules_list.0.embedding.mlps.0.0.bias
    theta_R: embedding_X.embed_modules_list.0.embedding.mlps.0.3.weight
    theta_R: embedding_X.embed_modules_list.0.embedding.mlps.0.3.bias
    theta_R: embedding_X.embed_modules_list.0.embedding.mlps.1.0.weight
    theta_R: embedding_X.embed_modules_list.0.embedding.mlps.1.0.bias
    theta_R: embedding_X.embed_modules_list.0.embedding.mlps.1.3.weight
    theta_R: embedding_X.embed_modules_list.0.embedding.mlps.1.3.bias
    theta_R: embedding_X.embed_modules_list.0.embedding.mlps.2.0.weight
    theta_R: embedding_X.embed_modules_list.0.embedding.mlps.2.0.bias
    theta_R: embedding_X.embed_modules_list.0.embedding.mlps.2.3.weight
    theta_R: embedding_X.embed_modules_list.0.embedding.mlps.2.3.bias
    theta_R: embedding_X.embed_modules_list.0.embedding.mlps.3.0.weight
    theta_R: embedding_X.embed_modules_list.0.embedding.mlps.3.0.bias
    theta_R: embedding_X.embed_modules_list.0.embedding.mlps.3.3.weight
    theta_R: embedding_X.embed_modules_list.0.embedding.mlps.3.3.bias
    theta_R: embedding_X.embed_modules_list.0.embedding.mlps.4.0.weight
    theta_R: embedding_X.embed_modules_list.0.embedding.mlps.4.0.bias
    theta_R: embedding_X.embed_modules_list.0.embedding.mlps.4.3.weight
    theta_R: embedding_X.embed_modules_list.0.embedding.mlps.4.3.bias
    theta_R: embedding_X.embed_modules_list.0.embedding.mlps.5.0.weight
    theta_R: embedding_X.embed_modules_list.0.embedding.mlps.5.0.bias
    theta_R: embedding_X.embed_modules_list.0.embedding.mlps.5.3.weight
    theta_R: embedding_X.embed_modules_list.0.embedding.mlps.5.3.bias
    theta_R: embedding_X.embed_modules_list.0.embedding.mlps.6.0.weight
    theta_R: embedding_X.embed_modules_list.0.embedding.mlps.6.0.bias
    theta_R: embedding_X.embed_modules_list.0.embedding.mlps.6.3.weight
    theta_R: embedding_X.embed_modules_list.0.embedding.mlps.6.3.bias
    theta_R: embedding_X.embed_modules_list.0.embedding.mlps.7.0.weight
    theta_R: embedding_X.embed_modules_list.0.embedding.mlps.7.0.bias
    theta_R: embedding_X.embed_modules_list.0.embedding.mlps.7.3.weight
    theta_R: embedding_X.embed_modules_list.0.embedding.mlps.7.3.bias
    theta_R: embedding_X.embed_modules_list.0.embedding.mlps.8.0.weight
    theta_R: embedding_X.embed_modules_list.0.embedding.mlps.8.0.bias
    theta_R: embedding_X.embed_modules_list.0.embedding.mlps.8.3.weight
    theta_R: embedding_X.embed_modules_list.0.embedding.mlps.8.3.bias
    theta_R: embedding_X.embed_modules_list.0.embedding.mlps.9.0.weight
    theta_R: embedding_X.embed_modules_list.0.embedding.mlps.9.0.bias
    theta_R: embedding_X.embed_modules_list.0.embedding.mlps.9.3.weight
    theta_R: embedding_X.embed_modules_list.0.embedding.mlps.9.3.bias
    theta_R: embedding_X.embed_modules_list.0.embedding.mlps.10.0.weight
    theta_R: embedding_X.embed_modules_list.0.embedding.mlps.10.0.bias
    theta_R: embedding_X.embed_modules_list.0.embedding.mlps.10.3.weight
    theta_R: embedding_X.embed_modules_list.0.embedding.mlps.10.3.bias
    theta_R: embedding_X.embed_modules_list.0.embedding.mlps.11.0.weight
    theta_R: embedding_X.embed_modules_list.0.embedding.mlps.11.0.bias
    theta_R: embedding_X.embed_modules_list.0.embedding.mlps.11.3.weight
    theta_R: embedding_X.embed_modules_list.0.embedding.mlps.11.3.bias
    theta_R: embedding_X.embed_modules_list.0.embedding.mlps.12.0.weight
    theta_R: embedding_X.embed_modules_list.0.embedding.mlps.12.0.bias
    theta_R: embedding_X.embed_modules_list.0.embedding.mlps.12.3.weight
    theta_R: embedding_X.embed_modules_list.0.embedding.mlps.12.3.bias
    theta_R: embedding_X.embed_modules_list.0.embedding.mlps.13.0.weight
    theta_R: embedding_X.embed_modules_list.0.embedding.mlps.13.0.bias
    theta_R: embedding_X.embed_modules_list.0.embedding.mlps.13.3.weight
    theta_R: embedding_X.embed_modules_list.0.embedding.mlps.13.3.bias
    theta_R: embedding_X.embed_modules_list.0.embedding.mlps.14.0.weight
    theta_R: embedding_X.embed_modules_list.0.embedding.mlps.14.0.bias
    theta_R: embedding_X.embed_modules_list.0.embedding.mlps.14.3.weight
    theta_R: embedding_X.embed_modules_list.0.embedding.mlps.14.3.bias
    theta_R: embedding_X.embed_modules_list.0.embedding.mlps.15.0.weight
    theta_R: embedding_X.embed_modules_list.0.embedding.mlps.15.0.bias
    theta_R: embedding_X.embed_modules_list.0.embedding.mlps.15.3.weight
    theta_R: embedding_X.embed_modules_list.0.embedding.mlps.15.3.bias
    theta_R: embedding_X.embed_modules_list.0.embedding.mlps.16.0.weight
    theta_R: embedding_X.embed_modules_list.0.embedding.mlps.16.0.bias
    theta_R: embedding_X.embed_modules_list.0.embedding.mlps.16.3.weight
    theta_R: embedding_X.embed_modules_list.0.embedding.mlps.16.3.bias
    theta_R: embedding_X.embed_modules_list.0.embedding.mlps.17.0.weight
    theta_R: embedding_X.embed_modules_list.0.embedding.mlps.17.0.bias
    theta_R: embedding_X.embed_modules_list.0.embedding.mlps.17.3.weight
    theta_R: embedding_X.embed_modules_list.0.embedding.mlps.17.3.bias
    theta_R: embedding_X.embed_modules_list.1.embedding.embedding.weight
    theta_R: attention.value_projection.weight
    theta_R: attention.value_projection.bias
    theta_R: attention.out_projection.weight
    theta_R: attention.out_projection.bias
    theta_R: norm1.norm.weight
    theta_R: norm1.norm.bias
    theta_R: norm2.norm.weight
    theta_R: norm2.norm.bias
    theta_R: linear1.weight
    theta_R: linear1.bias
    theta_R: linear2.weight
    theta_R: linear2.bias
    theta_R: forecaster.mlps.0.0.weight
    theta_R: forecaster.mlps.0.0.bias
    theta_R: forecaster.mlps.0.3.weight
    theta_R: forecaster.mlps.0.3.bias
    theta_R: forecaster.mlps.1.0.weight
    theta_R: forecaster.mlps.1.0.bias
    theta_R: forecaster.mlps.1.3.weight
    theta_R: forecaster.mlps.1.3.bias
    theta_R: forecaster.mlps.2.0.weight
    theta_R: forecaster.mlps.2.0.bias
    theta_R: forecaster.mlps.2.3.weight
    theta_R: forecaster.mlps.2.3.bias
    theta_R: forecaster.mlps.3.0.weight
    theta_R: forecaster.mlps.3.0.bias
    theta_R: forecaster.mlps.3.3.weight
    theta_R: forecaster.mlps.3.3.bias
    theta_R: forecaster.mlps.4.0.weight
    theta_R: forecaster.mlps.4.0.bias
    theta_R: forecaster.mlps.4.3.weight
    theta_R: forecaster.mlps.4.3.bias
    theta_R: forecaster.mlps.5.0.weight
    theta_R: forecaster.mlps.5.0.bias
    theta_R: forecaster.mlps.5.3.weight
    theta_R: forecaster.mlps.5.3.bias
    theta_R: forecaster.mlps.6.0.weight
    theta_R: forecaster.mlps.6.0.bias
    theta_R: forecaster.mlps.6.3.weight
    theta_R: forecaster.mlps.6.3.bias
    theta_R: forecaster.mlps.7.0.weight
    theta_R: forecaster.mlps.7.0.bias
    theta_R: forecaster.mlps.7.3.weight
    theta_R: forecaster.mlps.7.3.bias
    theta_R: forecaster.mlps.8.0.weight
    theta_R: forecaster.mlps.8.0.bias
    theta_R: forecaster.mlps.8.3.weight
    theta_R: forecaster.mlps.8.3.bias
    theta_R: forecaster.mlps.9.0.weight
    theta_R: forecaster.mlps.9.0.bias
    theta_R: forecaster.mlps.9.3.weight
    theta_R: forecaster.mlps.9.3.bias
    theta_R: forecaster.mlps.10.0.weight
    theta_R: forecaster.mlps.10.0.bias
    theta_R: forecaster.mlps.10.3.weight
    theta_R: forecaster.mlps.10.3.bias
    theta_R: forecaster.mlps.11.0.weight
    theta_R: forecaster.mlps.11.0.bias
    theta_R: forecaster.mlps.11.3.weight
    theta_R: forecaster.mlps.11.3.bias
    theta_R: forecaster.mlps.12.0.weight
    theta_R: forecaster.mlps.12.0.bias
    theta_R: forecaster.mlps.12.3.weight
    theta_R: forecaster.mlps.12.3.bias
    theta_R: forecaster.mlps.13.0.weight
    theta_R: forecaster.mlps.13.0.bias
    theta_R: forecaster.mlps.13.3.weight
    theta_R: forecaster.mlps.13.3.bias
    theta_R: forecaster.mlps.14.0.weight
    theta_R: forecaster.mlps.14.0.bias
    theta_R: forecaster.mlps.14.3.weight
    theta_R: forecaster.mlps.14.3.bias
    theta_R: forecaster.mlps.15.0.weight
    theta_R: forecaster.mlps.15.0.bias
    theta_R: forecaster.mlps.15.3.weight
    theta_R: forecaster.mlps.15.3.bias
    theta_R: forecaster.mlps.16.0.weight
    theta_R: forecaster.mlps.16.0.bias
    theta_R: forecaster.mlps.16.3.weight
    theta_R: forecaster.mlps.16.3.bias
    theta_R: forecaster.mlps.17.0.weight
    theta_R: forecaster.mlps.17.0.bias
    theta_R: forecaster.mlps.17.3.weight
    theta_R: forecaster.mlps.17.3.bias
    theta_R: forecaster.mlps.18.0.weight
    theta_R: forecaster.mlps.18.0.bias
    theta_R: forecaster.mlps.18.3.weight
    theta_R: forecaster.mlps.18.3.bias
    theta_R: forecaster.mlps.19.0.weight
    theta_R: forecaster.mlps.19.0.bias
    theta_R: forecaster.mlps.19.3.weight
    theta_R: forecaster.mlps.19.3.bias
p=0.05: epoch 999 done
Gradient routing parameter classification:
  Structural:        3 tensors, 900 params (1.4%)
  Reconstruction:  174 tensors, 65,420 params (98.6%)

  Structural parameters:
    theta_S: attention.inner_attention.query_norm_log_scale
    theta_S: query_embed_X.embedding.weight
    theta_S: query_embed_S.embedding.weight

  Reconstruction parameters:
    theta_R: embedding_S.embed_modules_list.0.embedding.mlps.0.0.weight
    theta_R: embedding_S.embed_modules_list.0.embedding.mlps.0.0.bias
    theta_R: embedding_S.embed_modules_list.0.embedding.mlps.0.3.weight
    theta_R: embedding_S.embed_modules_list.0.embedding.mlps.0.3.bias
    theta_R: embedding_S.embed_modules_list.0.embedding.mlps.1.0.weight
    theta_R: embedding_S.embed_modules_list.0.embedding.mlps.1.0.bias
    theta_R: embedding_S.embed_modules_list.0.embedding.mlps.1.3.weight
    theta_R: embedding_S.embed_modules_list.0.embedding.mlps.1.3.bias
    theta_R: embedding_S.embed_modules_list.1.embedding.embedding.weight
    theta_R: embedding_X.embed_modules_list.0.embedding.mlps.0.0.weight
    theta_R: embedding_X.embed_modules_list.0.embedding.mlps.0.0.bias
    theta_R: embedding_X.embed_modules_list.0.embedding.mlps.0.3.weight
    theta_R: embedding_X.embed_modules_list.0.embedding.mlps.0.3.bias
    theta_R: embedding_X.embed_modules_list.0.embedding.mlps.1.0.weight
    theta_R: embedding_X.embed_modules_list.0.embedding.mlps.1.0.bias
    theta_R: embedding_X.embed_modules_list.0.embedding.mlps.1.3.weight
    theta_R: embedding_X.embed_modules_list.0.embedding.mlps.1.3.bias
    theta_R: embedding_X.embed_modules_list.0.embedding.mlps.2.0.weight
    theta_R: embedding_X.embed_modules_list.0.embedding.mlps.2.0.bias
    theta_R: embedding_X.embed_modules_list.0.embedding.mlps.2.3.weight
    theta_R: embedding_X.embed_modules_list.0.embedding.mlps.2.3.bias
    theta_R: embedding_X.embed_modules_list.0.embedding.mlps.3.0.weight
    theta_R: embedding_X.embed_modules_list.0.embedding.mlps.3.0.bias
    theta_R: embedding_X.embed_modules_list.0.embedding.mlps.3.3.weight
    theta_R: embedding_X.embed_modules_list.0.embedding.mlps.3.3.bias
    theta_R: embedding_X.embed_modules_list.0.embedding.mlps.4.0.weight
    theta_R: embedding_X.embed_modules_list.0.embedding.mlps.4.0.bias
    theta_R: embedding_X.embed_modules_list.0.embedding.mlps.4.3.weight
    theta_R: embedding_X.embed_modules_list.0.embedding.mlps.4.3.bias
    theta_R: embedding_X.embed_modules_list.0.embedding.mlps.5.0.weight
    theta_R: embedding_X.embed_modules_list.0.embedding.mlps.5.0.bias
    theta_R: embedding_X.embed_modules_list.0.embedding.mlps.5.3.weight
    theta_R: embedding_X.embed_modules_list.0.embedding.mlps.5.3.bias
    theta_R: embedding_X.embed_modules_list.0.embedding.mlps.6.0.weight
    theta_R: embedding_X.embed_modules_list.0.embedding.mlps.6.0.bias
    theta_R: embedding_X.embed_modules_list.0.embedding.mlps.6.3.weight
    theta_R: embedding_X.embed_modules_list.0.embedding.mlps.6.3.bias
    theta_R: embedding_X.embed_modules_list.0.embedding.mlps.7.0.weight
    theta_R: embedding_X.embed_modules_list.0.embedding.mlps.7.0.bias
    theta_R: embedding_X.embed_modules_list.0.embedding.mlps.7.3.weight
    theta_R: embedding_X.embed_modules_list.0.embedding.mlps.7.3.bias
    theta_R: embedding_X.embed_modules_list.0.embedding.mlps.8.0.weight
    theta_R: embedding_X.embed_modules_list.0.embedding.mlps.8.0.bias
    theta_R: embedding_X.embed_modules_list.0.embedding.mlps.8.3.weight
    theta_R: embedding_X.embed_modules_list.0.embedding.mlps.8.3.bias
    theta_R: embedding_X.embed_modules_list.0.embedding.mlps.9.0.weight
    theta_R: embedding_X.embed_modules_list.0.embedding.mlps.9.0.bias
    theta_R: embedding_X.embed_modules_list.0.embedding.mlps.9.3.weight
    theta_R: embedding_X.embed_modules_list.0.embedding.mlps.9.3.bias
    theta_R: embedding_X.embed_modules_list.0.embedding.mlps.10.0.weight
    theta_R: embedding_X.embed_modules_list.0.embedding.mlps.10.0.bias
    theta_R: embedding_X.embed_modules_list.0.embedding.mlps.10.3.weight
    theta_R: embedding_X.embed_modules_list.0.embedding.mlps.10.3.bias
    theta_R: embedding_X.embed_modules_list.0.embedding.mlps.11.0.weight
    theta_R: embedding_X.embed_modules_list.0.embedding.mlps.11.0.bias
    theta_R: embedding_X.embed_modules_list.0.embedding.mlps.11.3.weight
    theta_R: embedding_X.embed_modules_list.0.embedding.mlps.11.3.bias
    theta_R: embedding_X.embed_modules_list.0.embedding.mlps.12.0.weight
    theta_R: embedding_X.embed_modules_list.0.embedding.mlps.12.0.bias
    theta_R: embedding_X.embed_modules_list.0.embedding.mlps.12.3.weight
    theta_R: embedding_X.embed_modules_list.0.embedding.mlps.12.3.bias
    theta_R: embedding_X.embed_modules_list.0.embedding.mlps.13.0.weight
    theta_R: embedding_X.embed_modules_list.0.embedding.mlps.13.0.bias
    theta_R: embedding_X.embed_modules_list.0.embedding.mlps.13.3.weight
    theta_R: embedding_X.embed_modules_list.0.embedding.mlps.13.3.bias
    theta_R: embedding_X.embed_modules_list.0.embedding.mlps.14.0.weight
    theta_R: embedding_X.embed_modules_list.0.embedding.mlps.14.0.bias
    theta_R: embedding_X.embed_modules_list.0.embedding.mlps.14.3.weight
    theta_R: embedding_X.embed_modules_list.0.embedding.mlps.14.3.bias
    theta_R: embedding_X.embed_modules_list.0.embedding.mlps.15.0.weight
    theta_R: embedding_X.embed_modules_list.0.embedding.mlps.15.0.bias
    theta_R: embedding_X.embed_modules_list.0.embedding.mlps.15.3.weight
    theta_R: embedding_X.embed_modules_list.0.embedding.mlps.15.3.bias
    theta_R: embedding_X.embed_modules_list.0.embedding.mlps.16.0.weight
    theta_R: embedding_X.embed_modules_list.0.embedding.mlps.16.0.bias
    theta_R: embedding_X.embed_modules_list.0.embedding.mlps.16.3.weight
    theta_R: embedding_X.embed_modules_list.0.embedding.mlps.16.3.bias
    theta_R: embedding_X.embed_modules_list.0.embedding.mlps.17.0.weight
    theta_R: embedding_X.embed_modules_list.0.embedding.mlps.17.0.bias
    theta_R: embedding_X.embed_modules_list.0.embedding.mlps.17.3.weight
    theta_R: embedding_X.embed_modules_list.0.embedding.mlps.17.3.bias
    theta_R: embedding_X.embed_modules_list.1.embedding.embedding.weight
    theta_R: attention.value_projection.weight
    theta_R: attention.value_projection.bias
    theta_R: attention.out_projection.weight
    theta_R: attention.out_projection.bias
    theta_R: norm1.norm.weight
    theta_R: norm1.norm.bias
    theta_R: norm2.norm.weight
    theta_R: norm2.norm.bias
    theta_R: linear1.weight
    theta_R: linear1.bias
    theta_R: linear2.weight
    theta_R: linear2.bias
    theta_R: forecaster.mlps.0.0.weight
    theta_R: forecaster.mlps.0.0.bias
    theta_R: forecaster.mlps.0.3.weight
    theta_R: forecaster.mlps.0.3.bias
    theta_R: forecaster.mlps.1.0.weight
    theta_R: forecaster.mlps.1.0.bias
    theta_R: forecaster.mlps.1.3.weight
    theta_R: forecaster.mlps.1.3.bias
    theta_R: forecaster.mlps.2.0.weight
    theta_R: forecaster.mlps.2.0.bias
    theta_R: forecaster.mlps.2.3.weight
    theta_R: forecaster.mlps.2.3.bias
    theta_R: forecaster.mlps.3.0.weight
    theta_R: forecaster.mlps.3.0.bias
    theta_R: forecaster.mlps.3.3.weight
    theta_R: forecaster.mlps.3.3.bias
    theta_R: forecaster.mlps.4.0.weight
    theta_R: forecaster.mlps.4.0.bias
    theta_R: forecaster.mlps.4.3.weight
    theta_R: forecaster.mlps.4.3.bias
    theta_R: forecaster.mlps.5.0.weight
    theta_R: forecaster.mlps.5.0.bias
    theta_R: forecaster.mlps.5.3.weight
    theta_R: forecaster.mlps.5.3.bias
    theta_R: forecaster.mlps.6.0.weight
    theta_R: forecaster.mlps.6.0.bias
    theta_R: forecaster.mlps.6.3.weight
    theta_R: forecaster.mlps.6.3.bias
    theta_R: forecaster.mlps.7.0.weight
    theta_R: forecaster.mlps.7.0.bias
    theta_R: forecaster.mlps.7.3.weight
    theta_R: forecaster.mlps.7.3.bias
    theta_R: forecaster.mlps.8.0.weight
    theta_R: forecaster.mlps.8.0.bias
    theta_R: forecaster.mlps.8.3.weight
    theta_R: forecaster.mlps.8.3.bias
    theta_R: forecaster.mlps.9.0.weight
    theta_R: forecaster.mlps.9.0.bias
    theta_R: forecaster.mlps.9.3.weight
    theta_R: forecaster.mlps.9.3.bias
    theta_R: forecaster.mlps.10.0.weight
    theta_R: forecaster.mlps.10.0.bias
    theta_R: forecaster.mlps.10.3.weight
    theta_R: forecaster.mlps.10.3.bias
    theta_R: forecaster.mlps.11.0.weight
    theta_R: forecaster.mlps.11.0.bias
    theta_R: forecaster.mlps.11.3.weight
    theta_R: forecaster.mlps.11.3.bias
    theta_R: forecaster.mlps.12.0.weight
    theta_R: forecaster.mlps.12.0.bias
    theta_R: forecaster.mlps.12.3.weight
    theta_R: forecaster.mlps.12.3.bias
    theta_R: forecaster.mlps.13.0.weight
    theta_R: forecaster.mlps.13.0.bias
    theta_R: forecaster.mlps.13.3.weight
    theta_R: forecaster.mlps.13.3.bias
    theta_R: forecaster.mlps.14.0.weight
    theta_R: forecaster.mlps.14.0.bias
    theta_R: forecaster.mlps.14.3.weight
    theta_R: forecaster.mlps.14.3.bias
    theta_R: forecaster.mlps.15.0.weight
    theta_R: forecaster.mlps.15.0.bias
    theta_R: forecaster.mlps.15.3.weight
    theta_R: forecaster.mlps.15.3.bias
    theta_R: forecaster.mlps.16.0.weight
    theta_R: forecaster.mlps.16.0.bias
    theta_R: forecaster.mlps.16.3.weight
    theta_R: forecaster.mlps.16.3.bias
    theta_R: forecaster.mlps.17.0.weight
    theta_R: forecaster.mlps.17.0.bias
    theta_R: forecaster.mlps.17.3.weight
    theta_R: forecaster.mlps.17.3.bias
    theta_R: forecaster.mlps.18.0.weight
    theta_R: forecaster.mlps.18.0.bias
    theta_R: forecaster.mlps.18.3.weight
    theta_R: forecaster.mlps.18.3.bias
    theta_R: forecaster.mlps.19.0.weight
    theta_R: forecaster.mlps.19.0.bias
    theta_R: forecaster.mlps.19.3.weight
    theta_R: forecaster.mlps.19.3.bias
Gradient routing parameter classification:
  Structural:        3 tensors, 900 params (1.4%)
  Reconstruction:  174 tensors, 65,420 params (98.6%)

  Structural parameters:
    theta_S: attention.inner_attention.query_norm_log_scale
    theta_S: query_embed_X.embedding.weight
    theta_S: query_embed_S.embedding.weight

  Reconstruction parameters:
    theta_R: embedding_S.embed_modules_list.0.embedding.mlps.0.0.weight
    theta_R: embedding_S.embed_modules_list.0.embedding.mlps.0.0.bias
    theta_R: embedding_S.embed_modules_list.0.embedding.mlps.0.3.weight
    theta_R: embedding_S.embed_modules_list.0.embedding.mlps.0.3.bias
    theta_R: embedding_S.embed_modules_list.0.embedding.mlps.1.0.weight
    theta_R: embedding_S.embed_modules_list.0.embedding.mlps.1.0.bias
    theta_R: embedding_S.embed_modules_list.0.embedding.mlps.1.3.weight
    theta_R: embedding_S.embed_modules_list.0.embedding.mlps.1.3.bias
    theta_R: embedding_S.embed_modules_list.1.embedding.embedding.weight
    theta_R: embedding_X.embed_modules_list.0.embedding.mlps.0.0.weight
    theta_R: embedding_X.embed_modules_list.0.embedding.mlps.0.0.bias
    theta_R: embedding_X.embed_modules_list.0.embedding.mlps.0.3.weight
    theta_R: embedding_X.embed_modules_list.0.embedding.mlps.0.3.bias
    theta_R: embedding_X.embed_modules_list.0.embedding.mlps.1.0.weight
    theta_R: embedding_X.embed_modules_list.0.embedding.mlps.1.0.bias
    theta_R: embedding_X.embed_modules_list.0.embedding.mlps.1.3.weight
    theta_R: embedding_X.embed_modules_list.0.embedding.mlps.1.3.bias
    theta_R: embedding_X.embed_modules_list.0.embedding.mlps.2.0.weight
    theta_R: embedding_X.embed_modules_list.0.embedding.mlps.2.0.bias
    theta_R: embedding_X.embed_modules_list.0.embedding.mlps.2.3.weight
    theta_R: embedding_X.embed_modules_list.0.embedding.mlps.2.3.bias
    theta_R: embedding_X.embed_modules_list.0.embedding.mlps.3.0.weight
    theta_R: embedding_X.embed_modules_list.0.embedding.mlps.3.0.bias
    theta_R: embedding_X.embed_modules_list.0.embedding.mlps.3.3.weight
    theta_R: embedding_X.embed_modules_list.0.embedding.mlps.3.3.bias
    theta_R: embedding_X.embed_modules_list.0.embedding.mlps.4.0.weight
    theta_R: embedding_X.embed_modules_list.0.embedding.mlps.4.0.bias
    theta_R: embedding_X.embed_modules_list.0.embedding.mlps.4.3.weight
    theta_R: embedding_X.embed_modules_list.0.embedding.mlps.4.3.bias
    theta_R: embedding_X.embed_modules_list.0.embedding.mlps.5.0.weight
    theta_R: embedding_X.embed_modules_list.0.embedding.mlps.5.0.bias
    theta_R: embedding_X.embed_modules_list.0.embedding.mlps.5.3.weight
    theta_R: embedding_X.embed_modules_list.0.embedding.mlps.5.3.bias
    theta_R: embedding_X.embed_modules_list.0.embedding.mlps.6.0.weight
    theta_R: embedding_X.embed_modules_list.0.embedding.mlps.6.0.bias
    theta_R: embedding_X.embed_modules_list.0.embedding.mlps.6.3.weight
    theta_R: embedding_X.embed_modules_list.0.embedding.mlps.6.3.bias
    theta_R: embedding_X.embed_modules_list.0.embedding.mlps.7.0.weight
    theta_R: embedding_X.embed_modules_list.0.embedding.mlps.7.0.bias
    theta_R: embedding_X.embed_modules_list.0.embedding.mlps.7.3.weight
    theta_R: embedding_X.embed_modules_list.0.embedding.mlps.7.3.bias
    theta_R: embedding_X.embed_modules_list.0.embedding.mlps.8.0.weight
    theta_R: embedding_X.embed_modules_list.0.embedding.mlps.8.0.bias
    theta_R: embedding_X.embed_modules_list.0.embedding.mlps.8.3.weight
    theta_R: embedding_X.embed_modules_list.0.embedding.mlps.8.3.bias
    theta_R: embedding_X.embed_modules_list.0.embedding.mlps.9.0.weight
    theta_R: embedding_X.embed_modules_list.0.embedding.mlps.9.0.bias
    theta_R: embedding_X.embed_modules_list.0.embedding.mlps.9.3.weight
    theta_R: embedding_X.embed_modules_list.0.embedding.mlps.9.3.bias
    theta_R: embedding_X.embed_modules_list.0.embedding.mlps.10.0.weight
    theta_R: embedding_X.embed_modules_list.0.embedding.mlps.10.0.bias
    theta_R: embedding_X.embed_modules_list.0.embedding.mlps.10.3.weight
    theta_R: embedding_X.embed_modules_list.0.embedding.mlps.10.3.bias
    theta_R: embedding_X.embed_modules_list.0.embedding.mlps.11.0.weight
    theta_R: embedding_X.embed_modules_list.0.embedding.mlps.11.0.bias
    theta_R: embedding_X.embed_modules_list.0.embedding.mlps.11.3.weight
    theta_R: embedding_X.embed_modules_list.0.embedding.mlps.11.3.bias
    theta_R: embedding_X.embed_modules_list.0.embedding.mlps.12.0.weight
    theta_R: embedding_X.embed_modules_list.0.embedding.mlps.12.0.bias
    theta_R: embedding_X.embed_modules_list.0.embedding.mlps.12.3.weight
    theta_R: embedding_X.embed_modules_list.0.embedding.mlps.12.3.bias
    theta_R: embedding_X.embed_modules_list.0.embedding.mlps.13.0.weight
    theta_R: embedding_X.embed_modules_list.0.embedding.mlps.13.0.bias
    theta_R: embedding_X.embed_modules_list.0.embedding.mlps.13.3.weight
    theta_R: embedding_X.embed_modules_list.0.embedding.mlps.13.3.bias
    theta_R: embedding_X.embed_modules_list.0.embedding.mlps.14.0.weight
    theta_R: embedding_X.embed_modules_list.0.embedding.mlps.14.0.bias
    theta_R: embedding_X.embed_modules_list.0.embedding.mlps.14.3.weight
    theta_R: embedding_X.embed_modules_list.0.embedding.mlps.14.3.bias
    theta_R: embedding_X.embed_modules_list.0.embedding.mlps.15.0.weight
    theta_R: embedding_X.embed_modules_list.0.embedding.mlps.15.0.bias
    theta_R: embedding_X.embed_modules_list.0.embedding.mlps.15.3.weight
    theta_R: embedding_X.embed_modules_list.0.embedding.mlps.15.3.bias
    theta_R: embedding_X.embed_modules_list.0.embedding.mlps.16.0.weight
    theta_R: embedding_X.embed_modules_list.0.embedding.mlps.16.0.bias
    theta_R: embedding_X.embed_modules_list.0.embedding.mlps.16.3.weight
    theta_R: embedding_X.embed_modules_list.0.embedding.mlps.16.3.bias
    theta_R: embedding_X.embed_modules_list.0.embedding.mlps.17.0.weight
    theta_R: embedding_X.embed_modules_list.0.embedding.mlps.17.0.bias
    theta_R: embedding_X.embed_modules_list.0.embedding.mlps.17.3.weight
    theta_R: embedding_X.embed_modules_list.0.embedding.mlps.17.3.bias
    theta_R: embedding_X.embed_modules_list.1.embedding.embedding.weight
    theta_R: attention.value_projection.weight
    theta_R: attention.value_projection.bias
    theta_R: attention.out_projection.weight
    theta_R: attention.out_projection.bias
    theta_R: norm1.norm.weight
    theta_R: norm1.norm.bias
    theta_R: norm2.norm.weight
    theta_R: norm2.norm.bias
    theta_R: linear1.weight
    theta_R: linear1.bias
    theta_R: linear2.weight
    theta_R: linear2.bias
    theta_R: forecaster.mlps.0.0.weight
    theta_R: forecaster.mlps.0.0.bias
    theta_R: forecaster.mlps.0.3.weight
    theta_R: forecaster.mlps.0.3.bias
    theta_R: forecaster.mlps.1.0.weight
    theta_R: forecaster.mlps.1.0.bias
    theta_R: forecaster.mlps.1.3.weight
    theta_R: forecaster.mlps.1.3.bias
    theta_R: forecaster.mlps.2.0.weight
    theta_R: forecaster.mlps.2.0.bias
    theta_R: forecaster.mlps.2.3.weight
    theta_R: forecaster.mlps.2.3.bias
    theta_R: forecaster.mlps.3.0.weight
    theta_R: forecaster.mlps.3.0.bias
    theta_R: forecaster.mlps.3.3.weight
    theta_R: forecaster.mlps.3.3.bias
    theta_R: forecaster.mlps.4.0.weight
    theta_R: forecaster.mlps.4.0.bias
    theta_R: forecaster.mlps.4.3.weight
    theta_R: forecaster.mlps.4.3.bias
    theta_R: forecaster.mlps.5.0.weight
    theta_R: forecaster.mlps.5.0.bias
    theta_R: forecaster.mlps.5.3.weight
    theta_R: forecaster.mlps.5.3.bias
    theta_R: forecaster.mlps.6.0.weight
    theta_R: forecaster.mlps.6.0.bias
    theta_R: forecaster.mlps.6.3.weight
    theta_R: forecaster.mlps.6.3.bias
    theta_R: forecaster.mlps.7.0.weight
    theta_R: forecaster.mlps.7.0.bias
    theta_R: forecaster.mlps.7.3.weight
    theta_R: forecaster.mlps.7.3.bias
    theta_R: forecaster.mlps.8.0.weight
    theta_R: forecaster.mlps.8.0.bias
    theta_R: forecaster.mlps.8.3.weight
    theta_R: forecaster.mlps.8.3.bias
    theta_R: forecaster.mlps.9.0.weight
    theta_R: forecaster.mlps.9.0.bias
    theta_R: forecaster.mlps.9.3.weight
    theta_R: forecaster.mlps.9.3.bias
    theta_R: forecaster.mlps.10.0.weight
    theta_R: forecaster.mlps.10.0.bias
    theta_R: forecaster.mlps.10.3.weight
    theta_R: forecaster.mlps.10.3.bias
    theta_R: forecaster.mlps.11.0.weight
    theta_R: forecaster.mlps.11.0.bias
    theta_R: forecaster.mlps.11.3.weight
    theta_R: forecaster.mlps.11.3.bias
    theta_R: forecaster.mlps.12.0.weight
    theta_R: forecaster.mlps.12.0.bias
    theta_R: forecaster.mlps.12.3.weight
    theta_R: forecaster.mlps.12.3.bias
    theta_R: forecaster.mlps.13.0.weight
    theta_R: forecaster.mlps.13.0.bias
    theta_R: forecaster.mlps.13.3.weight
    theta_R: forecaster.mlps.13.3.bias
    theta_R: forecaster.mlps.14.0.weight
    theta_R: forecaster.mlps.14.0.bias
    theta_R: forecaster.mlps.14.3.weight
    theta_R: forecaster.mlps.14.3.bias
    theta_R: forecaster.mlps.15.0.weight
    theta_R: forecaster.mlps.15.0.bias
    theta_R: forecaster.mlps.15.3.weight
    theta_R: forecaster.mlps.15.3.bias
    theta_R: forecaster.mlps.16.0.weight
    theta_R: forecaster.mlps.16.0.bias
    theta_R: forecaster.mlps.16.3.weight
    theta_R: forecaster.mlps.16.3.bias
    theta_R: forecaster.mlps.17.0.weight
    theta_R: forecaster.mlps.17.0.bias
    theta_R: forecaster.mlps.17.3.weight
    theta_R: forecaster.mlps.17.3.bias
    theta_R: forecaster.mlps.18.0.weight
    theta_R: forecaster.mlps.18.0.bias
    theta_R: forecaster.mlps.18.3.weight
    theta_R: forecaster.mlps.18.3.bias
    theta_R: forecaster.mlps.19.0.weight
    theta_R: forecaster.mlps.19.0.bias
    theta_R: forecaster.mlps.19.3.weight
    theta_R: forecaster.mlps.19.3.bias
p=0.1: epoch 499 done
Gradient routing parameter classification:
  Structural:        3 tensors, 900 params (1.4%)
  Reconstruction:  174 tensors, 65,420 params (98.6%)

  Structural parameters:
    theta_S: attention.inner_attention.query_norm_log_scale
    theta_S: query_embed_X.embedding.weight
    theta_S: query_embed_S.embedding.weight

  Reconstruction parameters:
    theta_R: embedding_S.embed_modules_list.0.embedding.mlps.0.0.weight
    theta_R: embedding_S.embed_modules_list.0.embedding.mlps.0.0.bias
    theta_R: embedding_S.embed_modules_list.0.embedding.mlps.0.3.weight
    theta_R: embedding_S.embed_modules_list.0.embedding.mlps.0.3.bias
    theta_R: embedding_S.embed_modules_list.0.embedding.mlps.1.0.weight
    theta_R: embedding_S.embed_modules_list.0.embedding.mlps.1.0.bias
    theta_R: embedding_S.embed_modules_list.0.embedding.mlps.1.3.weight
    theta_R: embedding_S.embed_modules_list.0.embedding.mlps.1.3.bias
    theta_R: embedding_S.embed_modules_list.1.embedding.embedding.weight
    theta_R: embedding_X.embed_modules_list.0.embedding.mlps.0.0.weight
    theta_R: embedding_X.embed_modules_list.0.embedding.mlps.0.0.bias
    theta_R: embedding_X.embed_modules_list.0.embedding.mlps.0.3.weight
    theta_R: embedding_X.embed_modules_list.0.embedding.mlps.0.3.bias
    theta_R: embedding_X.embed_modules_list.0.embedding.mlps.1.0.weight
    theta_R: embedding_X.embed_modules_list.0.embedding.mlps.1.0.bias
    theta_R: embedding_X.embed_modules_list.0.embedding.mlps.1.3.weight
    theta_R: embedding_X.embed_modules_list.0.embedding.mlps.1.3.bias
    theta_R: embedding_X.embed_modules_list.0.embedding.mlps.2.0.weight
    theta_R: embedding_X.embed_modules_list.0.embedding.mlps.2.0.bias
    theta_R: embedding_X.embed_modules_list.0.embedding.mlps.2.3.weight
    theta_R: embedding_X.embed_modules_list.0.embedding.mlps.2.3.bias
    theta_R: embedding_X.embed_modules_list.0.embedding.mlps.3.0.weight
    theta_R: embedding_X.embed_modules_list.0.embedding.mlps.3.0.bias
    theta_R: embedding_X.embed_modules_list.0.embedding.mlps.3.3.weight
    theta_R: embedding_X.embed_modules_list.0.embedding.mlps.3.3.bias
    theta_R: embedding_X.embed_modules_list.0.embedding.mlps.4.0.weight
    theta_R: embedding_X.embed_modules_list.0.embedding.mlps.4.0.bias
    theta_R: embedding_X.embed_modules_list.0.embedding.mlps.4.3.weight
    theta_R: embedding_X.embed_modules_list.0.embedding.mlps.4.3.bias
    theta_R: embedding_X.embed_modules_list.0.embedding.mlps.5.0.weight
    theta_R: embedding_X.embed_modules_list.0.embedding.mlps.5.0.bias
    theta_R: embedding_X.embed_modules_list.0.embedding.mlps.5.3.weight
    theta_R: embedding_X.embed_modules_list.0.embedding.mlps.5.3.bias
    theta_R: embedding_X.embed_modules_list.0.embedding.mlps.6.0.weight
    theta_R: embedding_X.embed_modules_list.0.embedding.mlps.6.0.bias
    theta_R: embedding_X.embed_modules_list.0.embedding.mlps.6.3.weight
    theta_R: embedding_X.embed_modules_list.0.embedding.mlps.6.3.bias
    theta_R: embedding_X.embed_modules_list.0.embedding.mlps.7.0.weight
    theta_R: embedding_X.embed_modules_list.0.embedding.mlps.7.0.bias
    theta_R: embedding_X.embed_modules_list.0.embedding.mlps.7.3.weight
    theta_R: embedding_X.embed_modules_list.0.embedding.mlps.7.3.bias
    theta_R: embedding_X.embed_modules_list.0.embedding.mlps.8.0.weight
    theta_R: embedding_X.embed_modules_list.0.embedding.mlps.8.0.bias
    theta_R: embedding_X.embed_modules_list.0.embedding.mlps.8.3.weight
    theta_R: embedding_X.embed_modules_list.0.embedding.mlps.8.3.bias
    theta_R: embedding_X.embed_modules_list.0.embedding.mlps.9.0.weight
    theta_R: embedding_X.embed_modules_list.0.embedding.mlps.9.0.bias
    theta_R: embedding_X.embed_modules_list.0.embedding.mlps.9.3.weight
    theta_R: embedding_X.embed_modules_list.0.embedding.mlps.9.3.bias
    theta_R: embedding_X.embed_modules_list.0.embedding.mlps.10.0.weight
    theta_R: embedding_X.embed_modules_list.0.embedding.mlps.10.0.bias
    theta_R: embedding_X.embed_modules_list.0.embedding.mlps.10.3.weight
    theta_R: embedding_X.embed_modules_list.0.embedding.mlps.10.3.bias
    theta_R: embedding_X.embed_modules_list.0.embedding.mlps.11.0.weight
    theta_R: embedding_X.embed_modules_list.0.embedding.mlps.11.0.bias
    theta_R: embedding_X.embed_modules_list.0.embedding.mlps.11.3.weight
    theta_R: embedding_X.embed_modules_list.0.embedding.mlps.11.3.bias
    theta_R: embedding_X.embed_modules_list.0.embedding.mlps.12.0.weight
    theta_R: embedding_X.embed_modules_list.0.embedding.mlps.12.0.bias
    theta_R: embedding_X.embed_modules_list.0.embedding.mlps.12.3.weight
    theta_R: embedding_X.embed_modules_list.0.embedding.mlps.12.3.bias
    theta_R: embedding_X.embed_modules_list.0.embedding.mlps.13.0.weight
    theta_R: embedding_X.embed_modules_list.0.embedding.mlps.13.0.bias
    theta_R: embedding_X.embed_modules_list.0.embedding.mlps.13.3.weight
    theta_R: embedding_X.embed_modules_list.0.embedding.mlps.13.3.bias
    theta_R: embedding_X.embed_modules_list.0.embedding.mlps.14.0.weight
    theta_R: embedding_X.embed_modules_list.0.embedding.mlps.14.0.bias
    theta_R: embedding_X.embed_modules_list.0.embedding.mlps.14.3.weight
    theta_R: embedding_X.embed_modules_list.0.embedding.mlps.14.3.bias
    theta_R: embedding_X.embed_modules_list.0.embedding.mlps.15.0.weight
    theta_R: embedding_X.embed_modules_list.0.embedding.mlps.15.0.bias
    theta_R: embedding_X.embed_modules_list.0.embedding.mlps.15.3.weight
    theta_R: embedding_X.embed_modules_list.0.embedding.mlps.15.3.bias
    theta_R: embedding_X.embed_modules_list.0.embedding.mlps.16.0.weight
    theta_R: embedding_X.embed_modules_list.0.embedding.mlps.16.0.bias
    theta_R: embedding_X.embed_modules_list.0.embedding.mlps.16.3.weight
    theta_R: embedding_X.embed_modules_list.0.embedding.mlps.16.3.bias
    theta_R: embedding_X.embed_modules_list.0.embedding.mlps.17.0.weight
    theta_R: embedding_X.embed_modules_list.0.embedding.mlps.17.0.bias
    theta_R: embedding_X.embed_modules_list.0.embedding.mlps.17.3.weight
    theta_R: embedding_X.embed_modules_list.0.embedding.mlps.17.3.bias
    theta_R: embedding_X.embed_modules_list.1.embedding.embedding.weight
    theta_R: attention.value_projection.weight
    theta_R: attention.value_projection.bias
    theta_R: attention.out_projection.weight
    theta_R: attention.out_projection.bias
    theta_R: norm1.norm.weight
    theta_R: norm1.norm.bias
    theta_R: norm2.norm.weight
    theta_R: norm2.norm.bias
    theta_R: linear1.weight
    theta_R: linear1.bias
    theta_R: linear2.weight
    theta_R: linear2.bias
    theta_R: forecaster.mlps.0.0.weight
    theta_R: forecaster.mlps.0.0.bias
    theta_R: forecaster.mlps.0.3.weight
    theta_R: forecaster.mlps.0.3.bias
    theta_R: forecaster.mlps.1.0.weight
    theta_R: forecaster.mlps.1.0.bias
    theta_R: forecaster.mlps.1.3.weight
    theta_R: forecaster.mlps.1.3.bias
    theta_R: forecaster.mlps.2.0.weight
    theta_R: forecaster.mlps.2.0.bias
    theta_R: forecaster.mlps.2.3.weight
    theta_R: forecaster.mlps.2.3.bias
    theta_R: forecaster.mlps.3.0.weight
    theta_R: forecaster.mlps.3.0.bias
    theta_R: forecaster.mlps.3.3.weight
    theta_R: forecaster.mlps.3.3.bias
    theta_R: forecaster.mlps.4.0.weight
    theta_R: forecaster.mlps.4.0.bias
    theta_R: forecaster.mlps.4.3.weight
    theta_R: forecaster.mlps.4.3.bias
    theta_R: forecaster.mlps.5.0.weight
    theta_R: forecaster.mlps.5.0.bias
    theta_R: forecaster.mlps.5.3.weight
    theta_R: forecaster.mlps.5.3.bias
    theta_R: forecaster.mlps.6.0.weight
    theta_R: forecaster.mlps.6.0.bias
    theta_R: forecaster.mlps.6.3.weight
    theta_R: forecaster.mlps.6.3.bias
    theta_R: forecaster.mlps.7.0.weight
    theta_R: forecaster.mlps.7.0.bias
    theta_R: forecaster.mlps.7.3.weight
    theta_R: forecaster.mlps.7.3.bias
    theta_R: forecaster.mlps.8.0.weight
    theta_R: forecaster.mlps.8.0.bias
    theta_R: forecaster.mlps.8.3.weight
    theta_R: forecaster.mlps.8.3.bias
    theta_R: forecaster.mlps.9.0.weight
    theta_R: forecaster.mlps.9.0.bias
    theta_R: forecaster.mlps.9.3.weight
    theta_R: forecaster.mlps.9.3.bias
    theta_R: forecaster.mlps.10.0.weight
    theta_R: forecaster.mlps.10.0.bias
    theta_R: forecaster.mlps.10.3.weight
    theta_R: forecaster.mlps.10.3.bias
    theta_R: forecaster.mlps.11.0.weight
    theta_R: forecaster.mlps.11.0.bias
    theta_R: forecaster.mlps.11.3.weight
    theta_R: forecaster.mlps.11.3.bias
    theta_R: forecaster.mlps.12.0.weight
    theta_R: forecaster.mlps.12.0.bias
    theta_R: forecaster.mlps.12.3.weight
    theta_R: forecaster.mlps.12.3.bias
    theta_R: forecaster.mlps.13.0.weight
    theta_R: forecaster.mlps.13.0.bias
    theta_R: forecaster.mlps.13.3.weight
    theta_R: forecaster.mlps.13.3.bias
    theta_R: forecaster.mlps.14.0.weight
    theta_R: forecaster.mlps.14.0.bias
    theta_R: forecaster.mlps.14.3.weight
    theta_R: forecaster.mlps.14.3.bias
    theta_R: forecaster.mlps.15.0.weight
    theta_R: forecaster.mlps.15.0.bias
    theta_R: forecaster.mlps.15.3.weight
    theta_R: forecaster.mlps.15.3.bias
    theta_R: forecaster.mlps.16.0.weight
    theta_R: forecaster.mlps.16.0.bias
    theta_R: forecaster.mlps.16.3.weight
    theta_R: forecaster.mlps.16.3.bias
    theta_R: forecaster.mlps.17.0.weight
    theta_R: forecaster.mlps.17.0.bias
    theta_R: forecaster.mlps.17.3.weight
    theta_R: forecaster.mlps.17.3.bias
    theta_R: forecaster.mlps.18.0.weight
    theta_R: forecaster.mlps.18.0.bias
    theta_R: forecaster.mlps.18.3.weight
    theta_R: forecaster.mlps.18.3.bias
    theta_R: forecaster.mlps.19.0.weight
    theta_R: forecaster.mlps.19.0.bias
    theta_R: forecaster.mlps.19.3.weight
    theta_R: forecaster.mlps.19.3.bias
Gradient routing parameter classification:
  Structural:        3 tensors, 900 params (1.4%)
  Reconstruction:  174 tensors, 65,420 params (98.6%)

  Structural parameters:
    theta_S: attention.inner_attention.query_norm_log_scale
    theta_S: query_embed_X.embedding.weight
    theta_S: query_embed_S.embedding.weight

  Reconstruction parameters:
    theta_R: embedding_S.embed_modules_list.0.embedding.mlps.0.0.weight
    theta_R: embedding_S.embed_modules_list.0.embedding.mlps.0.0.bias
    theta_R: embedding_S.embed_modules_list.0.embedding.mlps.0.3.weight
    theta_R: embedding_S.embed_modules_list.0.embedding.mlps.0.3.bias
    theta_R: embedding_S.embed_modules_list.0.embedding.mlps.1.0.weight
    theta_R: embedding_S.embed_modules_list.0.embedding.mlps.1.0.bias
    theta_R: embedding_S.embed_modules_list.0.embedding.mlps.1.3.weight
    theta_R: embedding_S.embed_modules_list.0.embedding.mlps.1.3.bias
    theta_R: embedding_S.embed_modules_list.1.embedding.embedding.weight
    theta_R: embedding_X.embed_modules_list.0.embedding.mlps.0.0.weight
    theta_R: embedding_X.embed_modules_list.0.embedding.mlps.0.0.bias
    theta_R: embedding_X.embed_modules_list.0.embedding.mlps.0.3.weight
    theta_R: embedding_X.embed_modules_list.0.embedding.mlps.0.3.bias
    theta_R: embedding_X.embed_modules_list.0.embedding.mlps.1.0.weight
    theta_R: embedding_X.embed_modules_list.0.embedding.mlps.1.0.bias
    theta_R: embedding_X.embed_modules_list.0.embedding.mlps.1.3.weight
    theta_R: embedding_X.embed_modules_list.0.embedding.mlps.1.3.bias
    theta_R: embedding_X.embed_modules_list.0.embedding.mlps.2.0.weight
    theta_R: embedding_X.embed_modules_list.0.embedding.mlps.2.0.bias
    theta_R: embedding_X.embed_modules_list.0.embedding.mlps.2.3.weight
    theta_R: embedding_X.embed_modules_list.0.embedding.mlps.2.3.bias
    theta_R: embedding_X.embed_modules_list.0.embedding.mlps.3.0.weight
    theta_R: embedding_X.embed_modules_list.0.embedding.mlps.3.0.bias
    theta_R: embedding_X.embed_modules_list.0.embedding.mlps.3.3.weight
    theta_R: embedding_X.embed_modules_list.0.embedding.mlps.3.3.bias
    theta_R: embedding_X.embed_modules_list.0.embedding.mlps.4.0.weight
    theta_R: embedding_X.embed_modules_list.0.embedding.mlps.4.0.bias
    theta_R: embedding_X.embed_modules_list.0.embedding.mlps.4.3.weight
    theta_R: embedding_X.embed_modules_list.0.embedding.mlps.4.3.bias
    theta_R: embedding_X.embed_modules_list.0.embedding.mlps.5.0.weight
    theta_R: embedding_X.embed_modules_list.0.embedding.mlps.5.0.bias
    theta_R: embedding_X.embed_modules_list.0.embedding.mlps.5.3.weight
    theta_R: embedding_X.embed_modules_list.0.embedding.mlps.5.3.bias
    theta_R: embedding_X.embed_modules_list.0.embedding.mlps.6.0.weight
    theta_R: embedding_X.embed_modules_list.0.embedding.mlps.6.0.bias
    theta_R: embedding_X.embed_modules_list.0.embedding.mlps.6.3.weight
    theta_R: embedding_X.embed_modules_list.0.embedding.mlps.6.3.bias
    theta_R: embedding_X.embed_modules_list.0.embedding.mlps.7.0.weight
    theta_R: embedding_X.embed_modules_list.0.embedding.mlps.7.0.bias
    theta_R: embedding_X.embed_modules_list.0.embedding.mlps.7.3.weight
    theta_R: embedding_X.embed_modules_list.0.embedding.mlps.7.3.bias
    theta_R: embedding_X.embed_modules_list.0.embedding.mlps.8.0.weight
    theta_R: embedding_X.embed_modules_list.0.embedding.mlps.8.0.bias
    theta_R: embedding_X.embed_modules_list.0.embedding.mlps.8.3.weight
    theta_R: embedding_X.embed_modules_list.0.embedding.mlps.8.3.bias
    theta_R: embedding_X.embed_modules_list.0.embedding.mlps.9.0.weight
    theta_R: embedding_X.embed_modules_list.0.embedding.mlps.9.0.bias
    theta_R: embedding_X.embed_modules_list.0.embedding.mlps.9.3.weight
    theta_R: embedding_X.embed_modules_list.0.embedding.mlps.9.3.bias
    theta_R: embedding_X.embed_modules_list.0.embedding.mlps.10.0.weight
    theta_R: embedding_X.embed_modules_list.0.embedding.mlps.10.0.bias
    theta_R: embedding_X.embed_modules_list.0.embedding.mlps.10.3.weight
    theta_R: embedding_X.embed_modules_list.0.embedding.mlps.10.3.bias
    theta_R: embedding_X.embed_modules_list.0.embedding.mlps.11.0.weight
    theta_R: embedding_X.embed_modules_list.0.embedding.mlps.11.0.bias
    theta_R: embedding_X.embed_modules_list.0.embedding.mlps.11.3.weight
    theta_R: embedding_X.embed_modules_list.0.embedding.mlps.11.3.bias
    theta_R: embedding_X.embed_modules_list.0.embedding.mlps.12.0.weight
    theta_R: embedding_X.embed_modules_list.0.embedding.mlps.12.0.bias
    theta_R: embedding_X.embed_modules_list.0.embedding.mlps.12.3.weight
    theta_R: embedding_X.embed_modules_list.0.embedding.mlps.12.3.bias
    theta_R: embedding_X.embed_modules_list.0.embedding.mlps.13.0.weight
    theta_R: embedding_X.embed_modules_list.0.embedding.mlps.13.0.bias
    theta_R: embedding_X.embed_modules_list.0.embedding.mlps.13.3.weight
    theta_R: embedding_X.embed_modules_list.0.embedding.mlps.13.3.bias
    theta_R: embedding_X.embed_modules_list.0.embedding.mlps.14.0.weight
    theta_R: embedding_X.embed_modules_list.0.embedding.mlps.14.0.bias
    theta_R: embedding_X.embed_modules_list.0.embedding.mlps.14.3.weight
    theta_R: embedding_X.embed_modules_list.0.embedding.mlps.14.3.bias
    theta_R: embedding_X.embed_modules_list.0.embedding.mlps.15.0.weight
    theta_R: embedding_X.embed_modules_list.0.embedding.mlps.15.0.bias
    theta_R: embedding_X.embed_modules_list.0.embedding.mlps.15.3.weight
    theta_R: embedding_X.embed_modules_list.0.embedding.mlps.15.3.bias
    theta_R: embedding_X.embed_modules_list.0.embedding.mlps.16.0.weight
    theta_R: embedding_X.embed_modules_list.0.embedding.mlps.16.0.bias
    theta_R: embedding_X.embed_modules_list.0.embedding.mlps.16.3.weight
    theta_R: embedding_X.embed_modules_list.0.embedding.mlps.16.3.bias
    theta_R: embedding_X.embed_modules_list.0.embedding.mlps.17.0.weight
    theta_R: embedding_X.embed_modules_list.0.embedding.mlps.17.0.bias
    theta_R: embedding_X.embed_modules_list.0.embedding.mlps.17.3.weight
    theta_R: embedding_X.embed_modules_list.0.embedding.mlps.17.3.bias
    theta_R: embedding_X.embed_modules_list.1.embedding.embedding.weight
    theta_R: attention.value_projection.weight
    theta_R: attention.value_projection.bias
    theta_R: attention.out_projection.weight
    theta_R: attention.out_projection.bias
    theta_R: norm1.norm.weight
    theta_R: norm1.norm.bias
    theta_R: norm2.norm.weight
    theta_R: norm2.norm.bias
    theta_R: linear1.weight
    theta_R: linear1.bias
    theta_R: linear2.weight
    theta_R: linear2.bias
    theta_R: forecaster.mlps.0.0.weight
    theta_R: forecaster.mlps.0.0.bias
    theta_R: forecaster.mlps.0.3.weight
    theta_R: forecaster.mlps.0.3.bias
    theta_R: forecaster.mlps.1.0.weight
    theta_R: forecaster.mlps.1.0.bias
    theta_R: forecaster.mlps.1.3.weight
    theta_R: forecaster.mlps.1.3.bias
    theta_R: forecaster.mlps.2.0.weight
    theta_R: forecaster.mlps.2.0.bias
    theta_R: forecaster.mlps.2.3.weight
    theta_R: forecaster.mlps.2.3.bias
    theta_R: forecaster.mlps.3.0.weight
    theta_R: forecaster.mlps.3.0.bias
    theta_R: forecaster.mlps.3.3.weight
    theta_R: forecaster.mlps.3.3.bias
    theta_R: forecaster.mlps.4.0.weight
    theta_R: forecaster.mlps.4.0.bias
    theta_R: forecaster.mlps.4.3.weight
    theta_R: forecaster.mlps.4.3.bias
    theta_R: forecaster.mlps.5.0.weight
    theta_R: forecaster.mlps.5.0.bias
    theta_R: forecaster.mlps.5.3.weight
    theta_R: forecaster.mlps.5.3.bias
    theta_R: forecaster.mlps.6.0.weight
    theta_R: forecaster.mlps.6.0.bias
    theta_R: forecaster.mlps.6.3.weight
    theta_R: forecaster.mlps.6.3.bias
    theta_R: forecaster.mlps.7.0.weight
    theta_R: forecaster.mlps.7.0.bias
    theta_R: forecaster.mlps.7.3.weight
    theta_R: forecaster.mlps.7.3.bias
    theta_R: forecaster.mlps.8.0.weight
    theta_R: forecaster.mlps.8.0.bias
    theta_R: forecaster.mlps.8.3.weight
    theta_R: forecaster.mlps.8.3.bias
    theta_R: forecaster.mlps.9.0.weight
    theta_R: forecaster.mlps.9.0.bias
    theta_R: forecaster.mlps.9.3.weight
    theta_R: forecaster.mlps.9.3.bias
    theta_R: forecaster.mlps.10.0.weight
    theta_R: forecaster.mlps.10.0.bias
    theta_R: forecaster.mlps.10.3.weight
    theta_R: forecaster.mlps.10.3.bias
    theta_R: forecaster.mlps.11.0.weight
    theta_R: forecaster.mlps.11.0.bias
    theta_R: forecaster.mlps.11.3.weight
    theta_R: forecaster.mlps.11.3.bias
    theta_R: forecaster.mlps.12.0.weight
    theta_R: forecaster.mlps.12.0.bias
    theta_R: forecaster.mlps.12.3.weight
    theta_R: forecaster.mlps.12.3.bias
    theta_R: forecaster.mlps.13.0.weight
    theta_R: forecaster.mlps.13.0.bias
    theta_R: forecaster.mlps.13.3.weight
    theta_R: forecaster.mlps.13.3.bias
    theta_R: forecaster.mlps.14.0.weight
    theta_R: forecaster.mlps.14.0.bias
    theta_R: forecaster.mlps.14.3.weight
    theta_R: forecaster.mlps.14.3.bias
    theta_R: forecaster.mlps.15.0.weight
    theta_R: forecaster.mlps.15.0.bias
    theta_R: forecaster.mlps.15.3.weight
    theta_R: forecaster.mlps.15.3.bias
    theta_R: forecaster.mlps.16.0.weight
    theta_R: forecaster.mlps.16.0.bias
    theta_R: forecaster.mlps.16.3.weight
    theta_R: forecaster.mlps.16.3.bias
    theta_R: forecaster.mlps.17.0.weight
    theta_R: forecaster.mlps.17.0.bias
    theta_R: forecaster.mlps.17.3.weight
    theta_R: forecaster.mlps.17.3.bias
    theta_R: forecaster.mlps.18.0.weight
    theta_R: forecaster.mlps.18.0.bias
    theta_R: forecaster.mlps.18.3.weight
    theta_R: forecaster.mlps.18.3.bias
    theta_R: forecaster.mlps.19.0.weight
    theta_R: forecaster.mlps.19.0.bias
    theta_R: forecaster.mlps.19.3.weight
    theta_R: forecaster.mlps.19.3.bias
p=0.1: epoch 999 done
Gradient routing parameter classification:
  Structural:        3 tensors, 900 params (1.4%)
  Reconstruction:  174 tensors, 65,420 params (98.6%)

  Structural parameters:
    theta_S: attention.inner_attention.query_norm_log_scale
    theta_S: query_embed_X.embedding.weight
    theta_S: query_embed_S.embedding.weight

  Reconstruction parameters:
    theta_R: embedding_S.embed_modules_list.0.embedding.mlps.0.0.weight
    theta_R: embedding_S.embed_modules_list.0.embedding.mlps.0.0.bias
    theta_R: embedding_S.embed_modules_list.0.embedding.mlps.0.3.weight
    theta_R: embedding_S.embed_modules_list.0.embedding.mlps.0.3.bias
    theta_R: embedding_S.embed_modules_list.0.embedding.mlps.1.0.weight
    theta_R: embedding_S.embed_modules_list.0.embedding.mlps.1.0.bias
    theta_R: embedding_S.embed_modules_list.0.embedding.mlps.1.3.weight
    theta_R: embedding_S.embed_modules_list.0.embedding.mlps.1.3.bias
    theta_R: embedding_S.embed_modules_list.1.embedding.embedding.weight
    theta_R: embedding_X.embed_modules_list.0.embedding.mlps.0.0.weight
    theta_R: embedding_X.embed_modules_list.0.embedding.mlps.0.0.bias
    theta_R: embedding_X.embed_modules_list.0.embedding.mlps.0.3.weight
    theta_R: embedding_X.embed_modules_list.0.embedding.mlps.0.3.bias
    theta_R: embedding_X.embed_modules_list.0.embedding.mlps.1.0.weight
    theta_R: embedding_X.embed_modules_list.0.embedding.mlps.1.0.bias
    theta_R: embedding_X.embed_modules_list.0.embedding.mlps.1.3.weight
    theta_R: embedding_X.embed_modules_list.0.embedding.mlps.1.3.bias
    theta_R: embedding_X.embed_modules_list.0.embedding.mlps.2.0.weight
    theta_R: embedding_X.embed_modules_list.0.embedding.mlps.2.0.bias
    theta_R: embedding_X.embed_modules_list.0.embedding.mlps.2.3.weight
    theta_R: embedding_X.embed_modules_list.0.embedding.mlps.2.3.bias
    theta_R: embedding_X.embed_modules_list.0.embedding.mlps.3.0.weight
    theta_R: embedding_X.embed_modules_list.0.embedding.mlps.3.0.bias
    theta_R: embedding_X.embed_modules_list.0.embedding.mlps.3.3.weight
    theta_R: embedding_X.embed_modules_list.0.embedding.mlps.3.3.bias
    theta_R: embedding_X.embed_modules_list.0.embedding.mlps.4.0.weight
    theta_R: embedding_X.embed_modules_list.0.embedding.mlps.4.0.bias
    theta_R: embedding_X.embed_modules_list.0.embedding.mlps.4.3.weight
    theta_R: embedding_X.embed_modules_list.0.embedding.mlps.4.3.bias
    theta_R: embedding_X.embed_modules_list.0.embedding.mlps.5.0.weight
    theta_R: embedding_X.embed_modules_list.0.embedding.mlps.5.0.bias
    theta_R: embedding_X.embed_modules_list.0.embedding.mlps.5.3.weight
    theta_R: embedding_X.embed_modules_list.0.embedding.mlps.5.3.bias
    theta_R: embedding_X.embed_modules_list.0.embedding.mlps.6.0.weight
    theta_R: embedding_X.embed_modules_list.0.embedding.mlps.6.0.bias
    theta_R: embedding_X.embed_modules_list.0.embedding.mlps.6.3.weight
    theta_R: embedding_X.embed_modules_list.0.embedding.mlps.6.3.bias
    theta_R: embedding_X.embed_modules_list.0.embedding.mlps.7.0.weight
    theta_R: embedding_X.embed_modules_list.0.embedding.mlps.7.0.bias
    theta_R: embedding_X.embed_modules_list.0.embedding.mlps.7.3.weight
    theta_R: embedding_X.embed_modules_list.0.embedding.mlps.7.3.bias
    theta_R: embedding_X.embed_modules_list.0.embedding.mlps.8.0.weight
    theta_R: embedding_X.embed_modules_list.0.embedding.mlps.8.0.bias
    theta_R: embedding_X.embed_modules_list.0.embedding.mlps.8.3.weight
    theta_R: embedding_X.embed_modules_list.0.embedding.mlps.8.3.bias
    theta_R: embedding_X.embed_modules_list.0.embedding.mlps.9.0.weight
    theta_R: embedding_X.embed_modules_list.0.embedding.mlps.9.0.bias
    theta_R: embedding_X.embed_modules_list.0.embedding.mlps.9.3.weight
    theta_R: embedding_X.embed_modules_list.0.embedding.mlps.9.3.bias
    theta_R: embedding_X.embed_modules_list.0.embedding.mlps.10.0.weight
    theta_R: embedding_X.embed_modules_list.0.embedding.mlps.10.0.bias
    theta_R: embedding_X.embed_modules_list.0.embedding.mlps.10.3.weight
    theta_R: embedding_X.embed_modules_list.0.embedding.mlps.10.3.bias
    theta_R: embedding_X.embed_modules_list.0.embedding.mlps.11.0.weight
    theta_R: embedding_X.embed_modules_list.0.embedding.mlps.11.0.bias
    theta_R: embedding_X.embed_modules_list.0.embedding.mlps.11.3.weight
    theta_R: embedding_X.embed_modules_list.0.embedding.mlps.11.3.bias
    theta_R: embedding_X.embed_modules_list.0.embedding.mlps.12.0.weight
    theta_R: embedding_X.embed_modules_list.0.embedding.mlps.12.0.bias
    theta_R: embedding_X.embed_modules_list.0.embedding.mlps.12.3.weight
    theta_R: embedding_X.embed_modules_list.0.embedding.mlps.12.3.bias
    theta_R: embedding_X.embed_modules_list.0.embedding.mlps.13.0.weight
    theta_R: embedding_X.embed_modules_list.0.embedding.mlps.13.0.bias
    theta_R: embedding_X.embed_modules_list.0.embedding.mlps.13.3.weight
    theta_R: embedding_X.embed_modules_list.0.embedding.mlps.13.3.bias
    theta_R: embedding_X.embed_modules_list.0.embedding.mlps.14.0.weight
    theta_R: embedding_X.embed_modules_list.0.embedding.mlps.14.0.bias
    theta_R: embedding_X.embed_modules_list.0.embedding.mlps.14.3.weight
    theta_R: embedding_X.embed_modules_list.0.embedding.mlps.14.3.bias
    theta_R: embedding_X.embed_modules_list.0.embedding.mlps.15.0.weight
    theta_R: embedding_X.embed_modules_list.0.embedding.mlps.15.0.bias
    theta_R: embedding_X.embed_modules_list.0.embedding.mlps.15.3.weight
    theta_R: embedding_X.embed_modules_list.0.embedding.mlps.15.3.bias
    theta_R: embedding_X.embed_modules_list.0.embedding.mlps.16.0.weight
    theta_R: embedding_X.embed_modules_list.0.embedding.mlps.16.0.bias
    theta_R: embedding_X.embed_modules_list.0.embedding.mlps.16.3.weight
    theta_R: embedding_X.embed_modules_list.0.embedding.mlps.16.3.bias
    theta_R: embedding_X.embed_modules_list.0.embedding.mlps.17.0.weight
    theta_R: embedding_X.embed_modules_list.0.embedding.mlps.17.0.bias
    theta_R: embedding_X.embed_modules_list.0.embedding.mlps.17.3.weight
    theta_R: embedding_X.embed_modules_list.0.embedding.mlps.17.3.bias
    theta_R: embedding_X.embed_modules_list.1.embedding.embedding.weight
    theta_R: attention.value_projection.weight
    theta_R: attention.value_projection.bias
    theta_R: attention.out_projection.weight
    theta_R: attention.out_projection.bias
    theta_R: norm1.norm.weight
    theta_R: norm1.norm.bias
    theta_R: norm2.norm.weight
    theta_R: norm2.norm.bias
    theta_R: linear1.weight
    theta_R: linear1.bias
    theta_R: linear2.weight
    theta_R: linear2.bias
    theta_R: forecaster.mlps.0.0.weight
    theta_R: forecaster.mlps.0.0.bias
    theta_R: forecaster.mlps.0.3.weight
    theta_R: forecaster.mlps.0.3.bias
    theta_R: forecaster.mlps.1.0.weight
    theta_R: forecaster.mlps.1.0.bias
    theta_R: forecaster.mlps.1.3.weight
    theta_R: forecaster.mlps.1.3.bias
    theta_R: forecaster.mlps.2.0.weight
    theta_R: forecaster.mlps.2.0.bias
    theta_R: forecaster.mlps.2.3.weight
    theta_R: forecaster.mlps.2.3.bias
    theta_R: forecaster.mlps.3.0.weight
    theta_R: forecaster.mlps.3.0.bias
    theta_R: forecaster.mlps.3.3.weight
    theta_R: forecaster.mlps.3.3.bias
    theta_R: forecaster.mlps.4.0.weight
    theta_R: forecaster.mlps.4.0.bias
    theta_R: forecaster.mlps.4.3.weight
    theta_R: forecaster.mlps.4.3.bias
    theta_R: forecaster.mlps.5.0.weight
    theta_R: forecaster.mlps.5.0.bias
    theta_R: forecaster.mlps.5.3.weight
    theta_R: forecaster.mlps.5.3.bias
    theta_R: forecaster.mlps.6.0.weight
    theta_R: forecaster.mlps.6.0.bias
    theta_R: forecaster.mlps.6.3.weight
    theta_R: forecaster.mlps.6.3.bias
    theta_R: forecaster.mlps.7.0.weight
    theta_R: forecaster.mlps.7.0.bias
    theta_R: forecaster.mlps.7.3.weight
    theta_R: forecaster.mlps.7.3.bias
    theta_R: forecaster.mlps.8.0.weight
    theta_R: forecaster.mlps.8.0.bias
    theta_R: forecaster.mlps.8.3.weight
    theta_R: forecaster.mlps.8.3.bias
    theta_R: forecaster.mlps.9.0.weight
    theta_R: forecaster.mlps.9.0.bias
    theta_R: forecaster.mlps.9.3.weight
    theta_R: forecaster.mlps.9.3.bias
    theta_R: forecaster.mlps.10.0.weight
    theta_R: forecaster.mlps.10.0.bias
    theta_R: forecaster.mlps.10.3.weight
    theta_R: forecaster.mlps.10.3.bias
    theta_R: forecaster.mlps.11.0.weight
    theta_R: forecaster.mlps.11.0.bias
    theta_R: forecaster.mlps.11.3.weight
    theta_R: forecaster.mlps.11.3.bias
    theta_R: forecaster.mlps.12.0.weight
    theta_R: forecaster.mlps.12.0.bias
    theta_R: forecaster.mlps.12.3.weight
    theta_R: forecaster.mlps.12.3.bias
    theta_R: forecaster.mlps.13.0.weight
    theta_R: forecaster.mlps.13.0.bias
    theta_R: forecaster.mlps.13.3.weight
    theta_R: forecaster.mlps.13.3.bias
    theta_R: forecaster.mlps.14.0.weight
    theta_R: forecaster.mlps.14.0.bias
    theta_R: forecaster.mlps.14.3.weight
    theta_R: forecaster.mlps.14.3.bias
    theta_R: forecaster.mlps.15.0.weight
    theta_R: forecaster.mlps.15.0.bias
    theta_R: forecaster.mlps.15.3.weight
    theta_R: forecaster.mlps.15.3.bias
    theta_R: forecaster.mlps.16.0.weight
    theta_R: forecaster.mlps.16.0.bias
    theta_R: forecaster.mlps.16.3.weight
    theta_R: forecaster.mlps.16.3.bias
    theta_R: forecaster.mlps.17.0.weight
    theta_R: forecaster.mlps.17.0.bias
    theta_R: forecaster.mlps.17.3.weight
    theta_R: forecaster.mlps.17.3.bias
    theta_R: forecaster.mlps.18.0.weight
    theta_R: forecaster.mlps.18.0.bias
    theta_R: forecaster.mlps.18.3.weight
    theta_R: forecaster.mlps.18.3.bias
    theta_R: forecaster.mlps.19.0.weight
    theta_R: forecaster.mlps.19.0.bias
    theta_R: forecaster.mlps.19.3.weight
    theta_R: forecaster.mlps.19.3.bias
Gradient routing parameter classification:
  Structural:        3 tensors, 900 params (1.4%)
  Reconstruction:  174 tensors, 65,420 params (98.6%)

  Structural parameters:
    theta_S: attention.inner_attention.query_norm_log_scale
    theta_S: query_embed_X.embedding.weight
    theta_S: query_embed_S.embedding.weight

  Reconstruction parameters:
    theta_R: embedding_S.embed_modules_list.0.embedding.mlps.0.0.weight
    theta_R: embedding_S.embed_modules_list.0.embedding.mlps.0.0.bias
    theta_R: embedding_S.embed_modules_list.0.embedding.mlps.0.3.weight
    theta_R: embedding_S.embed_modules_list.0.embedding.mlps.0.3.bias
    theta_R: embedding_S.embed_modules_list.0.embedding.mlps.1.0.weight
    theta_R: embedding_S.embed_modules_list.0.embedding.mlps.1.0.bias
    theta_R: embedding_S.embed_modules_list.0.embedding.mlps.1.3.weight
    theta_R: embedding_S.embed_modules_list.0.embedding.mlps.1.3.bias
    theta_R: embedding_S.embed_modules_list.1.embedding.embedding.weight
    theta_R: embedding_X.embed_modules_list.0.embedding.mlps.0.0.weight
    theta_R: embedding_X.embed_modules_list.0.embedding.mlps.0.0.bias
    theta_R: embedding_X.embed_modules_list.0.embedding.mlps.0.3.weight
    theta_R: embedding_X.embed_modules_list.0.embedding.mlps.0.3.bias
    theta_R: embedding_X.embed_modules_list.0.embedding.mlps.1.0.weight
    theta_R: embedding_X.embed_modules_list.0.embedding.mlps.1.0.bias
    theta_R: embedding_X.embed_modules_list.0.embedding.mlps.1.3.weight
    theta_R: embedding_X.embed_modules_list.0.embedding.mlps.1.3.bias
    theta_R: embedding_X.embed_modules_list.0.embedding.mlps.2.0.weight
    theta_R: embedding_X.embed_modules_list.0.embedding.mlps.2.0.bias
    theta_R: embedding_X.embed_modules_list.0.embedding.mlps.2.3.weight
    theta_R: embedding_X.embed_modules_list.0.embedding.mlps.2.3.bias
    theta_R: embedding_X.embed_modules_list.0.embedding.mlps.3.0.weight
    theta_R: embedding_X.embed_modules_list.0.embedding.mlps.3.0.bias
    theta_R: embedding_X.embed_modules_list.0.embedding.mlps.3.3.weight
    theta_R: embedding_X.embed_modules_list.0.embedding.mlps.3.3.bias
    theta_R: embedding_X.embed_modules_list.0.embedding.mlps.4.0.weight
    theta_R: embedding_X.embed_modules_list.0.embedding.mlps.4.0.bias
    theta_R: embedding_X.embed_modules_list.0.embedding.mlps.4.3.weight
    theta_R: embedding_X.embed_modules_list.0.embedding.mlps.4.3.bias
    theta_R: embedding_X.embed_modules_list.0.embedding.mlps.5.0.weight
    theta_R: embedding_X.embed_modules_list.0.embedding.mlps.5.0.bias
    theta_R: embedding_X.embed_modules_list.0.embedding.mlps.5.3.weight
    theta_R: embedding_X.embed_modules_list.0.embedding.mlps.5.3.bias
    theta_R: embedding_X.embed_modules_list.0.embedding.mlps.6.0.weight
    theta_R: embedding_X.embed_modules_list.0.embedding.mlps.6.0.bias
    theta_R: embedding_X.embed_modules_list.0.embedding.mlps.6.3.weight
    theta_R: embedding_X.embed_modules_list.0.embedding.mlps.6.3.bias
    theta_R: embedding_X.embed_modules_list.0.embedding.mlps.7.0.weight
    theta_R: embedding_X.embed_modules_list.0.embedding.mlps.7.0.bias
    theta_R: embedding_X.embed_modules_list.0.embedding.mlps.7.3.weight
    theta_R: embedding_X.embed_modules_list.0.embedding.mlps.7.3.bias
    theta_R: embedding_X.embed_modules_list.0.embedding.mlps.8.0.weight
    theta_R: embedding_X.embed_modules_list.0.embedding.mlps.8.0.bias
    theta_R: embedding_X.embed_modules_list.0.embedding.mlps.8.3.weight
    theta_R: embedding_X.embed_modules_list.0.embedding.mlps.8.3.bias
    theta_R: embedding_X.embed_modules_list.0.embedding.mlps.9.0.weight
    theta_R: embedding_X.embed_modules_list.0.embedding.mlps.9.0.bias
    theta_R: embedding_X.embed_modules_list.0.embedding.mlps.9.3.weight
    theta_R: embedding_X.embed_modules_list.0.embedding.mlps.9.3.bias
    theta_R: embedding_X.embed_modules_list.0.embedding.mlps.10.0.weight
    theta_R: embedding_X.embed_modules_list.0.embedding.mlps.10.0.bias
    theta_R: embedding_X.embed_modules_list.0.embedding.mlps.10.3.weight
    theta_R: embedding_X.embed_modules_list.0.embedding.mlps.10.3.bias
    theta_R: embedding_X.embed_modules_list.0.embedding.mlps.11.0.weight
    theta_R: embedding_X.embed_modules_list.0.embedding.mlps.11.0.bias
    theta_R: embedding_X.embed_modules_list.0.embedding.mlps.11.3.weight
    theta_R: embedding_X.embed_modules_list.0.embedding.mlps.11.3.bias
    theta_R: embedding_X.embed_modules_list.0.embedding.mlps.12.0.weight
    theta_R: embedding_X.embed_modules_list.0.embedding.mlps.12.0.bias
    theta_R: embedding_X.embed_modules_list.0.embedding.mlps.12.3.weight
    theta_R: embedding_X.embed_modules_list.0.embedding.mlps.12.3.bias
    theta_R: embedding_X.embed_modules_list.0.embedding.mlps.13.0.weight
    theta_R: embedding_X.embed_modules_list.0.embedding.mlps.13.0.bias
    theta_R: embedding_X.embed_modules_list.0.embedding.mlps.13.3.weight
    theta_R: embedding_X.embed_modules_list.0.embedding.mlps.13.3.bias
    theta_R: embedding_X.embed_modules_list.0.embedding.mlps.14.0.weight
    theta_R: embedding_X.embed_modules_list.0.embedding.mlps.14.0.bias
    theta_R: embedding_X.embed_modules_list.0.embedding.mlps.14.3.weight
    theta_R: embedding_X.embed_modules_list.0.embedding.mlps.14.3.bias
    theta_R: embedding_X.embed_modules_list.0.embedding.mlps.15.0.weight
    theta_R: embedding_X.embed_modules_list.0.embedding.mlps.15.0.bias
    theta_R: embedding_X.embed_modules_list.0.embedding.mlps.15.3.weight
    theta_R: embedding_X.embed_modules_list.0.embedding.mlps.15.3.bias
    theta_R: embedding_X.embed_modules_list.0.embedding.mlps.16.0.weight
    theta_R: embedding_X.embed_modules_list.0.embedding.mlps.16.0.bias
    theta_R: embedding_X.embed_modules_list.0.embedding.mlps.16.3.weight
    theta_R: embedding_X.embed_modules_list.0.embedding.mlps.16.3.bias
    theta_R: embedding_X.embed_modules_list.0.embedding.mlps.17.0.weight
    theta_R: embedding_X.embed_modules_list.0.embedding.mlps.17.0.bias
    theta_R: embedding_X.embed_modules_list.0.embedding.mlps.17.3.weight
    theta_R: embedding_X.embed_modules_list.0.embedding.mlps.17.3.bias
    theta_R: embedding_X.embed_modules_list.1.embedding.embedding.weight
    theta_R: attention.value_projection.weight
    theta_R: attention.value_projection.bias
    theta_R: attention.out_projection.weight
    theta_R: attention.out_projection.bias
    theta_R: norm1.norm.weight
    theta_R: norm1.norm.bias
    theta_R: norm2.norm.weight
    theta_R: norm2.norm.bias
    theta_R: linear1.weight
    theta_R: linear1.bias
    theta_R: linear2.weight
    theta_R: linear2.bias
    theta_R: forecaster.mlps.0.0.weight
    theta_R: forecaster.mlps.0.0.bias
    theta_R: forecaster.mlps.0.3.weight
    theta_R: forecaster.mlps.0.3.bias
    theta_R: forecaster.mlps.1.0.weight
    theta_R: forecaster.mlps.1.0.bias
    theta_R: forecaster.mlps.1.3.weight
    theta_R: forecaster.mlps.1.3.bias
    theta_R: forecaster.mlps.2.0.weight
    theta_R: forecaster.mlps.2.0.bias
    theta_R: forecaster.mlps.2.3.weight
    theta_R: forecaster.mlps.2.3.bias
    theta_R: forecaster.mlps.3.0.weight
    theta_R: forecaster.mlps.3.0.bias
    theta_R: forecaster.mlps.3.3.weight
    theta_R: forecaster.mlps.3.3.bias
    theta_R: forecaster.mlps.4.0.weight
    theta_R: forecaster.mlps.4.0.bias
    theta_R: forecaster.mlps.4.3.weight
    theta_R: forecaster.mlps.4.3.bias
    theta_R: forecaster.mlps.5.0.weight
    theta_R: forecaster.mlps.5.0.bias
    theta_R: forecaster.mlps.5.3.weight
    theta_R: forecaster.mlps.5.3.bias
    theta_R: forecaster.mlps.6.0.weight
    theta_R: forecaster.mlps.6.0.bias
    theta_R: forecaster.mlps.6.3.weight
    theta_R: forecaster.mlps.6.3.bias
    theta_R: forecaster.mlps.7.0.weight
    theta_R: forecaster.mlps.7.0.bias
    theta_R: forecaster.mlps.7.3.weight
    theta_R: forecaster.mlps.7.3.bias
    theta_R: forecaster.mlps.8.0.weight
    theta_R: forecaster.mlps.8.0.bias
    theta_R: forecaster.mlps.8.3.weight
    theta_R: forecaster.mlps.8.3.bias
    theta_R: forecaster.mlps.9.0.weight
    theta_R: forecaster.mlps.9.0.bias
    theta_R: forecaster.mlps.9.3.weight
    theta_R: forecaster.mlps.9.3.bias
    theta_R: forecaster.mlps.10.0.weight
    theta_R: forecaster.mlps.10.0.bias
    theta_R: forecaster.mlps.10.3.weight
    theta_R: forecaster.mlps.10.3.bias
    theta_R: forecaster.mlps.11.0.weight
    theta_R: forecaster.mlps.11.0.bias
    theta_R: forecaster.mlps.11.3.weight
    theta_R: forecaster.mlps.11.3.bias
    theta_R: forecaster.mlps.12.0.weight
    theta_R: forecaster.mlps.12.0.bias
    theta_R: forecaster.mlps.12.3.weight
    theta_R: forecaster.mlps.12.3.bias
    theta_R: forecaster.mlps.13.0.weight
    theta_R: forecaster.mlps.13.0.bias
    theta_R: forecaster.mlps.13.3.weight
    theta_R: forecaster.mlps.13.3.bias
    theta_R: forecaster.mlps.14.0.weight
    theta_R: forecaster.mlps.14.0.bias
    theta_R: forecaster.mlps.14.3.weight
    theta_R: forecaster.mlps.14.3.bias
    theta_R: forecaster.mlps.15.0.weight
    theta_R: forecaster.mlps.15.0.bias
    theta_R: forecaster.mlps.15.3.weight
    theta_R: forecaster.mlps.15.3.bias
    theta_R: forecaster.mlps.16.0.weight
    theta_R: forecaster.mlps.16.0.bias
    theta_R: forecaster.mlps.16.3.weight
    theta_R: forecaster.mlps.16.3.bias
    theta_R: forecaster.mlps.17.0.weight
    theta_R: forecaster.mlps.17.0.bias
    theta_R: forecaster.mlps.17.3.weight
    theta_R: forecaster.mlps.17.3.bias
    theta_R: forecaster.mlps.18.0.weight
    theta_R: forecaster.mlps.18.0.bias
    theta_R: forecaster.mlps.18.3.weight
    theta_R: forecaster.mlps.18.3.bias
    theta_R: forecaster.mlps.19.0.weight
    theta_R: forecaster.mlps.19.0.bias
    theta_R: forecaster.mlps.19.3.weight
    theta_R: forecaster.mlps.19.3.bias
p=0.2: epoch 499 done
Gradient routing parameter classification:
  Structural:        3 tensors, 900 params (1.4%)
  Reconstruction:  174 tensors, 65,420 params (98.6%)

  Structural parameters:
    theta_S: attention.inner_attention.query_norm_log_scale
    theta_S: query_embed_X.embedding.weight
    theta_S: query_embed_S.embedding.weight

  Reconstruction parameters:
    theta_R: embedding_S.embed_modules_list.0.embedding.mlps.0.0.weight
    theta_R: embedding_S.embed_modules_list.0.embedding.mlps.0.0.bias
    theta_R: embedding_S.embed_modules_list.0.embedding.mlps.0.3.weight
    theta_R: embedding_S.embed_modules_list.0.embedding.mlps.0.3.bias
    theta_R: embedding_S.embed_modules_list.0.embedding.mlps.1.0.weight
    theta_R: embedding_S.embed_modules_list.0.embedding.mlps.1.0.bias
    theta_R: embedding_S.embed_modules_list.0.embedding.mlps.1.3.weight
    theta_R: embedding_S.embed_modules_list.0.embedding.mlps.1.3.bias
    theta_R: embedding_S.embed_modules_list.1.embedding.embedding.weight
    theta_R: embedding_X.embed_modules_list.0.embedding.mlps.0.0.weight
    theta_R: embedding_X.embed_modules_list.0.embedding.mlps.0.0.bias
    theta_R: embedding_X.embed_modules_list.0.embedding.mlps.0.3.weight
    theta_R: embedding_X.embed_modules_list.0.embedding.mlps.0.3.bias
    theta_R: embedding_X.embed_modules_list.0.embedding.mlps.1.0.weight
    theta_R: embedding_X.embed_modules_list.0.embedding.mlps.1.0.bias
    theta_R: embedding_X.embed_modules_list.0.embedding.mlps.1.3.weight
    theta_R: embedding_X.embed_modules_list.0.embedding.mlps.1.3.bias
    theta_R: embedding_X.embed_modules_list.0.embedding.mlps.2.0.weight
    theta_R: embedding_X.embed_modules_list.0.embedding.mlps.2.0.bias
    theta_R: embedding_X.embed_modules_list.0.embedding.mlps.2.3.weight
    theta_R: embedding_X.embed_modules_list.0.embedding.mlps.2.3.bias
    theta_R: embedding_X.embed_modules_list.0.embedding.mlps.3.0.weight
    theta_R: embedding_X.embed_modules_list.0.embedding.mlps.3.0.bias
    theta_R: embedding_X.embed_modules_list.0.embedding.mlps.3.3.weight
    theta_R: embedding_X.embed_modules_list.0.embedding.mlps.3.3.bias
    theta_R: embedding_X.embed_modules_list.0.embedding.mlps.4.0.weight
    theta_R: embedding_X.embed_modules_list.0.embedding.mlps.4.0.bias
    theta_R: embedding_X.embed_modules_list.0.embedding.mlps.4.3.weight
    theta_R: embedding_X.embed_modules_list.0.embedding.mlps.4.3.bias
    theta_R: embedding_X.embed_modules_list.0.embedding.mlps.5.0.weight
    theta_R: embedding_X.embed_modules_list.0.embedding.mlps.5.0.bias
    theta_R: embedding_X.embed_modules_list.0.embedding.mlps.5.3.weight
    theta_R: embedding_X.embed_modules_list.0.embedding.mlps.5.3.bias
    theta_R: embedding_X.embed_modules_list.0.embedding.mlps.6.0.weight
    theta_R: embedding_X.embed_modules_list.0.embedding.mlps.6.0.bias
    theta_R: embedding_X.embed_modules_list.0.embedding.mlps.6.3.weight
    theta_R: embedding_X.embed_modules_list.0.embedding.mlps.6.3.bias
    theta_R: embedding_X.embed_modules_list.0.embedding.mlps.7.0.weight
    theta_R: embedding_X.embed_modules_list.0.embedding.mlps.7.0.bias
    theta_R: embedding_X.embed_modules_list.0.embedding.mlps.7.3.weight
    theta_R: embedding_X.embed_modules_list.0.embedding.mlps.7.3.bias
    theta_R: embedding_X.embed_modules_list.0.embedding.mlps.8.0.weight
    theta_R: embedding_X.embed_modules_list.0.embedding.mlps.8.0.bias
    theta_R: embedding_X.embed_modules_list.0.embedding.mlps.8.3.weight
    theta_R: embedding_X.embed_modules_list.0.embedding.mlps.8.3.bias
    theta_R: embedding_X.embed_modules_list.0.embedding.mlps.9.0.weight
    theta_R: embedding_X.embed_modules_list.0.embedding.mlps.9.0.bias
    theta_R: embedding_X.embed_modules_list.0.embedding.mlps.9.3.weight
    theta_R: embedding_X.embed_modules_list.0.embedding.mlps.9.3.bias
    theta_R: embedding_X.embed_modules_list.0.embedding.mlps.10.0.weight
    theta_R: embedding_X.embed_modules_list.0.embedding.mlps.10.0.bias
    theta_R: embedding_X.embed_modules_list.0.embedding.mlps.10.3.weight
    theta_R: embedding_X.embed_modules_list.0.embedding.mlps.10.3.bias
    theta_R: embedding_X.embed_modules_list.0.embedding.mlps.11.0.weight
    theta_R: embedding_X.embed_modules_list.0.embedding.mlps.11.0.bias
    theta_R: embedding_X.embed_modules_list.0.embedding.mlps.11.3.weight
    theta_R: embedding_X.embed_modules_list.0.embedding.mlps.11.3.bias
    theta_R: embedding_X.embed_modules_list.0.embedding.mlps.12.0.weight
    theta_R: embedding_X.embed_modules_list.0.embedding.mlps.12.0.bias
    theta_R: embedding_X.embed_modules_list.0.embedding.mlps.12.3.weight
    theta_R: embedding_X.embed_modules_list.0.embedding.mlps.12.3.bias
    theta_R: embedding_X.embed_modules_list.0.embedding.mlps.13.0.weight
    theta_R: embedding_X.embed_modules_list.0.embedding.mlps.13.0.bias
    theta_R: embedding_X.embed_modules_list.0.embedding.mlps.13.3.weight
    theta_R: embedding_X.embed_modules_list.0.embedding.mlps.13.3.bias
    theta_R: embedding_X.embed_modules_list.0.embedding.mlps.14.0.weight
    theta_R: embedding_X.embed_modules_list.0.embedding.mlps.14.0.bias
    theta_R: embedding_X.embed_modules_list.0.embedding.mlps.14.3.weight
    theta_R: embedding_X.embed_modules_list.0.embedding.mlps.14.3.bias
    theta_R: embedding_X.embed_modules_list.0.embedding.mlps.15.0.weight
    theta_R: embedding_X.embed_modules_list.0.embedding.mlps.15.0.bias
    theta_R: embedding_X.embed_modules_list.0.embedding.mlps.15.3.weight
    theta_R: embedding_X.embed_modules_list.0.embedding.mlps.15.3.bias
    theta_R: embedding_X.embed_modules_list.0.embedding.mlps.16.0.weight
    theta_R: embedding_X.embed_modules_list.0.embedding.mlps.16.0.bias
    theta_R: embedding_X.embed_modules_list.0.embedding.mlps.16.3.weight
    theta_R: embedding_X.embed_modules_list.0.embedding.mlps.16.3.bias
    theta_R: embedding_X.embed_modules_list.0.embedding.mlps.17.0.weight
    theta_R: embedding_X.embed_modules_list.0.embedding.mlps.17.0.bias
    theta_R: embedding_X.embed_modules_list.0.embedding.mlps.17.3.weight
    theta_R: embedding_X.embed_modules_list.0.embedding.mlps.17.3.bias
    theta_R: embedding_X.embed_modules_list.1.embedding.embedding.weight
    theta_R: attention.value_projection.weight
    theta_R: attention.value_projection.bias
    theta_R: attention.out_projection.weight
    theta_R: attention.out_projection.bias
    theta_R: norm1.norm.weight
    theta_R: norm1.norm.bias
    theta_R: norm2.norm.weight
    theta_R: norm2.norm.bias
    theta_R: linear1.weight
    theta_R: linear1.bias
    theta_R: linear2.weight
    theta_R: linear2.bias
    theta_R: forecaster.mlps.0.0.weight
    theta_R: forecaster.mlps.0.0.bias
    theta_R: forecaster.mlps.0.3.weight
    theta_R: forecaster.mlps.0.3.bias
    theta_R: forecaster.mlps.1.0.weight
    theta_R: forecaster.mlps.1.0.bias
    theta_R: forecaster.mlps.1.3.weight
    theta_R: forecaster.mlps.1.3.bias
    theta_R: forecaster.mlps.2.0.weight
    theta_R: forecaster.mlps.2.0.bias
    theta_R: forecaster.mlps.2.3.weight
    theta_R: forecaster.mlps.2.3.bias
    theta_R: forecaster.mlps.3.0.weight
    theta_R: forecaster.mlps.3.0.bias
    theta_R: forecaster.mlps.3.3.weight
    theta_R: forecaster.mlps.3.3.bias
    theta_R: forecaster.mlps.4.0.weight
    theta_R: forecaster.mlps.4.0.bias
    theta_R: forecaster.mlps.4.3.weight
    theta_R: forecaster.mlps.4.3.bias
    theta_R: forecaster.mlps.5.0.weight
    theta_R: forecaster.mlps.5.0.bias
    theta_R: forecaster.mlps.5.3.weight
    theta_R: forecaster.mlps.5.3.bias
    theta_R: forecaster.mlps.6.0.weight
    theta_R: forecaster.mlps.6.0.bias
    theta_R: forecaster.mlps.6.3.weight
    theta_R: forecaster.mlps.6.3.bias
    theta_R: forecaster.mlps.7.0.weight
    theta_R: forecaster.mlps.7.0.bias
    theta_R: forecaster.mlps.7.3.weight
    theta_R: forecaster.mlps.7.3.bias
    theta_R: forecaster.mlps.8.0.weight
    theta_R: forecaster.mlps.8.0.bias
    theta_R: forecaster.mlps.8.3.weight
    theta_R: forecaster.mlps.8.3.bias
    theta_R: forecaster.mlps.9.0.weight
    theta_R: forecaster.mlps.9.0.bias
    theta_R: forecaster.mlps.9.3.weight
    theta_R: forecaster.mlps.9.3.bias
    theta_R: forecaster.mlps.10.0.weight
    theta_R: forecaster.mlps.10.0.bias
    theta_R: forecaster.mlps.10.3.weight
    theta_R: forecaster.mlps.10.3.bias
    theta_R: forecaster.mlps.11.0.weight
    theta_R: forecaster.mlps.11.0.bias
    theta_R: forecaster.mlps.11.3.weight
    theta_R: forecaster.mlps.11.3.bias
    theta_R: forecaster.mlps.12.0.weight
    theta_R: forecaster.mlps.12.0.bias
    theta_R: forecaster.mlps.12.3.weight
    theta_R: forecaster.mlps.12.3.bias
    theta_R: forecaster.mlps.13.0.weight
    theta_R: forecaster.mlps.13.0.bias
    theta_R: forecaster.mlps.13.3.weight
    theta_R: forecaster.mlps.13.3.bias
    theta_R: forecaster.mlps.14.0.weight
    theta_R: forecaster.mlps.14.0.bias
    theta_R: forecaster.mlps.14.3.weight
    theta_R: forecaster.mlps.14.3.bias
    theta_R: forecaster.mlps.15.0.weight
    theta_R: forecaster.mlps.15.0.bias
    theta_R: forecaster.mlps.15.3.weight
    theta_R: forecaster.mlps.15.3.bias
    theta_R: forecaster.mlps.16.0.weight
    theta_R: forecaster.mlps.16.0.bias
    theta_R: forecaster.mlps.16.3.weight
    theta_R: forecaster.mlps.16.3.bias
    theta_R: forecaster.mlps.17.0.weight
    theta_R: forecaster.mlps.17.0.bias
    theta_R: forecaster.mlps.17.3.weight
    theta_R: forecaster.mlps.17.3.bias
    theta_R: forecaster.mlps.18.0.weight
    theta_R: forecaster.mlps.18.0.bias
    theta_R: forecaster.mlps.18.3.weight
    theta_R: forecaster.mlps.18.3.bias
    theta_R: forecaster.mlps.19.0.weight
    theta_R: forecaster.mlps.19.0.bias
    theta_R: forecaster.mlps.19.3.weight
    theta_R: forecaster.mlps.19.3.bias
Gradient routing parameter classification:
  Structural:        3 tensors, 900 params (1.4%)
  Reconstruction:  174 tensors, 65,420 params (98.6%)

  Structural parameters:
    theta_S: attention.inner_attention.query_norm_log_scale
    theta_S: query_embed_X.embedding.weight
    theta_S: query_embed_S.embedding.weight

  Reconstruction parameters:
    theta_R: embedding_S.embed_modules_list.0.embedding.mlps.0.0.weight
    theta_R: embedding_S.embed_modules_list.0.embedding.mlps.0.0.bias
    theta_R: embedding_S.embed_modules_list.0.embedding.mlps.0.3.weight
    theta_R: embedding_S.embed_modules_list.0.embedding.mlps.0.3.bias
    theta_R: embedding_S.embed_modules_list.0.embedding.mlps.1.0.weight
    theta_R: embedding_S.embed_modules_list.0.embedding.mlps.1.0.bias
    theta_R: embedding_S.embed_modules_list.0.embedding.mlps.1.3.weight
    theta_R: embedding_S.embed_modules_list.0.embedding.mlps.1.3.bias
    theta_R: embedding_S.embed_modules_list.1.embedding.embedding.weight
    theta_R: embedding_X.embed_modules_list.0.embedding.mlps.0.0.weight
    theta_R: embedding_X.embed_modules_list.0.embedding.mlps.0.0.bias
    theta_R: embedding_X.embed_modules_list.0.embedding.mlps.0.3.weight
    theta_R: embedding_X.embed_modules_list.0.embedding.mlps.0.3.bias
    theta_R: embedding_X.embed_modules_list.0.embedding.mlps.1.0.weight
    theta_R: embedding_X.embed_modules_list.0.embedding.mlps.1.0.bias
    theta_R: embedding_X.embed_modules_list.0.embedding.mlps.1.3.weight
    theta_R: embedding_X.embed_modules_list.0.embedding.mlps.1.3.bias
    theta_R: embedding_X.embed_modules_list.0.embedding.mlps.2.0.weight
    theta_R: embedding_X.embed_modules_list.0.embedding.mlps.2.0.bias
    theta_R: embedding_X.embed_modules_list.0.embedding.mlps.2.3.weight
    theta_R: embedding_X.embed_modules_list.0.embedding.mlps.2.3.bias
    theta_R: embedding_X.embed_modules_list.0.embedding.mlps.3.0.weight
    theta_R: embedding_X.embed_modules_list.0.embedding.mlps.3.0.bias
    theta_R: embedding_X.embed_modules_list.0.embedding.mlps.3.3.weight
    theta_R: embedding_X.embed_modules_list.0.embedding.mlps.3.3.bias
    theta_R: embedding_X.embed_modules_list.0.embedding.mlps.4.0.weight
    theta_R: embedding_X.embed_modules_list.0.embedding.mlps.4.0.bias
    theta_R: embedding_X.embed_modules_list.0.embedding.mlps.4.3.weight
    theta_R: embedding_X.embed_modules_list.0.embedding.mlps.4.3.bias
    theta_R: embedding_X.embed_modules_list.0.embedding.mlps.5.0.weight
    theta_R: embedding_X.embed_modules_list.0.embedding.mlps.5.0.bias
    theta_R: embedding_X.embed_modules_list.0.embedding.mlps.5.3.weight
    theta_R: embedding_X.embed_modules_list.0.embedding.mlps.5.3.bias
    theta_R: embedding_X.embed_modules_list.0.embedding.mlps.6.0.weight
    theta_R: embedding_X.embed_modules_list.0.embedding.mlps.6.0.bias
    theta_R: embedding_X.embed_modules_list.0.embedding.mlps.6.3.weight
    theta_R: embedding_X.embed_modules_list.0.embedding.mlps.6.3.bias
    theta_R: embedding_X.embed_modules_list.0.embedding.mlps.7.0.weight
    theta_R: embedding_X.embed_modules_list.0.embedding.mlps.7.0.bias
    theta_R: embedding_X.embed_modules_list.0.embedding.mlps.7.3.weight
    theta_R: embedding_X.embed_modules_list.0.embedding.mlps.7.3.bias
    theta_R: embedding_X.embed_modules_list.0.embedding.mlps.8.0.weight
    theta_R: embedding_X.embed_modules_list.0.embedding.mlps.8.0.bias
    theta_R: embedding_X.embed_modules_list.0.embedding.mlps.8.3.weight
    theta_R: embedding_X.embed_modules_list.0.embedding.mlps.8.3.bias
    theta_R: embedding_X.embed_modules_list.0.embedding.mlps.9.0.weight
    theta_R: embedding_X.embed_modules_list.0.embedding.mlps.9.0.bias
    theta_R: embedding_X.embed_modules_list.0.embedding.mlps.9.3.weight
    theta_R: embedding_X.embed_modules_list.0.embedding.mlps.9.3.bias
    theta_R: embedding_X.embed_modules_list.0.embedding.mlps.10.0.weight
    theta_R: embedding_X.embed_modules_list.0.embedding.mlps.10.0.bias
    theta_R: embedding_X.embed_modules_list.0.embedding.mlps.10.3.weight
    theta_R: embedding_X.embed_modules_list.0.embedding.mlps.10.3.bias
    theta_R: embedding_X.embed_modules_list.0.embedding.mlps.11.0.weight
    theta_R: embedding_X.embed_modules_list.0.embedding.mlps.11.0.bias
    theta_R: embedding_X.embed_modules_list.0.embedding.mlps.11.3.weight
    theta_R: embedding_X.embed_modules_list.0.embedding.mlps.11.3.bias
    theta_R: embedding_X.embed_modules_list.0.embedding.mlps.12.0.weight
    theta_R: embedding_X.embed_modules_list.0.embedding.mlps.12.0.bias
    theta_R: embedding_X.embed_modules_list.0.embedding.mlps.12.3.weight
    theta_R: embedding_X.embed_modules_list.0.embedding.mlps.12.3.bias
    theta_R: embedding_X.embed_modules_list.0.embedding.mlps.13.0.weight
    theta_R: embedding_X.embed_modules_list.0.embedding.mlps.13.0.bias
    theta_R: embedding_X.embed_modules_list.0.embedding.mlps.13.3.weight
    theta_R: embedding_X.embed_modules_list.0.embedding.mlps.13.3.bias
    theta_R: embedding_X.embed_modules_list.0.embedding.mlps.14.0.weight
    theta_R: embedding_X.embed_modules_list.0.embedding.mlps.14.0.bias
    theta_R: embedding_X.embed_modules_list.0.embedding.mlps.14.3.weight
    theta_R: embedding_X.embed_modules_list.0.embedding.mlps.14.3.bias
    theta_R: embedding_X.embed_modules_list.0.embedding.mlps.15.0.weight
    theta_R: embedding_X.embed_modules_list.0.embedding.mlps.15.0.bias
    theta_R: embedding_X.embed_modules_list.0.embedding.mlps.15.3.weight
    theta_R: embedding_X.embed_modules_list.0.embedding.mlps.15.3.bias
    theta_R: embedding_X.embed_modules_list.0.embedding.mlps.16.0.weight
    theta_R: embedding_X.embed_modules_list.0.embedding.mlps.16.0.bias
    theta_R: embedding_X.embed_modules_list.0.embedding.mlps.16.3.weight
    theta_R: embedding_X.embed_modules_list.0.embedding.mlps.16.3.bias
    theta_R: embedding_X.embed_modules_list.0.embedding.mlps.17.0.weight
    theta_R: embedding_X.embed_modules_list.0.embedding.mlps.17.0.bias
    theta_R: embedding_X.embed_modules_list.0.embedding.mlps.17.3.weight
    theta_R: embedding_X.embed_modules_list.0.embedding.mlps.17.3.bias
    theta_R: embedding_X.embed_modules_list.1.embedding.embedding.weight
    theta_R: attention.value_projection.weight
    theta_R: attention.value_projection.bias
    theta_R: attention.out_projection.weight
    theta_R: attention.out_projection.bias
    theta_R: norm1.norm.weight
    theta_R: norm1.norm.bias
    theta_R: norm2.norm.weight
    theta_R: norm2.norm.bias
    theta_R: linear1.weight
    theta_R: linear1.bias
    theta_R: linear2.weight
    theta_R: linear2.bias
    theta_R: forecaster.mlps.0.0.weight
    theta_R: forecaster.mlps.0.0.bias
    theta_R: forecaster.mlps.0.3.weight
    theta_R: forecaster.mlps.0.3.bias
    theta_R: forecaster.mlps.1.0.weight
    theta_R: forecaster.mlps.1.0.bias
    theta_R: forecaster.mlps.1.3.weight
    theta_R: forecaster.mlps.1.3.bias
    theta_R: forecaster.mlps.2.0.weight
    theta_R: forecaster.mlps.2.0.bias
    theta_R: forecaster.mlps.2.3.weight
    theta_R: forecaster.mlps.2.3.bias
    theta_R: forecaster.mlps.3.0.weight
    theta_R: forecaster.mlps.3.0.bias
    theta_R: forecaster.mlps.3.3.weight
    theta_R: forecaster.mlps.3.3.bias
    theta_R: forecaster.mlps.4.0.weight
    theta_R: forecaster.mlps.4.0.bias
    theta_R: forecaster.mlps.4.3.weight
    theta_R: forecaster.mlps.4.3.bias
    theta_R: forecaster.mlps.5.0.weight
    theta_R: forecaster.mlps.5.0.bias
    theta_R: forecaster.mlps.5.3.weight
    theta_R: forecaster.mlps.5.3.bias
    theta_R: forecaster.mlps.6.0.weight
    theta_R: forecaster.mlps.6.0.bias
    theta_R: forecaster.mlps.6.3.weight
    theta_R: forecaster.mlps.6.3.bias
    theta_R: forecaster.mlps.7.0.weight
    theta_R: forecaster.mlps.7.0.bias
    theta_R: forecaster.mlps.7.3.weight
    theta_R: forecaster.mlps.7.3.bias
    theta_R: forecaster.mlps.8.0.weight
    theta_R: forecaster.mlps.8.0.bias
    theta_R: forecaster.mlps.8.3.weight
    theta_R: forecaster.mlps.8.3.bias
    theta_R: forecaster.mlps.9.0.weight
    theta_R: forecaster.mlps.9.0.bias
    theta_R: forecaster.mlps.9.3.weight
    theta_R: forecaster.mlps.9.3.bias
    theta_R: forecaster.mlps.10.0.weight
    theta_R: forecaster.mlps.10.0.bias
    theta_R: forecaster.mlps.10.3.weight
    theta_R: forecaster.mlps.10.3.bias
    theta_R: forecaster.mlps.11.0.weight
    theta_R: forecaster.mlps.11.0.bias
    theta_R: forecaster.mlps.11.3.weight
    theta_R: forecaster.mlps.11.3.bias
    theta_R: forecaster.mlps.12.0.weight
    theta_R: forecaster.mlps.12.0.bias
    theta_R: forecaster.mlps.12.3.weight
    theta_R: forecaster.mlps.12.3.bias
    theta_R: forecaster.mlps.13.0.weight
    theta_R: forecaster.mlps.13.0.bias
    theta_R: forecaster.mlps.13.3.weight
    theta_R: forecaster.mlps.13.3.bias
    theta_R: forecaster.mlps.14.0.weight
    theta_R: forecaster.mlps.14.0.bias
    theta_R: forecaster.mlps.14.3.weight
    theta_R: forecaster.mlps.14.3.bias
    theta_R: forecaster.mlps.15.0.weight
    theta_R: forecaster.mlps.15.0.bias
    theta_R: forecaster.mlps.15.3.weight
    theta_R: forecaster.mlps.15.3.bias
    theta_R: forecaster.mlps.16.0.weight
    theta_R: forecaster.mlps.16.0.bias
    theta_R: forecaster.mlps.16.3.weight
    theta_R: forecaster.mlps.16.3.bias
    theta_R: forecaster.mlps.17.0.weight
    theta_R: forecaster.mlps.17.0.bias
    theta_R: forecaster.mlps.17.3.weight
    theta_R: forecaster.mlps.17.3.bias
    theta_R: forecaster.mlps.18.0.weight
    theta_R: forecaster.mlps.18.0.bias
    theta_R: forecaster.mlps.18.3.weight
    theta_R: forecaster.mlps.18.3.bias
    theta_R: forecaster.mlps.19.0.weight
    theta_R: forecaster.mlps.19.0.bias
    theta_R: forecaster.mlps.19.3.weight
    theta_R: forecaster.mlps.19.3.bias
p=0.2: epoch 999 done
Gradient routing parameter classification:
  Structural:        3 tensors, 900 params (1.4%)
  Reconstruction:  174 tensors, 65,420 params (98.6%)

  Structural parameters:
    theta_S: attention.inner_attention.query_norm_log_scale
    theta_S: query_embed_X.embedding.weight
    theta_S: query_embed_S.embedding.weight

  Reconstruction parameters:
    theta_R: embedding_S.embed_modules_list.0.embedding.mlps.0.0.weight
    theta_R: embedding_S.embed_modules_list.0.embedding.mlps.0.0.bias
    theta_R: embedding_S.embed_modules_list.0.embedding.mlps.0.3.weight
    theta_R: embedding_S.embed_modules_list.0.embedding.mlps.0.3.bias
    theta_R: embedding_S.embed_modules_list.0.embedding.mlps.1.0.weight
    theta_R: embedding_S.embed_modules_list.0.embedding.mlps.1.0.bias
    theta_R: embedding_S.embed_modules_list.0.embedding.mlps.1.3.weight
    theta_R: embedding_S.embed_modules_list.0.embedding.mlps.1.3.bias
    theta_R: embedding_S.embed_modules_list.1.embedding.embedding.weight
    theta_R: embedding_X.embed_modules_list.0.embedding.mlps.0.0.weight
    theta_R: embedding_X.embed_modules_list.0.embedding.mlps.0.0.bias
    theta_R: embedding_X.embed_modules_list.0.embedding.mlps.0.3.weight
    theta_R: embedding_X.embed_modules_list.0.embedding.mlps.0.3.bias
    theta_R: embedding_X.embed_modules_list.0.embedding.mlps.1.0.weight
    theta_R: embedding_X.embed_modules_list.0.embedding.mlps.1.0.bias
    theta_R: embedding_X.embed_modules_list.0.embedding.mlps.1.3.weight
    theta_R: embedding_X.embed_modules_list.0.embedding.mlps.1.3.bias
    theta_R: embedding_X.embed_modules_list.0.embedding.mlps.2.0.weight
    theta_R: embedding_X.embed_modules_list.0.embedding.mlps.2.0.bias
    theta_R: embedding_X.embed_modules_list.0.embedding.mlps.2.3.weight
    theta_R: embedding_X.embed_modules_list.0.embedding.mlps.2.3.bias
    theta_R: embedding_X.embed_modules_list.0.embedding.mlps.3.0.weight
    theta_R: embedding_X.embed_modules_list.0.embedding.mlps.3.0.bias
    theta_R: embedding_X.embed_modules_list.0.embedding.mlps.3.3.weight
    theta_R: embedding_X.embed_modules_list.0.embedding.mlps.3.3.bias
    theta_R: embedding_X.embed_modules_list.0.embedding.mlps.4.0.weight
    theta_R: embedding_X.embed_modules_list.0.embedding.mlps.4.0.bias
    theta_R: embedding_X.embed_modules_list.0.embedding.mlps.4.3.weight
    theta_R: embedding_X.embed_modules_list.0.embedding.mlps.4.3.bias
    theta_R: embedding_X.embed_modules_list.0.embedding.mlps.5.0.weight
    theta_R: embedding_X.embed_modules_list.0.embedding.mlps.5.0.bias
    theta_R: embedding_X.embed_modules_list.0.embedding.mlps.5.3.weight
    theta_R: embedding_X.embed_modules_list.0.embedding.mlps.5.3.bias
    theta_R: embedding_X.embed_modules_list.0.embedding.mlps.6.0.weight
    theta_R: embedding_X.embed_modules_list.0.embedding.mlps.6.0.bias
    theta_R: embedding_X.embed_modules_list.0.embedding.mlps.6.3.weight
    theta_R: embedding_X.embed_modules_list.0.embedding.mlps.6.3.bias
    theta_R: embedding_X.embed_modules_list.0.embedding.mlps.7.0.weight
    theta_R: embedding_X.embed_modules_list.0.embedding.mlps.7.0.bias
    theta_R: embedding_X.embed_modules_list.0.embedding.mlps.7.3.weight
    theta_R: embedding_X.embed_modules_list.0.embedding.mlps.7.3.bias
    theta_R: embedding_X.embed_modules_list.0.embedding.mlps.8.0.weight
    theta_R: embedding_X.embed_modules_list.0.embedding.mlps.8.0.bias
    theta_R: embedding_X.embed_modules_list.0.embedding.mlps.8.3.weight
    theta_R: embedding_X.embed_modules_list.0.embedding.mlps.8.3.bias
    theta_R: embedding_X.embed_modules_list.0.embedding.mlps.9.0.weight
    theta_R: embedding_X.embed_modules_list.0.embedding.mlps.9.0.bias
    theta_R: embedding_X.embed_modules_list.0.embedding.mlps.9.3.weight
    theta_R: embedding_X.embed_modules_list.0.embedding.mlps.9.3.bias
    theta_R: embedding_X.embed_modules_list.0.embedding.mlps.10.0.weight
    theta_R: embedding_X.embed_modules_list.0.embedding.mlps.10.0.bias
    theta_R: embedding_X.embed_modules_list.0.embedding.mlps.10.3.weight
    theta_R: embedding_X.embed_modules_list.0.embedding.mlps.10.3.bias
    theta_R: embedding_X.embed_modules_list.0.embedding.mlps.11.0.weight
    theta_R: embedding_X.embed_modules_list.0.embedding.mlps.11.0.bias
    theta_R: embedding_X.embed_modules_list.0.embedding.mlps.11.3.weight
    theta_R: embedding_X.embed_modules_list.0.embedding.mlps.11.3.bias
    theta_R: embedding_X.embed_modules_list.0.embedding.mlps.12.0.weight
    theta_R: embedding_X.embed_modules_list.0.embedding.mlps.12.0.bias
    theta_R: embedding_X.embed_modules_list.0.embedding.mlps.12.3.weight
    theta_R: embedding_X.embed_modules_list.0.embedding.mlps.12.3.bias
    theta_R: embedding_X.embed_modules_list.0.embedding.mlps.13.0.weight
    theta_R: embedding_X.embed_modules_list.0.embedding.mlps.13.0.bias
    theta_R: embedding_X.embed_modules_list.0.embedding.mlps.13.3.weight
    theta_R: embedding_X.embed_modules_list.0.embedding.mlps.13.3.bias
    theta_R: embedding_X.embed_modules_list.0.embedding.mlps.14.0.weight
    theta_R: embedding_X.embed_modules_list.0.embedding.mlps.14.0.bias
    theta_R: embedding_X.embed_modules_list.0.embedding.mlps.14.3.weight
    theta_R: embedding_X.embed_modules_list.0.embedding.mlps.14.3.bias
    theta_R: embedding_X.embed_modules_list.0.embedding.mlps.15.0.weight
    theta_R: embedding_X.embed_modules_list.0.embedding.mlps.15.0.bias
    theta_R: embedding_X.embed_modules_list.0.embedding.mlps.15.3.weight
    theta_R: embedding_X.embed_modules_list.0.embedding.mlps.15.3.bias
    theta_R: embedding_X.embed_modules_list.0.embedding.mlps.16.0.weight
    theta_R: embedding_X.embed_modules_list.0.embedding.mlps.16.0.bias
    theta_R: embedding_X.embed_modules_list.0.embedding.mlps.16.3.weight
    theta_R: embedding_X.embed_modules_list.0.embedding.mlps.16.3.bias
    theta_R: embedding_X.embed_modules_list.0.embedding.mlps.17.0.weight
    theta_R: embedding_X.embed_modules_list.0.embedding.mlps.17.0.bias
    theta_R: embedding_X.embed_modules_list.0.embedding.mlps.17.3.weight
    theta_R: embedding_X.embed_modules_list.0.embedding.mlps.17.3.bias
    theta_R: embedding_X.embed_modules_list.1.embedding.embedding.weight
    theta_R: attention.value_projection.weight
    theta_R: attention.value_projection.bias
    theta_R: attention.out_projection.weight
    theta_R: attention.out_projection.bias
    theta_R: norm1.norm.weight
    theta_R: norm1.norm.bias
    theta_R: norm2.norm.weight
    theta_R: norm2.norm.bias
    theta_R: linear1.weight
    theta_R: linear1.bias
    theta_R: linear2.weight
    theta_R: linear2.bias
    theta_R: forecaster.mlps.0.0.weight
    theta_R: forecaster.mlps.0.0.bias
    theta_R: forecaster.mlps.0.3.weight
    theta_R: forecaster.mlps.0.3.bias
    theta_R: forecaster.mlps.1.0.weight
    theta_R: forecaster.mlps.1.0.bias
    theta_R: forecaster.mlps.1.3.weight
    theta_R: forecaster.mlps.1.3.bias
    theta_R: forecaster.mlps.2.0.weight
    theta_R: forecaster.mlps.2.0.bias
    theta_R: forecaster.mlps.2.3.weight
    theta_R: forecaster.mlps.2.3.bias
    theta_R: forecaster.mlps.3.0.weight
    theta_R: forecaster.mlps.3.0.bias
    theta_R: forecaster.mlps.3.3.weight
    theta_R: forecaster.mlps.3.3.bias
    theta_R: forecaster.mlps.4.0.weight
    theta_R: forecaster.mlps.4.0.bias
    theta_R: forecaster.mlps.4.3.weight
    theta_R: forecaster.mlps.4.3.bias
    theta_R: forecaster.mlps.5.0.weight
    theta_R: forecaster.mlps.5.0.bias
    theta_R: forecaster.mlps.5.3.weight
    theta_R: forecaster.mlps.5.3.bias
    theta_R: forecaster.mlps.6.0.weight
    theta_R: forecaster.mlps.6.0.bias
    theta_R: forecaster.mlps.6.3.weight
    theta_R: forecaster.mlps.6.3.bias
    theta_R: forecaster.mlps.7.0.weight
    theta_R: forecaster.mlps.7.0.bias
    theta_R: forecaster.mlps.7.3.weight
    theta_R: forecaster.mlps.7.3.bias
    theta_R: forecaster.mlps.8.0.weight
    theta_R: forecaster.mlps.8.0.bias
    theta_R: forecaster.mlps.8.3.weight
    theta_R: forecaster.mlps.8.3.bias
    theta_R: forecaster.mlps.9.0.weight
    theta_R: forecaster.mlps.9.0.bias
    theta_R: forecaster.mlps.9.3.weight
    theta_R: forecaster.mlps.9.3.bias
    theta_R: forecaster.mlps.10.0.weight
    theta_R: forecaster.mlps.10.0.bias
    theta_R: forecaster.mlps.10.3.weight
    theta_R: forecaster.mlps.10.3.bias
    theta_R: forecaster.mlps.11.0.weight
    theta_R: forecaster.mlps.11.0.bias
    theta_R: forecaster.mlps.11.3.weight
    theta_R: forecaster.mlps.11.3.bias
    theta_R: forecaster.mlps.12.0.weight
    theta_R: forecaster.mlps.12.0.bias
    theta_R: forecaster.mlps.12.3.weight
    theta_R: forecaster.mlps.12.3.bias
    theta_R: forecaster.mlps.13.0.weight
    theta_R: forecaster.mlps.13.0.bias
    theta_R: forecaster.mlps.13.3.weight
    theta_R: forecaster.mlps.13.3.bias
    theta_R: forecaster.mlps.14.0.weight
    theta_R: forecaster.mlps.14.0.bias
    theta_R: forecaster.mlps.14.3.weight
    theta_R: forecaster.mlps.14.3.bias
    theta_R: forecaster.mlps.15.0.weight
    theta_R: forecaster.mlps.15.0.bias
    theta_R: forecaster.mlps.15.3.weight
    theta_R: forecaster.mlps.15.3.bias
    theta_R: forecaster.mlps.16.0.weight
    theta_R: forecaster.mlps.16.0.bias
    theta_R: forecaster.mlps.16.3.weight
    theta_R: forecaster.mlps.16.3.bias
    theta_R: forecaster.mlps.17.0.weight
    theta_R: forecaster.mlps.17.0.bias
    theta_R: forecaster.mlps.17.3.weight
    theta_R: forecaster.mlps.17.3.bias
    theta_R: forecaster.mlps.18.0.weight
    theta_R: forecaster.mlps.18.0.bias
    theta_R: forecaster.mlps.18.3.weight
    theta_R: forecaster.mlps.18.3.bias
    theta_R: forecaster.mlps.19.0.weight
    theta_R: forecaster.mlps.19.0.bias
    theta_R: forecaster.mlps.19.3.weight
    theta_R: forecaster.mlps.19.3.bias
Gradient routing parameter classification:
  Structural:        3 tensors, 900 params (1.4%)
  Reconstruction:  174 tensors, 65,420 params (98.6%)

  Structural parameters:
    theta_S: attention.inner_attention.query_norm_log_scale
    theta_S: query_embed_X.embedding.weight
    theta_S: query_embed_S.embedding.weight

  Reconstruction parameters:
    theta_R: embedding_S.embed_modules_list.0.embedding.mlps.0.0.weight
    theta_R: embedding_S.embed_modules_list.0.embedding.mlps.0.0.bias
    theta_R: embedding_S.embed_modules_list.0.embedding.mlps.0.3.weight
    theta_R: embedding_S.embed_modules_list.0.embedding.mlps.0.3.bias
    theta_R: embedding_S.embed_modules_list.0.embedding.mlps.1.0.weight
    theta_R: embedding_S.embed_modules_list.0.embedding.mlps.1.0.bias
    theta_R: embedding_S.embed_modules_list.0.embedding.mlps.1.3.weight
    theta_R: embedding_S.embed_modules_list.0.embedding.mlps.1.3.bias
    theta_R: embedding_S.embed_modules_list.1.embedding.embedding.weight
    theta_R: embedding_X.embed_modules_list.0.embedding.mlps.0.0.weight
    theta_R: embedding_X.embed_modules_list.0.embedding.mlps.0.0.bias
    theta_R: embedding_X.embed_modules_list.0.embedding.mlps.0.3.weight
    theta_R: embedding_X.embed_modules_list.0.embedding.mlps.0.3.bias
    theta_R: embedding_X.embed_modules_list.0.embedding.mlps.1.0.weight
    theta_R: embedding_X.embed_modules_list.0.embedding.mlps.1.0.bias
    theta_R: embedding_X.embed_modules_list.0.embedding.mlps.1.3.weight
    theta_R: embedding_X.embed_modules_list.0.embedding.mlps.1.3.bias
    theta_R: embedding_X.embed_modules_list.0.embedding.mlps.2.0.weight
    theta_R: embedding_X.embed_modules_list.0.embedding.mlps.2.0.bias
    theta_R: embedding_X.embed_modules_list.0.embedding.mlps.2.3.weight
    theta_R: embedding_X.embed_modules_list.0.embedding.mlps.2.3.bias
    theta_R: embedding_X.embed_modules_list.0.embedding.mlps.3.0.weight
    theta_R: embedding_X.embed_modules_list.0.embedding.mlps.3.0.bias
    theta_R: embedding_X.embed_modules_list.0.embedding.mlps.3.3.weight
    theta_R: embedding_X.embed_modules_list.0.embedding.mlps.3.3.bias
    theta_R: embedding_X.embed_modules_list.0.embedding.mlps.4.0.weight
    theta_R: embedding_X.embed_modules_list.0.embedding.mlps.4.0.bias
    theta_R: embedding_X.embed_modules_list.0.embedding.mlps.4.3.weight
    theta_R: embedding_X.embed_modules_list.0.embedding.mlps.4.3.bias
    theta_R: embedding_X.embed_modules_list.0.embedding.mlps.5.0.weight
    theta_R: embedding_X.embed_modules_list.0.embedding.mlps.5.0.bias
    theta_R: embedding_X.embed_modules_list.0.embedding.mlps.5.3.weight
    theta_R: embedding_X.embed_modules_list.0.embedding.mlps.5.3.bias
    theta_R: embedding_X.embed_modules_list.0.embedding.mlps.6.0.weight
    theta_R: embedding_X.embed_modules_list.0.embedding.mlps.6.0.bias
    theta_R: embedding_X.embed_modules_list.0.embedding.mlps.6.3.weight
    theta_R: embedding_X.embed_modules_list.0.embedding.mlps.6.3.bias
    theta_R: embedding_X.embed_modules_list.0.embedding.mlps.7.0.weight
    theta_R: embedding_X.embed_modules_list.0.embedding.mlps.7.0.bias
    theta_R: embedding_X.embed_modules_list.0.embedding.mlps.7.3.weight
    theta_R: embedding_X.embed_modules_list.0.embedding.mlps.7.3.bias
    theta_R: embedding_X.embed_modules_list.0.embedding.mlps.8.0.weight
    theta_R: embedding_X.embed_modules_list.0.embedding.mlps.8.0.bias
    theta_R: embedding_X.embed_modules_list.0.embedding.mlps.8.3.weight
    theta_R: embedding_X.embed_modules_list.0.embedding.mlps.8.3.bias
    theta_R: embedding_X.embed_modules_list.0.embedding.mlps.9.0.weight
    theta_R: embedding_X.embed_modules_list.0.embedding.mlps.9.0.bias
    theta_R: embedding_X.embed_modules_list.0.embedding.mlps.9.3.weight
    theta_R: embedding_X.embed_modules_list.0.embedding.mlps.9.3.bias
    theta_R: embedding_X.embed_modules_list.0.embedding.mlps.10.0.weight
    theta_R: embedding_X.embed_modules_list.0.embedding.mlps.10.0.bias
    theta_R: embedding_X.embed_modules_list.0.embedding.mlps.10.3.weight
    theta_R: embedding_X.embed_modules_list.0.embedding.mlps.10.3.bias
    theta_R: embedding_X.embed_modules_list.0.embedding.mlps.11.0.weight
    theta_R: embedding_X.embed_modules_list.0.embedding.mlps.11.0.bias
    theta_R: embedding_X.embed_modules_list.0.embedding.mlps.11.3.weight
    theta_R: embedding_X.embed_modules_list.0.embedding.mlps.11.3.bias
    theta_R: embedding_X.embed_modules_list.0.embedding.mlps.12.0.weight
    theta_R: embedding_X.embed_modules_list.0.embedding.mlps.12.0.bias
    theta_R: embedding_X.embed_modules_list.0.embedding.mlps.12.3.weight
    theta_R: embedding_X.embed_modules_list.0.embedding.mlps.12.3.bias
    theta_R: embedding_X.embed_modules_list.0.embedding.mlps.13.0.weight
    theta_R: embedding_X.embed_modules_list.0.embedding.mlps.13.0.bias
    theta_R: embedding_X.embed_modules_list.0.embedding.mlps.13.3.weight
    theta_R: embedding_X.embed_modules_list.0.embedding.mlps.13.3.bias
    theta_R: embedding_X.embed_modules_list.0.embedding.mlps.14.0.weight
    theta_R: embedding_X.embed_modules_list.0.embedding.mlps.14.0.bias
    theta_R: embedding_X.embed_modules_list.0.embedding.mlps.14.3.weight
    theta_R: embedding_X.embed_modules_list.0.embedding.mlps.14.3.bias
    theta_R: embedding_X.embed_modules_list.0.embedding.mlps.15.0.weight
    theta_R: embedding_X.embed_modules_list.0.embedding.mlps.15.0.bias
    theta_R: embedding_X.embed_modules_list.0.embedding.mlps.15.3.weight
    theta_R: embedding_X.embed_modules_list.0.embedding.mlps.15.3.bias
    theta_R: embedding_X.embed_modules_list.0.embedding.mlps.16.0.weight
    theta_R: embedding_X.embed_modules_list.0.embedding.mlps.16.0.bias
    theta_R: embedding_X.embed_modules_list.0.embedding.mlps.16.3.weight
    theta_R: embedding_X.embed_modules_list.0.embedding.mlps.16.3.bias
    theta_R: embedding_X.embed_modules_list.0.embedding.mlps.17.0.weight
    theta_R: embedding_X.embed_modules_list.0.embedding.mlps.17.0.bias
    theta_R: embedding_X.embed_modules_list.0.embedding.mlps.17.3.weight
    theta_R: embedding_X.embed_modules_list.0.embedding.mlps.17.3.bias
    theta_R: embedding_X.embed_modules_list.1.embedding.embedding.weight
    theta_R: attention.value_projection.weight
    theta_R: attention.value_projection.bias
    theta_R: attention.out_projection.weight
    theta_R: attention.out_projection.bias
    theta_R: norm1.norm.weight
    theta_R: norm1.norm.bias
    theta_R: norm2.norm.weight
    theta_R: norm2.norm.bias
    theta_R: linear1.weight
    theta_R: linear1.bias
    theta_R: linear2.weight
    theta_R: linear2.bias
    theta_R: forecaster.mlps.0.0.weight
    theta_R: forecaster.mlps.0.0.bias
    theta_R: forecaster.mlps.0.3.weight
    theta_R: forecaster.mlps.0.3.bias
    theta_R: forecaster.mlps.1.0.weight
    theta_R: forecaster.mlps.1.0.bias
    theta_R: forecaster.mlps.1.3.weight
    theta_R: forecaster.mlps.1.3.bias
    theta_R: forecaster.mlps.2.0.weight
    theta_R: forecaster.mlps.2.0.bias
    theta_R: forecaster.mlps.2.3.weight
    theta_R: forecaster.mlps.2.3.bias
    theta_R: forecaster.mlps.3.0.weight
    theta_R: forecaster.mlps.3.0.bias
    theta_R: forecaster.mlps.3.3.weight
    theta_R: forecaster.mlps.3.3.bias
    theta_R: forecaster.mlps.4.0.weight
    theta_R: forecaster.mlps.4.0.bias
    theta_R: forecaster.mlps.4.3.weight
    theta_R: forecaster.mlps.4.3.bias
    theta_R: forecaster.mlps.5.0.weight
    theta_R: forecaster.mlps.5.0.bias
    theta_R: forecaster.mlps.5.3.weight
    theta_R: forecaster.mlps.5.3.bias
    theta_R: forecaster.mlps.6.0.weight
    theta_R: forecaster.mlps.6.0.bias
    theta_R: forecaster.mlps.6.3.weight
    theta_R: forecaster.mlps.6.3.bias
    theta_R: forecaster.mlps.7.0.weight
    theta_R: forecaster.mlps.7.0.bias
    theta_R: forecaster.mlps.7.3.weight
    theta_R: forecaster.mlps.7.3.bias
    theta_R: forecaster.mlps.8.0.weight
    theta_R: forecaster.mlps.8.0.bias
    theta_R: forecaster.mlps.8.3.weight
    theta_R: forecaster.mlps.8.3.bias
    theta_R: forecaster.mlps.9.0.weight
    theta_R: forecaster.mlps.9.0.bias
    theta_R: forecaster.mlps.9.3.weight
    theta_R: forecaster.mlps.9.3.bias
    theta_R: forecaster.mlps.10.0.weight
    theta_R: forecaster.mlps.10.0.bias
    theta_R: forecaster.mlps.10.3.weight
    theta_R: forecaster.mlps.10.3.bias
    theta_R: forecaster.mlps.11.0.weight
    theta_R: forecaster.mlps.11.0.bias
    theta_R: forecaster.mlps.11.3.weight
    theta_R: forecaster.mlps.11.3.bias
    theta_R: forecaster.mlps.12.0.weight
    theta_R: forecaster.mlps.12.0.bias
    theta_R: forecaster.mlps.12.3.weight
    theta_R: forecaster.mlps.12.3.bias
    theta_R: forecaster.mlps.13.0.weight
    theta_R: forecaster.mlps.13.0.bias
    theta_R: forecaster.mlps.13.3.weight
    theta_R: forecaster.mlps.13.3.bias
    theta_R: forecaster.mlps.14.0.weight
    theta_R: forecaster.mlps.14.0.bias
    theta_R: forecaster.mlps.14.3.weight
    theta_R: forecaster.mlps.14.3.bias
    theta_R: forecaster.mlps.15.0.weight
    theta_R: forecaster.mlps.15.0.bias
    theta_R: forecaster.mlps.15.3.weight
    theta_R: forecaster.mlps.15.3.bias
    theta_R: forecaster.mlps.16.0.weight
    theta_R: forecaster.mlps.16.0.bias
    theta_R: forecaster.mlps.16.3.weight
    theta_R: forecaster.mlps.16.3.bias
    theta_R: forecaster.mlps.17.0.weight
    theta_R: forecaster.mlps.17.0.bias
    theta_R: forecaster.mlps.17.3.weight
    theta_R: forecaster.mlps.17.3.bias
    theta_R: forecaster.mlps.18.0.weight
    theta_R: forecaster.mlps.18.0.bias
    theta_R: forecaster.mlps.18.3.weight
    theta_R: forecaster.mlps.18.3.bias
    theta_R: forecaster.mlps.19.0.weight
    theta_R: forecaster.mlps.19.0.bias
    theta_R: forecaster.mlps.19.3.weight
    theta_R: forecaster.mlps.19.3.bias
p=0.3: epoch 499 done
Gradient routing parameter classification:
  Structural:        3 tensors, 900 params (1.4%)
  Reconstruction:  174 tensors, 65,420 params (98.6%)

  Structural parameters:
    theta_S: attention.inner_attention.query_norm_log_scale
    theta_S: query_embed_X.embedding.weight
    theta_S: query_embed_S.embedding.weight

  Reconstruction parameters:
    theta_R: embedding_S.embed_modules_list.0.embedding.mlps.0.0.weight
    theta_R: embedding_S.embed_modules_list.0.embedding.mlps.0.0.bias
    theta_R: embedding_S.embed_modules_list.0.embedding.mlps.0.3.weight
    theta_R: embedding_S.embed_modules_list.0.embedding.mlps.0.3.bias
    theta_R: embedding_S.embed_modules_list.0.embedding.mlps.1.0.weight
    theta_R: embedding_S.embed_modules_list.0.embedding.mlps.1.0.bias
    theta_R: embedding_S.embed_modules_list.0.embedding.mlps.1.3.weight
    theta_R: embedding_S.embed_modules_list.0.embedding.mlps.1.3.bias
    theta_R: embedding_S.embed_modules_list.1.embedding.embedding.weight
    theta_R: embedding_X.embed_modules_list.0.embedding.mlps.0.0.weight
    theta_R: embedding_X.embed_modules_list.0.embedding.mlps.0.0.bias
    theta_R: embedding_X.embed_modules_list.0.embedding.mlps.0.3.weight
    theta_R: embedding_X.embed_modules_list.0.embedding.mlps.0.3.bias
    theta_R: embedding_X.embed_modules_list.0.embedding.mlps.1.0.weight
    theta_R: embedding_X.embed_modules_list.0.embedding.mlps.1.0.bias
    theta_R: embedding_X.embed_modules_list.0.embedding.mlps.1.3.weight
    theta_R: embedding_X.embed_modules_list.0.embedding.mlps.1.3.bias
    theta_R: embedding_X.embed_modules_list.0.embedding.mlps.2.0.weight
    theta_R: embedding_X.embed_modules_list.0.embedding.mlps.2.0.bias
    theta_R: embedding_X.embed_modules_list.0.embedding.mlps.2.3.weight
    theta_R: embedding_X.embed_modules_list.0.embedding.mlps.2.3.bias
    theta_R: embedding_X.embed_modules_list.0.embedding.mlps.3.0.weight
    theta_R: embedding_X.embed_modules_list.0.embedding.mlps.3.0.bias
    theta_R: embedding_X.embed_modules_list.0.embedding.mlps.3.3.weight
    theta_R: embedding_X.embed_modules_list.0.embedding.mlps.3.3.bias
    theta_R: embedding_X.embed_modules_list.0.embedding.mlps.4.0.weight
    theta_R: embedding_X.embed_modules_list.0.embedding.mlps.4.0.bias
    theta_R: embedding_X.embed_modules_list.0.embedding.mlps.4.3.weight
    theta_R: embedding_X.embed_modules_list.0.embedding.mlps.4.3.bias
    theta_R: embedding_X.embed_modules_list.0.embedding.mlps.5.0.weight
    theta_R: embedding_X.embed_modules_list.0.embedding.mlps.5.0.bias
    theta_R: embedding_X.embed_modules_list.0.embedding.mlps.5.3.weight
    theta_R: embedding_X.embed_modules_list.0.embedding.mlps.5.3.bias
    theta_R: embedding_X.embed_modules_list.0.embedding.mlps.6.0.weight
    theta_R: embedding_X.embed_modules_list.0.embedding.mlps.6.0.bias
    theta_R: embedding_X.embed_modules_list.0.embedding.mlps.6.3.weight
    theta_R: embedding_X.embed_modules_list.0.embedding.mlps.6.3.bias
    theta_R: embedding_X.embed_modules_list.0.embedding.mlps.7.0.weight
    theta_R: embedding_X.embed_modules_list.0.embedding.mlps.7.0.bias
    theta_R: embedding_X.embed_modules_list.0.embedding.mlps.7.3.weight
    theta_R: embedding_X.embed_modules_list.0.embedding.mlps.7.3.bias
    theta_R: embedding_X.embed_modules_list.0.embedding.mlps.8.0.weight
    theta_R: embedding_X.embed_modules_list.0.embedding.mlps.8.0.bias
    theta_R: embedding_X.embed_modules_list.0.embedding.mlps.8.3.weight
    theta_R: embedding_X.embed_modules_list.0.embedding.mlps.8.3.bias
    theta_R: embedding_X.embed_modules_list.0.embedding.mlps.9.0.weight
    theta_R: embedding_X.embed_modules_list.0.embedding.mlps.9.0.bias
    theta_R: embedding_X.embed_modules_list.0.embedding.mlps.9.3.weight
    theta_R: embedding_X.embed_modules_list.0.embedding.mlps.9.3.bias
    theta_R: embedding_X.embed_modules_list.0.embedding.mlps.10.0.weight
    theta_R: embedding_X.embed_modules_list.0.embedding.mlps.10.0.bias
    theta_R: embedding_X.embed_modules_list.0.embedding.mlps.10.3.weight
    theta_R: embedding_X.embed_modules_list.0.embedding.mlps.10.3.bias
    theta_R: embedding_X.embed_modules_list.0.embedding.mlps.11.0.weight
    theta_R: embedding_X.embed_modules_list.0.embedding.mlps.11.0.bias
    theta_R: embedding_X.embed_modules_list.0.embedding.mlps.11.3.weight
    theta_R: embedding_X.embed_modules_list.0.embedding.mlps.11.3.bias
    theta_R: embedding_X.embed_modules_list.0.embedding.mlps.12.0.weight
    theta_R: embedding_X.embed_modules_list.0.embedding.mlps.12.0.bias
    theta_R: embedding_X.embed_modules_list.0.embedding.mlps.12.3.weight
    theta_R: embedding_X.embed_modules_list.0.embedding.mlps.12.3.bias
    theta_R: embedding_X.embed_modules_list.0.embedding.mlps.13.0.weight
    theta_R: embedding_X.embed_modules_list.0.embedding.mlps.13.0.bias
    theta_R: embedding_X.embed_modules_list.0.embedding.mlps.13.3.weight
    theta_R: embedding_X.embed_modules_list.0.embedding.mlps.13.3.bias
    theta_R: embedding_X.embed_modules_list.0.embedding.mlps.14.0.weight
    theta_R: embedding_X.embed_modules_list.0.embedding.mlps.14.0.bias
    theta_R: embedding_X.embed_modules_list.0.embedding.mlps.14.3.weight
    theta_R: embedding_X.embed_modules_list.0.embedding.mlps.14.3.bias
    theta_R: embedding_X.embed_modules_list.0.embedding.mlps.15.0.weight
    theta_R: embedding_X.embed_modules_list.0.embedding.mlps.15.0.bias
    theta_R: embedding_X.embed_modules_list.0.embedding.mlps.15.3.weight
    theta_R: embedding_X.embed_modules_list.0.embedding.mlps.15.3.bias
    theta_R: embedding_X.embed_modules_list.0.embedding.mlps.16.0.weight
    theta_R: embedding_X.embed_modules_list.0.embedding.mlps.16.0.bias
    theta_R: embedding_X.embed_modules_list.0.embedding.mlps.16.3.weight
    theta_R: embedding_X.embed_modules_list.0.embedding.mlps.16.3.bias
    theta_R: embedding_X.embed_modules_list.0.embedding.mlps.17.0.weight
    theta_R: embedding_X.embed_modules_list.0.embedding.mlps.17.0.bias
    theta_R: embedding_X.embed_modules_list.0.embedding.mlps.17.3.weight
    theta_R: embedding_X.embed_modules_list.0.embedding.mlps.17.3.bias
    theta_R: embedding_X.embed_modules_list.1.embedding.embedding.weight
    theta_R: attention.value_projection.weight
    theta_R: attention.value_projection.bias
    theta_R: attention.out_projection.weight
    theta_R: attention.out_projection.bias
    theta_R: norm1.norm.weight
    theta_R: norm1.norm.bias
    theta_R: norm2.norm.weight
    theta_R: norm2.norm.bias
    theta_R: linear1.weight
    theta_R: linear1.bias
    theta_R: linear2.weight
    theta_R: linear2.bias
    theta_R: forecaster.mlps.0.0.weight
    theta_R: forecaster.mlps.0.0.bias
    theta_R: forecaster.mlps.0.3.weight
    theta_R: forecaster.mlps.0.3.bias
    theta_R: forecaster.mlps.1.0.weight
    theta_R: forecaster.mlps.1.0.bias
    theta_R: forecaster.mlps.1.3.weight
    theta_R: forecaster.mlps.1.3.bias
    theta_R: forecaster.mlps.2.0.weight
    theta_R: forecaster.mlps.2.0.bias
    theta_R: forecaster.mlps.2.3.weight
    theta_R: forecaster.mlps.2.3.bias
    theta_R: forecaster.mlps.3.0.weight
    theta_R: forecaster.mlps.3.0.bias
    theta_R: forecaster.mlps.3.3.weight
    theta_R: forecaster.mlps.3.3.bias
    theta_R: forecaster.mlps.4.0.weight
    theta_R: forecaster.mlps.4.0.bias
    theta_R: forecaster.mlps.4.3.weight
    theta_R: forecaster.mlps.4.3.bias
    theta_R: forecaster.mlps.5.0.weight
    theta_R: forecaster.mlps.5.0.bias
    theta_R: forecaster.mlps.5.3.weight
    theta_R: forecaster.mlps.5.3.bias
    theta_R: forecaster.mlps.6.0.weight
    theta_R: forecaster.mlps.6.0.bias
    theta_R: forecaster.mlps.6.3.weight
    theta_R: forecaster.mlps.6.3.bias
    theta_R: forecaster.mlps.7.0.weight
    theta_R: forecaster.mlps.7.0.bias
    theta_R: forecaster.mlps.7.3.weight
    theta_R: forecaster.mlps.7.3.bias
    theta_R: forecaster.mlps.8.0.weight
    theta_R: forecaster.mlps.8.0.bias
    theta_R: forecaster.mlps.8.3.weight
    theta_R: forecaster.mlps.8.3.bias
    theta_R: forecaster.mlps.9.0.weight
    theta_R: forecaster.mlps.9.0.bias
    theta_R: forecaster.mlps.9.3.weight
    theta_R: forecaster.mlps.9.3.bias
    theta_R: forecaster.mlps.10.0.weight
    theta_R: forecaster.mlps.10.0.bias
    theta_R: forecaster.mlps.10.3.weight
    theta_R: forecaster.mlps.10.3.bias
    theta_R: forecaster.mlps.11.0.weight
    theta_R: forecaster.mlps.11.0.bias
    theta_R: forecaster.mlps.11.3.weight
    theta_R: forecaster.mlps.11.3.bias
    theta_R: forecaster.mlps.12.0.weight
    theta_R: forecaster.mlps.12.0.bias
    theta_R: forecaster.mlps.12.3.weight
    theta_R: forecaster.mlps.12.3.bias
    theta_R: forecaster.mlps.13.0.weight
    theta_R: forecaster.mlps.13.0.bias
    theta_R: forecaster.mlps.13.3.weight
    theta_R: forecaster.mlps.13.3.bias
    theta_R: forecaster.mlps.14.0.weight
    theta_R: forecaster.mlps.14.0.bias
    theta_R: forecaster.mlps.14.3.weight
    theta_R: forecaster.mlps.14.3.bias
    theta_R: forecaster.mlps.15.0.weight
    theta_R: forecaster.mlps.15.0.bias
    theta_R: forecaster.mlps.15.3.weight
    theta_R: forecaster.mlps.15.3.bias
    theta_R: forecaster.mlps.16.0.weight
    theta_R: forecaster.mlps.16.0.bias
    theta_R: forecaster.mlps.16.3.weight
    theta_R: forecaster.mlps.16.3.bias
    theta_R: forecaster.mlps.17.0.weight
    theta_R: forecaster.mlps.17.0.bias
    theta_R: forecaster.mlps.17.3.weight
    theta_R: forecaster.mlps.17.3.bias
    theta_R: forecaster.mlps.18.0.weight
    theta_R: forecaster.mlps.18.0.bias
    theta_R: forecaster.mlps.18.3.weight
    theta_R: forecaster.mlps.18.3.bias
    theta_R: forecaster.mlps.19.0.weight
    theta_R: forecaster.mlps.19.0.bias
    theta_R: forecaster.mlps.19.3.weight
    theta_R: forecaster.mlps.19.3.bias
Gradient routing parameter classification:
  Structural:        3 tensors, 900 params (1.4%)
  Reconstruction:  174 tensors, 65,420 params (98.6%)

  Structural parameters:
    theta_S: attention.inner_attention.query_norm_log_scale
    theta_S: query_embed_X.embedding.weight
    theta_S: query_embed_S.embedding.weight

  Reconstruction parameters:
    theta_R: embedding_S.embed_modules_list.0.embedding.mlps.0.0.weight
    theta_R: embedding_S.embed_modules_list.0.embedding.mlps.0.0.bias
    theta_R: embedding_S.embed_modules_list.0.embedding.mlps.0.3.weight
    theta_R: embedding_S.embed_modules_list.0.embedding.mlps.0.3.bias
    theta_R: embedding_S.embed_modules_list.0.embedding.mlps.1.0.weight
    theta_R: embedding_S.embed_modules_list.0.embedding.mlps.1.0.bias
    theta_R: embedding_S.embed_modules_list.0.embedding.mlps.1.3.weight
    theta_R: embedding_S.embed_modules_list.0.embedding.mlps.1.3.bias
    theta_R: embedding_S.embed_modules_list.1.embedding.embedding.weight
    theta_R: embedding_X.embed_modules_list.0.embedding.mlps.0.0.weight
    theta_R: embedding_X.embed_modules_list.0.embedding.mlps.0.0.bias
    theta_R: embedding_X.embed_modules_list.0.embedding.mlps.0.3.weight
    theta_R: embedding_X.embed_modules_list.0.embedding.mlps.0.3.bias
    theta_R: embedding_X.embed_modules_list.0.embedding.mlps.1.0.weight
    theta_R: embedding_X.embed_modules_list.0.embedding.mlps.1.0.bias
    theta_R: embedding_X.embed_modules_list.0.embedding.mlps.1.3.weight
    theta_R: embedding_X.embed_modules_list.0.embedding.mlps.1.3.bias
    theta_R: embedding_X.embed_modules_list.0.embedding.mlps.2.0.weight
    theta_R: embedding_X.embed_modules_list.0.embedding.mlps.2.0.bias
    theta_R: embedding_X.embed_modules_list.0.embedding.mlps.2.3.weight
    theta_R: embedding_X.embed_modules_list.0.embedding.mlps.2.3.bias
    theta_R: embedding_X.embed_modules_list.0.embedding.mlps.3.0.weight
    theta_R: embedding_X.embed_modules_list.0.embedding.mlps.3.0.bias
    theta_R: embedding_X.embed_modules_list.0.embedding.mlps.3.3.weight
    theta_R: embedding_X.embed_modules_list.0.embedding.mlps.3.3.bias
    theta_R: embedding_X.embed_modules_list.0.embedding.mlps.4.0.weight
    theta_R: embedding_X.embed_modules_list.0.embedding.mlps.4.0.bias
    theta_R: embedding_X.embed_modules_list.0.embedding.mlps.4.3.weight
    theta_R: embedding_X.embed_modules_list.0.embedding.mlps.4.3.bias
    theta_R: embedding_X.embed_modules_list.0.embedding.mlps.5.0.weight
    theta_R: embedding_X.embed_modules_list.0.embedding.mlps.5.0.bias
    theta_R: embedding_X.embed_modules_list.0.embedding.mlps.5.3.weight
    theta_R: embedding_X.embed_modules_list.0.embedding.mlps.5.3.bias
    theta_R: embedding_X.embed_modules_list.0.embedding.mlps.6.0.weight
    theta_R: embedding_X.embed_modules_list.0.embedding.mlps.6.0.bias
    theta_R: embedding_X.embed_modules_list.0.embedding.mlps.6.3.weight
    theta_R: embedding_X.embed_modules_list.0.embedding.mlps.6.3.bias
    theta_R: embedding_X.embed_modules_list.0.embedding.mlps.7.0.weight
    theta_R: embedding_X.embed_modules_list.0.embedding.mlps.7.0.bias
    theta_R: embedding_X.embed_modules_list.0.embedding.mlps.7.3.weight
    theta_R: embedding_X.embed_modules_list.0.embedding.mlps.7.3.bias
    theta_R: embedding_X.embed_modules_list.0.embedding.mlps.8.0.weight
    theta_R: embedding_X.embed_modules_list.0.embedding.mlps.8.0.bias
    theta_R: embedding_X.embed_modules_list.0.embedding.mlps.8.3.weight
    theta_R: embedding_X.embed_modules_list.0.embedding.mlps.8.3.bias
    theta_R: embedding_X.embed_modules_list.0.embedding.mlps.9.0.weight
    theta_R: embedding_X.embed_modules_list.0.embedding.mlps.9.0.bias
    theta_R: embedding_X.embed_modules_list.0.embedding.mlps.9.3.weight
    theta_R: embedding_X.embed_modules_list.0.embedding.mlps.9.3.bias
    theta_R: embedding_X.embed_modules_list.0.embedding.mlps.10.0.weight
    theta_R: embedding_X.embed_modules_list.0.embedding.mlps.10.0.bias
    theta_R: embedding_X.embed_modules_list.0.embedding.mlps.10.3.weight
    theta_R: embedding_X.embed_modules_list.0.embedding.mlps.10.3.bias
    theta_R: embedding_X.embed_modules_list.0.embedding.mlps.11.0.weight
    theta_R: embedding_X.embed_modules_list.0.embedding.mlps.11.0.bias
    theta_R: embedding_X.embed_modules_list.0.embedding.mlps.11.3.weight
    theta_R: embedding_X.embed_modules_list.0.embedding.mlps.11.3.bias
    theta_R: embedding_X.embed_modules_list.0.embedding.mlps.12.0.weight
    theta_R: embedding_X.embed_modules_list.0.embedding.mlps.12.0.bias
    theta_R: embedding_X.embed_modules_list.0.embedding.mlps.12.3.weight
    theta_R: embedding_X.embed_modules_list.0.embedding.mlps.12.3.bias
    theta_R: embedding_X.embed_modules_list.0.embedding.mlps.13.0.weight
    theta_R: embedding_X.embed_modules_list.0.embedding.mlps.13.0.bias
    theta_R: embedding_X.embed_modules_list.0.embedding.mlps.13.3.weight
    theta_R: embedding_X.embed_modules_list.0.embedding.mlps.13.3.bias
    theta_R: embedding_X.embed_modules_list.0.embedding.mlps.14.0.weight
    theta_R: embedding_X.embed_modules_list.0.embedding.mlps.14.0.bias
    theta_R: embedding_X.embed_modules_list.0.embedding.mlps.14.3.weight
    theta_R: embedding_X.embed_modules_list.0.embedding.mlps.14.3.bias
    theta_R: embedding_X.embed_modules_list.0.embedding.mlps.15.0.weight
    theta_R: embedding_X.embed_modules_list.0.embedding.mlps.15.0.bias
    theta_R: embedding_X.embed_modules_list.0.embedding.mlps.15.3.weight
    theta_R: embedding_X.embed_modules_list.0.embedding.mlps.15.3.bias
    theta_R: embedding_X.embed_modules_list.0.embedding.mlps.16.0.weight
    theta_R: embedding_X.embed_modules_list.0.embedding.mlps.16.0.bias
    theta_R: embedding_X.embed_modules_list.0.embedding.mlps.16.3.weight
    theta_R: embedding_X.embed_modules_list.0.embedding.mlps.16.3.bias
    theta_R: embedding_X.embed_modules_list.0.embedding.mlps.17.0.weight
    theta_R: embedding_X.embed_modules_list.0.embedding.mlps.17.0.bias
    theta_R: embedding_X.embed_modules_list.0.embedding.mlps.17.3.weight
    theta_R: embedding_X.embed_modules_list.0.embedding.mlps.17.3.bias
    theta_R: embedding_X.embed_modules_list.1.embedding.embedding.weight
    theta_R: attention.value_projection.weight
    theta_R: attention.value_projection.bias
    theta_R: attention.out_projection.weight
    theta_R: attention.out_projection.bias
    theta_R: norm1.norm.weight
    theta_R: norm1.norm.bias
    theta_R: norm2.norm.weight
    theta_R: norm2.norm.bias
    theta_R: linear1.weight
    theta_R: linear1.bias
    theta_R: linear2.weight
    theta_R: linear2.bias
    theta_R: forecaster.mlps.0.0.weight
    theta_R: forecaster.mlps.0.0.bias
    theta_R: forecaster.mlps.0.3.weight
    theta_R: forecaster.mlps.0.3.bias
    theta_R: forecaster.mlps.1.0.weight
    theta_R: forecaster.mlps.1.0.bias
    theta_R: forecaster.mlps.1.3.weight
    theta_R: forecaster.mlps.1.3.bias
    theta_R: forecaster.mlps.2.0.weight
    theta_R: forecaster.mlps.2.0.bias
    theta_R: forecaster.mlps.2.3.weight
    theta_R: forecaster.mlps.2.3.bias
    theta_R: forecaster.mlps.3.0.weight
    theta_R: forecaster.mlps.3.0.bias
    theta_R: forecaster.mlps.3.3.weight
    theta_R: forecaster.mlps.3.3.bias
    theta_R: forecaster.mlps.4.0.weight
    theta_R: forecaster.mlps.4.0.bias
    theta_R: forecaster.mlps.4.3.weight
    theta_R: forecaster.mlps.4.3.bias
    theta_R: forecaster.mlps.5.0.weight
    theta_R: forecaster.mlps.5.0.bias
    theta_R: forecaster.mlps.5.3.weight
    theta_R: forecaster.mlps.5.3.bias
    theta_R: forecaster.mlps.6.0.weight
    theta_R: forecaster.mlps.6.0.bias
    theta_R: forecaster.mlps.6.3.weight
    theta_R: forecaster.mlps.6.3.bias
    theta_R: forecaster.mlps.7.0.weight
    theta_R: forecaster.mlps.7.0.bias
    theta_R: forecaster.mlps.7.3.weight
    theta_R: forecaster.mlps.7.3.bias
    theta_R: forecaster.mlps.8.0.weight
    theta_R: forecaster.mlps.8.0.bias
    theta_R: forecaster.mlps.8.3.weight
    theta_R: forecaster.mlps.8.3.bias
    theta_R: forecaster.mlps.9.0.weight
    theta_R: forecaster.mlps.9.0.bias
    theta_R: forecaster.mlps.9.3.weight
    theta_R: forecaster.mlps.9.3.bias
    theta_R: forecaster.mlps.10.0.weight
    theta_R: forecaster.mlps.10.0.bias
    theta_R: forecaster.mlps.10.3.weight
    theta_R: forecaster.mlps.10.3.bias
    theta_R: forecaster.mlps.11.0.weight
    theta_R: forecaster.mlps.11.0.bias
    theta_R: forecaster.mlps.11.3.weight
    theta_R: forecaster.mlps.11.3.bias
    theta_R: forecaster.mlps.12.0.weight
    theta_R: forecaster.mlps.12.0.bias
    theta_R: forecaster.mlps.12.3.weight
    theta_R: forecaster.mlps.12.3.bias
    theta_R: forecaster.mlps.13.0.weight
    theta_R: forecaster.mlps.13.0.bias
    theta_R: forecaster.mlps.13.3.weight
    theta_R: forecaster.mlps.13.3.bias
    theta_R: forecaster.mlps.14.0.weight
    theta_R: forecaster.mlps.14.0.bias
    theta_R: forecaster.mlps.14.3.weight
    theta_R: forecaster.mlps.14.3.bias
    theta_R: forecaster.mlps.15.0.weight
    theta_R: forecaster.mlps.15.0.bias
    theta_R: forecaster.mlps.15.3.weight
    theta_R: forecaster.mlps.15.3.bias
    theta_R: forecaster.mlps.16.0.weight
    theta_R: forecaster.mlps.16.0.bias
    theta_R: forecaster.mlps.16.3.weight
    theta_R: forecaster.mlps.16.3.bias
    theta_R: forecaster.mlps.17.0.weight
    theta_R: forecaster.mlps.17.0.bias
    theta_R: forecaster.mlps.17.3.weight
    theta_R: forecaster.mlps.17.3.bias
    theta_R: forecaster.mlps.18.0.weight
    theta_R: forecaster.mlps.18.0.bias
    theta_R: forecaster.mlps.18.3.weight
    theta_R: forecaster.mlps.18.3.bias
    theta_R: forecaster.mlps.19.0.weight
    theta_R: forecaster.mlps.19.0.bias
    theta_R: forecaster.mlps.19.3.weight
    theta_R: forecaster.mlps.19.3.bias
p=0.3: epoch 999 done
   p  epoch  mode      R      F  H_true  H_wrong
0.00    499  eval 1.1723 0.2301  0.0056   0.0050
0.00    499 train 1.0362 0.2191  0.0015   0.0015
0.00    999  eval 1.1353 0.2370  0.0031   0.0031
0.00    999 train 1.0156 0.2136  0.0012   0.0013
0.05    499  eval 1.1432 0.2279  0.0082   0.0077
0.05    499 train 1.1353 0.2287  0.0027   0.0025
0.05    999  eval 1.1507 0.2354  0.0032   0.0034
0.05    999 train 1.1147 0.2232  0.0018   0.0016
0.10    499  eval 1.0841 0.2255  0.0077   0.0073
0.10    499 train 1.1239 0.2266  0.0028   0.0028
0.10    999  eval 1.1758 0.2401  0.0035   0.0032
0.10    999 train 1.1223 0.2242  0.0019   0.0017
0.20    499  eval 1.1295 0.2351  0.0072   0.0064
0.20    499 train 1.2184 0.2332  0.0045   0.0037
0.20    999  eval 1.0853 0.2247  0.0041   0.0039
0.20    999 train 1.1559 0.2309  0.0027   0.0023
0.30    499  eval 1.1584 0.2372  0.0081   0.0065
0.30    499 train 1.2251 0.2347  0.0056   0.0047
0.30    999  eval 1.1472 0.2310  0.0044   0.0041
0.30    999 train 1.1447 0.2267  0.0031   0.0028

ALL CELLS OK
