{
  "val_mae": 0.7929245829582214,
  "val_rmse": 1.013616919517517,
  "val_r2": 0.8990268111228943,
  "val_enc_self_entropy": 1.7753530740737915,
  "val_dec_self_entropy": 0.0,
  "val_dec_cross_entropy": 1.7589279413223267,
  "val_loss": 1.037130355834961,
  "train_mae": 0.8042060732841492,
  "train_rmse": 1.0073953866958618,
  "train_r2": 0.8984048366546631,
  "train_enc_self_entropy": 1.770048975944519,
  "train_dec_self_entropy": 0.0,
  "train_dec_cross_entropy": 1.7578011751174927,
  "train_loss": 1.0301146507263184,
  "test_mae": 0.7846377491950989,
  "test_rmse": 0.9971486330032349,
  "test_r2": 0.9109905362129211,
  "test_enc_self_entropy": 1.7713595628738403,
  "test_dec_self_entropy": 0.0,
  "test_dec_cross_entropy": 1.7576686143875122,
  "test_loss": 1.0066708326339722,
  "best_epoch": 79,
  "best_checkpoint_path": "C:\\Users\\ScipioneFrancesco\\Documents\\Projects\\causaliT\\experiments\\example\\k_3\\checkpoints\\best_checkpoint.ckpt"
}