{
  "val_mae": 0.7977964878082275,
  "val_rmse": 1.017715573310852,
  "val_r2": 0.8944113850593567,
  "val_enc_self_entropy": 1.7164448499679565,
  "val_dec_self_entropy": 0.0,
  "val_dec_cross_entropy": 1.7725929021835327,
  "val_loss": 1.0443716049194336,
  "train_mae": 0.8212500214576721,
  "train_rmse": 1.0303899049758911,
  "train_r2": 0.8965355753898621,
  "train_enc_self_entropy": 1.7123668193817139,
  "train_dec_self_entropy": 0.0,
  "train_dec_cross_entropy": 1.7965805530548096,
  "train_loss": 1.0746355056762695,
  "test_mae": 0.8015955090522766,
  "test_rmse": 1.0248363018035889,
  "test_r2": 0.905745804309845,
  "test_enc_self_entropy": 1.7225728034973145,
  "test_dec_self_entropy": 0.0,
  "test_dec_cross_entropy": 1.787624716758728,
  "test_loss": 1.062746286392212,
  "best_epoch": 60,
  "best_checkpoint_path": "C:\\Users\\ScipioneFrancesco\\Documents\\Projects\\causaliT\\experiments\\example\\k_2\\checkpoints\\best_checkpoint.ckpt"
}