{
  "val_mae": 0.7836592793464661,
  "val_rmse": 1.001753330230713,
  "val_r2": 0.8941581845283508,
  "val_enc_self_entropy": 1.8044142723083496,
  "val_dec_self_entropy": 0.0,
  "val_dec_cross_entropy": 1.8155035972595215,
  "val_loss": 1.0137195587158203,
  "train_mae": 0.8022129535675049,
  "train_rmse": 1.008521556854248,
  "train_r2": 0.9005099534988403,
  "train_enc_self_entropy": 1.7994292974472046,
  "train_dec_self_entropy": 0.0,
  "train_dec_cross_entropy": 1.8236807584762573,
  "train_loss": 1.030541181564331,
  "test_mae": 0.7739088535308838,
  "test_rmse": 0.9860357046127319,
  "test_r2": 0.9131081104278564,
  "test_enc_self_entropy": 1.818123698234558,
  "test_dec_self_entropy": 0.0,
  "test_dec_cross_entropy": 1.8202364444732666,
  "test_loss": 0.9854295253753662,
  "best_epoch": 66,
  "best_checkpoint_path": "C:\\Users\\ScipioneFrancesco\\Documents\\Projects\\causaliT\\experiments\\example\\k_1\\checkpoints\\best_checkpoint.ckpt"
}