{
  "val_mae": 0.00399087043479085,
  "val_rmse": 0.004981025122106075,
  "val_r2": 0.9978207349777222,
  "val_notears": 0.0,
  "val_loss": 2.4985039999592118e-05,
  "train_mae": 0.0044746482744812965,
  "train_rmse": 0.005561780650168657,
  "train_r2": 0.9971182346343994,
  "train_notears": 0.0,
  "train_loss": 3.160050619044341e-05,
  "test_mae": 0.004870392382144928,
  "test_rmse": 0.006000845693051815,
  "test_r2": 0.9967082142829895,
  "test_notears": 0.0,
  "test_loss": 3.6229623219696805e-05,
  "best_epoch": 8,
  "best_checkpoint_path": "C:\\Users\\ScipioneFrancesco\\Documents\\Projects\\causaliT\\experiments\\Lie_attention_scm1\\k_0\\checkpoints\\best_checkpoint.ckpt"
}