{
  "val_mae": 0.7777563333511353,
  "val_rmse": 0.9847081899642944,
  "val_r2": 0.9059367179870605,
  "val_enc_self_entropy": 1.7467796802520752,
  "val_dec_self_entropy": 0.0,
  "val_dec_cross_entropy": 1.8686439990997314,
  "val_loss": 0.9730436205863953,
  "train_mae": 0.8041418194770813,
  "train_rmse": 1.0156158208847046,
  "train_r2": 0.8979948163032532,
  "train_enc_self_entropy": 1.744301438331604,
  "train_dec_self_entropy": 0.0,
  "train_dec_cross_entropy": 1.8508340120315552,
  "train_loss": 1.0430852174758911,
  "test_mae": 0.779764711856842,
  "test_rmse": 0.992404043674469,
  "test_r2": 0.9117963314056396,
  "test_enc_self_entropy": 1.74118173122406,
  "test_dec_self_entropy": 0.0,
  "test_dec_cross_entropy": 1.8350543975830078,
  "test_loss": 0.9978788495063782,
  "best_epoch": 94,
  "best_checkpoint_path": "C:\\Users\\ScipioneFrancesco\\Documents\\Projects\\causaliT\\experiments\\example\\k_4\\checkpoints\\best_checkpoint.ckpt"
}