{
  "input": {
    "max": 3.373103595353979,
    "method": "minmax",
    "min": -3.251444185772245
  },
  "target": {
    "max": 10.62777273612183,
    "method": "minmax",
    "min": -10.103928778420297
  }
}