{
  "input": {
    "max": 8.610346946648933,
    "method": "minmax",
    "min": 0.011140787169699809
  },
  "target": {
    "max": 27.157650418123794,
    "method": "minmax",
    "min": 0.5239355677013425
  }
}