{
  "val_mae": 0.02034185640513897,
  "val_rmse": 0.026161689311265945,
  "val_r2": 0.8444833159446716,
  "val_notears": 0.0,
  "val_loss": 0.0006920151645317674,
  "train_mae": 0.021096231415867805,
  "train_rmse": 0.027132771909236908,
  "train_r2": 0.83426433801651,
  "train_notears": 2.2568701751879416e-06,
  "train_loss": 0.0007476548198610544,
  "test_mae": 0.02023736946284771,
  "test_rmse": 0.026186035946011543,
  "test_r2": 0.8470166921615601,
  "test_notears": 7.354736339948431e-07,
  "test_loss": 0.0006932772812433541,
  "best_epoch": 9,
  "best_checkpoint_path": "C:\\Users\\ScipioneFrancesco\\Documents\\Projects\\causaliT\\experiments\\Lie_attention_scm3\\k_2\\checkpoints\\best_checkpoint.ckpt"
}