{
  "val_mae": 0.020751988515257835,
  "val_rmse": 0.026630593463778496,
  "val_r2": 0.8472480177879333,
  "val_notears": 5.065917775937123e-06,
  "val_loss": 0.0007230634801089764,
  "train_mae": 0.02180097997188568,
  "train_rmse": 0.027933087199926376,
  "train_r2": 0.8225235342979431,
  "train_notears": 4.5299529460862686e-07,
  "train_loss": 0.0007901366916485131,
  "test_mae": 0.020974012091755867,
  "test_rmse": 0.02666596695780754,
  "test_r2": 0.8414642810821533,
  "test_notears": 1.0864257546927547e-06,
  "test_loss": 0.0007186477887444198,
  "best_epoch": 8,
  "best_checkpoint_path": "C:\\Users\\ScipioneFrancesco\\Documents\\Projects\\causaliT\\experiments\\Lie_attention_scm3\\k_0\\checkpoints\\best_checkpoint.ckpt"
}