{
  "val_mae": 0.003124259179458022,
  "val_rmse": 0.0040874057449400425,
  "val_r2": 0.9926464557647705,
  "val_notears": 0.0,
  "val_loss": 1.7089269022108056e-05,
  "train_mae": 0.0036129301879554987,
  "train_rmse": 0.004948075395077467,
  "train_r2": 0.9898228645324707,
  "train_notears": 0.0,
  "train_loss": 2.781937837426085e-05,
  "test_mae": 0.0032597389072179794,
  "test_rmse": 0.004207070451229811,
  "test_r2": 0.9923657178878784,
  "test_notears": 0.0,
  "test_loss": 1.80123661266407e-05,
  "best_epoch": 8,
  "best_checkpoint_path": "C:\\Users\\ScipioneFrancesco\\Documents\\Projects\\causaliT\\experiments\\Lie_attention_scm2\\k_1\\checkpoints\\best_checkpoint.ckpt"
}