{
  "val_mae": 0.021067874506115913,
  "val_rmse": 0.026993967592716217,
  "val_r2": 0.8314371109008789,
  "val_notears": 0.0,
  "val_loss": 0.0007362973410636187,
  "train_mae": 0.02181515470147133,
  "train_rmse": 0.02790018543601036,
  "train_r2": 0.8236520290374756,
  "train_notears": 8.559226785109786e-07,
  "train_loss": 0.0007889011758379638,
  "test_mae": 0.021045269444584846,
  "test_rmse": 0.02670011669397354,
  "test_r2": 0.8413743376731873,
  "test_notears": 3.160095275234198e-06,
  "test_loss": 0.0007219604449346662,
  "best_epoch": 7,
  "best_checkpoint_path": "C:\\Users\\ScipioneFrancesco\\Documents\\Projects\\causaliT\\experiments\\Lie_attention_scm3\\k_4\\checkpoints\\best_checkpoint.ckpt"
}